ら戳,Θユ计,Θユ肂,秨絃基,程蔼基,程基,Μ絃基,害禴基畉,Θユ掸计,Unnamed: 9
2010-01-04,11001332.0,287439640.0,19.963248386891223,20.65695199879092,19.50077931229143,19.654935670491366,0.34685180594984755,2860.0,
2010-01-05,6806182.0,175592080.0,19.886170207791263,20.541334730140967,19.346622954091497,19.963248386891223,0.3083127163998645,2200.0,
2010-01-06,4069231.0,105288596.0,20.04032656599119,20.50279564059099,19.577857491391395,19.577857491391395,-0.38539089549983063,1495.0,
2010-01-07,3148680.0,78076931.0,19.577857491391395,19.809092028691293,18.383145715341925,18.383145715341925,-1.1947117760494752,1139.0,
2010-01-08,1533993.0,36833632.0,18.807075700391735,18.807075700391735,18.151911178042024,18.49876298399187,0.1156172686499492,664.0,
2010-01-11,1345528.0,31746455.0,18.383145715341925,18.49876298399187,17.997754819842086,18.074832998942057,-0.4239299850498137,601.0,
2010-01-12,1496283.0,35320122.0,18.074832998942057,18.49876298399187,17.997754819842086,18.228989357141984,0.15415635819993226,556.0,
2010-01-13,1765057.0,42140643.0,18.228989357141984,18.61438025264182,18.03629390939208,18.267528446691973,0.038539089549983065,601.0,
2010-01-14,1717819.0,41556906.0,18.6529193421918,18.845614789941717,18.49876298399187,18.57584116309184,0.3083127163998645,586.0,
2010-01-15,2767315.0,67140549.0,18.807075700391735,19.192466595891563,18.344606625791936,18.729997521291764,0.15415635819993226,930.0,
2010-01-18,1285101.0,31127374.0,18.228989357141984,19.038310237691636,18.228989357141984,18.49876298399187,-0.2312345372998984,503.0,
2010-01-19,1498098.0,36132564.0,18.807075700391735,18.807075700391735,18.421684804891903,18.57584116309184,0.07707817909996613,512.0,
2010-01-20,1425844.0,34694721.0,18.8841538794917,18.99977114814165,18.421684804891903,18.691458431741783,0.1156172686499492,494.0,
2010-01-21,1505233.0,36537935.0,18.49876298399187,18.961232058591666,18.49876298399187,18.691458431741783,0.0,497.0,
2010-01-22,1918182.0,45136580.0,18.49876298399187,18.49876298399187,17.805059372092177,17.959215730292104,-0.7322427014496781,620.0,
2010-01-25,699194.0,15961639.0,17.650903013892243,17.920676640742126,17.3040512079424,17.458207566142327,-0.5010081641497799,274.0,
2010-01-26,1156103.0,25168123.0,17.458207566142327,17.727981192992203,16.263495790092854,16.263495790092854,-1.1947117760494752,395.0,
2010-01-27,1527106.0,30840782.0,15.916643984143,16.186417610992887,15.145862193143344,15.145862193143344,-1.1176335969495088,503.0,
2010-01-28,1685360.0,33868814.0,15.33855764089326,16.032261252792956,14.721932208093532,15.955183073692984,0.8093208805496444,645.0,
2010-01-29,621247.0,12558887.0,15.878104894593022,15.878104894593022,15.261479461793297,15.531253088643174,-0.4239299850498137,276.0,
2010-02-01,417696.0,8407270.0,15.531253088643174,15.839565805043042,15.415635819993222,15.492713999093194,-0.038539089549983065,181.0,
2010-02-02,1382592.0,28711576.0,15.878104894593022,16.456191237842766,15.569792178193158,15.608331267743141,0.1156172686499492,577.0,
2010-02-03,1116009.0,22750385.0,15.916643984143,16.186417610992887,15.184401282693322,15.762487625943074,0.15415635819993226,468.0,
2010-02-04,486666.0,9999201.0,16.032261252792956,16.032261252792956,15.72394853639309,15.993722163242971,0.2312345372998984,200.0,
2010-02-05,1177975.0,22789466.0,14.914627655843448,15.33855764089326,14.876088566293461,14.876088566293461,-1.1176335969495088,397.0,
2010-02-06,1269181.0,23272997.0,14.644854028993562,14.876088566293461,13.835533148443918,13.874072237993905,-1.0020163282995598,386.0,
2010-02-08,507734.0,9041190.0,13.218907715644189,14.028228596193834,13.218907715644189,13.642837700694006,-0.2312345372998984,324.0,
2010-02-09,610000.0,11467750.0,14.49069767079363,14.567775849893598,14.182384954393768,14.567775849893598,0.9249381491995936,198.0,
2010-02-10,1902535.0,38037806.0,15.068784014043377,15.569792178193158,15.030244924493397,15.569792178193158,1.0020163282995598,626.0,
2010-02-22,1487100.0,31376450.0,16.57180850649272,16.57180850649272,15.955183073692984,16.186417610992887,0.616625432799729,511.0,
2010-02-23,689831.0,14447051.0,16.263495790092854,16.417652148292785,15.878104894593022,16.1478785214429,-0.038539089549983065,299.0,
2010-02-24,764107.0,16266279.0,15.955183073692984,16.72596486469265,15.955183073692984,16.340573969192818,0.19269544774991532,326.0,
2010-02-25,1456300.0,31656069.0,16.494730327392748,17.11135576019248,16.379113058742803,16.88012122289258,0.539547253699763,561.0,
2010-02-26,714845.0,15351739.0,16.72596486469265,16.957199401992547,16.340573969192818,16.494730327392748,-0.38539089549983063,312.0,
2010-03-01,878000.0,18867300.0,16.648886685592686,16.687425775142664,16.340573969192818,16.57180850649272,0.07707817909996613,294.0,
2010-03-02,1008306.0,22054663.0,16.764503954242638,17.188433939292445,16.533269416942737,16.6103475960427,0.038539089549983065,459.0,
2010-03-03,442291.0,9580118.0,16.957199401992547,16.957199401992547,16.533269416942737,16.6103475960427,0.0,196.0,
2010-03-04,468016.0,10044989.0,16.57180850649272,16.72596486469265,16.340573969192818,16.456191237842766,-0.15415635819993226,219.0,
2010-03-05,346628.0,7429806.0,16.57180850649272,16.687425775142664,16.417652148292785,16.456191237842766,0.0,183.0,
2010-03-08,593758.0,12765166.0,16.494730327392748,16.764503954242638,16.456191237842766,16.533269416942737,0.07707817909996613,284.0,
2010-03-09,586001.0,12680322.0,16.57180850649272,16.88012122289258,16.494730327392748,16.648886685592686,0.1156172686499492,232.0,
2010-03-10,533000.0,11474750.0,16.8415821333426,16.8415821333426,16.494730327392748,16.494730327392748,-0.15415635819993226,231.0,
2010-03-11,1831206.0,40001178.0,16.57180850649272,17.034277581092514,16.417652148292785,16.648886685592686,0.15415635819993226,603.0,
2010-03-12,749870.0,16184591.0,16.57180850649272,16.88012122289258,16.494730327392748,16.648886685592686,0.0,268.0,
2010-03-15,429294.0,9264970.0,16.648886685592686,16.80304304379262,16.533269416942737,16.57180850649272,-0.07707817909996613,173.0,
2010-03-16,966016.0,21089668.0,16.57180850649272,16.957199401992547,16.533269416942737,16.88012122289258,0.3083127163998645,325.0,
2010-03-17,3364503.0,76216489.0,17.265512118392415,17.805059372092177,16.957199401992547,17.650903013892243,0.7707817909996613,1058.0,
2010-03-18,3604336.0,85113708.0,17.650903013892243,18.57584116309184,17.38112938704236,18.03629390939208,0.38539089549983063,1121.0,
2010-03-19,1224716.0,28615873.0,18.344606625791936,18.344606625791936,17.766520282542192,17.84359846164216,-0.19269544774991532,385.0,
2010-03-22,775691.0,18100780.0,17.84359846164216,18.190450267592006,17.727981192992203,18.11337208849204,0.2697736268498815,300.0,
2010-03-23,1285485.0,30594493.0,18.228989357141984,18.6529193421918,17.88213755119214,18.267528446691973,0.15415635819993226,429.0,
2010-03-24,2035702.0,49615881.0,18.691458431741783,19.26954477499153,18.306067536241954,18.306067536241954,0.038539089549983065,886.0,
2010-03-25,981905.0,22827245.0,18.6529193421918,18.6529193421918,17.57382483479228,17.88213755119214,-0.4239299850498137,377.0,
2010-03-26,852324.0,19664117.0,17.57382483479228,17.997754819842086,17.57382483479228,17.727981192992203,-0.15415635819993226,330.0,
2010-03-29,833886.0,19470118.0,17.84359846164216,18.267528446691973,17.650903013892243,18.228989357141984,0.5010081641497799,346.0,
2010-03-30,2360203.0,56834574.0,18.228989357141984,18.99977114814165,17.88213755119214,18.99977114814165,0.7707817909996613,835.0,
2010-03-31,3558694.0,88534522.0,19.26954477499153,19.50077931229143,18.6529193421918,18.691458431741783,-0.3083127163998645,1156.0,
2010-04-01,971529.0,23454371.0,18.691458431741783,18.8841538794917,18.344606625791936,18.49876298399187,-0.19269544774991532,390.0,
2010-04-02,1239239.0,29490014.0,18.49876298399187,18.729997521291764,18.11337208849204,18.11337208849204,-0.38539089549983063,429.0,
2010-04-06,1018000.0,23753948.0,18.49876298399187,18.49876298399187,17.766520282542192,17.84359846164216,-0.2697736268498815,404.0,
2010-04-07,936123.0,21740279.0,17.920676640742126,18.03629390939208,17.766520282542192,17.84359846164216,0.0,344.0,
2010-04-08,1855173.0,41949161.0,17.727981192992203,17.727981192992203,17.072816670642496,17.3040512079424,-0.539547253699763,734.0,
2010-04-09,605030.0,13453819.0,17.11135576019248,17.419668476592346,16.80304304379262,17.034277581092514,-0.2697736268498815,288.0,
2010-04-12,679685.0,14890044.0,17.034277581092514,17.11135576019248,16.764503954242638,16.80304304379262,-0.2312345372998984,294.0,
2010-04-13,445123.0,9747287.0,16.80304304379262,17.034277581092514,16.72596486469265,16.91866031244256,0.1156172686499492,202.0,
2010-04-14,1422657.0,33163251.0,17.034277581092514,18.074832998942057,17.034277581092514,18.074832998942057,1.156172686499492,359.0,
2010-04-15,3455603.0,82739246.0,18.845614789941717,18.845614789941717,17.727981192992203,17.727981192992203,-0.34685180594984755,1020.0,
2010-04-16,1045986.0,23617437.0,17.535285745242298,17.727981192992203,17.265512118392415,17.265512118392415,-0.4624690745997968,453.0,
2010-04-19,936010.0,20287508.0,16.80304304379262,17.11135576019248,16.10933943189292,16.1478785214429,-1.1176335969495088,395.0,
2010-04-20,2049987.0,43632015.0,16.186417610992887,16.687425775142664,16.1478785214429,16.57180850649272,0.4239299850498137,493.0,
2010-04-21,635885.0,13844147.0,16.648886685592686,16.88012122289258,16.648886685592686,16.80304304379262,0.2312345372998984,262.0,
2010-04-22,428240.0,9239880.0,16.648886685592686,16.80304304379262,16.417652148292785,16.80304304379262,0.0,172.0,
2010-04-23,989033.0,21934326.0,16.88012122289258,17.3040512079424,16.80304304379262,17.034277581092514,0.2312345372998984,322.0,
2010-04-26,559487.0,12405914.0,17.11135576019248,17.342590297492382,16.8415821333426,16.88012122289258,-0.15415635819993226,234.0,
2010-04-27,413670.0,8960952.0,16.957199401992547,16.957199401992547,16.57180850649272,16.687425775142664,-0.19269544774991532,172.0,
2010-04-28,445606.0,9429357.0,16.032261252792956,16.57180850649272,16.032261252792956,16.57180850649272,-0.1156172686499492,211.0,
2010-04-29,490356.0,10419332.0,16.070800342342938,16.533269416942737,16.070800342342938,16.417652148292785,-0.15415635819993226,194.0,
2010-04-30,498620.0,10586270.0,16.494730327392748,16.648886685592686,16.186417610992887,16.186417610992887,-0.2312345372998984,215.0,
2010-05-03,334660.0,6938729.0,16.10933943189292,16.340573969192818,15.762487625943074,15.801026715493057,-0.38539089549983063,135.0,
2010-05-04,336892.0,6922506.0,16.1478785214429,16.1478785214429,15.569792178193158,15.801026715493057,0.0,153.0,
2010-05-05,606027.0,11927127.0,15.261479461793297,15.492713999093194,15.030244924493397,15.030244924493397,-0.7707817909996613,234.0,
2010-05-06,835475.0,15752588.0,15.030244924493397,15.300018551343278,14.028228596193834,14.182384954393768,-0.8478599700996274,288.0,
2010-05-07,1613500.0,28017247.0,13.257446805194174,13.874072237993905,13.218907715644189,13.450142252944088,-0.7322427014496781,410.0,
2010-05-10,2599545.0,44075091.0,12.525204103744496,13.71991587979397,12.525204103744496,13.60429861114402,0.15415635819993226,611.0,
2010-05-11,1030036.0,19135877.0,14.105306775293801,14.529236760343618,13.874072237993905,14.529236760343618,0.9249381491995936,383.0,
2010-05-12,1379411.0,26376085.0,14.953166745393428,15.030244924493397,14.259463133493734,14.49069767079363,-0.038539089549983065,463.0,
2010-05-13,528455.0,10073299.0,14.876088566293461,14.876088566293461,14.567775849893598,14.644854028993562,0.15415635819993226,194.0,
2010-05-14,471684.0,8983427.0,14.683393118543544,14.799010387193498,14.644854028993562,14.760471297643512,0.1156172686499492,155.0,
2010-05-17,464193.0,8672087.0,14.644854028993562,14.644854028993562,14.259463133493734,14.413619491693666,-0.34685180594984755,154.0,
2010-05-18,232303.0,4346565.0,14.413619491693666,14.60631493944358,14.336541312593697,14.413619491693666,0.0,97.0,
2010-05-19,775043.0,14878279.0,14.413619491693666,15.261479461793297,14.413619491693666,14.953166745393428,0.539547253699763,307.0,
2010-05-20,1750885.0,34874256.0,14.953166745393428,15.801026715493057,14.760471297643512,15.107323103593364,0.15415635819993226,693.0,
2010-05-21,853169.0,15820850.0,14.375080402143682,14.644854028993562,14.105306775293801,14.143845864843785,-0.9634772387495764,316.0,
2010-05-24,349606.0,6462626.0,14.143845864843785,14.413619491693666,14.105306775293801,14.105306775293801,-0.038539089549983065,140.0,
2010-05-25,733605.0,12684421.0,13.874072237993905,13.874072237993905,13.141829536544227,13.295985894744158,-0.8093208805496444,288.0,
2010-05-26,287000.0,4967500.0,13.411603163394103,13.71991587979397,13.141829536544227,13.257446805194174,-0.038539089549983065,131.0,
2010-05-27,448300.0,8015219.0,13.180368626094207,14.182384954393768,13.141829536544227,14.105306775293801,0.8478599700996274,237.0,
2010-05-28,815646.0,15384020.0,14.49069767079363,14.721932208093532,14.182384954393768,14.182384954393768,0.07707817909996613,396.0,
2010-05-31,160346.0,2976115.0,14.028228596193834,14.49069767079363,14.028228596193834,14.259463133493734,0.07707817909996613,89.0,
2010-06-01,271000.0,4979500.0,14.49069767079363,14.49069767079363,14.066767685743818,14.182384954393768,-0.07707817909996613,118.0,
2010-06-02,263008.0,4797945.0,13.874072237993905,14.22092404394375,13.874072237993905,14.028228596193834,-0.15415635819993226,122.0,
2010-06-03,429032.0,7937390.0,14.336541312593697,14.336541312593697,14.182384954393768,14.22092404394375,0.19269544774991532,168.0,
2010-06-04,768052.0,14535475.0,14.22092404394375,14.799010387193498,14.22092404394375,14.452158581243648,0.2312345372998984,323.0,
2010-06-07,387007.0,7026827.0,14.105306775293801,14.105306775293801,13.874072237993905,13.951150417093869,-0.5010081641497799,179.0,
2010-06-08,356106.0,6644042.0,13.951150417093869,14.567775849893598,13.951150417093869,14.567775849893598,0.616625432799729,173.0,
2010-06-09,5492287.0,108337742.0,15.030244924493397,15.569792178193158,14.336541312593697,14.567775849893598,0.0,1431.0,
2010-06-10,1251897.0,23412093.0,14.567775849893598,14.799010387193498,14.182384954393768,14.375080402143682,-0.19269544774991532,427.0,
2010-06-11,796344.0,15002399.0,14.721932208093532,14.721932208093532,14.375080402143682,14.413619491693666,0.038539089549983065,302.0,
2010-06-14,586015.0,11141682.0,14.644854028993562,14.799010387193498,14.49069767079363,14.567775849893598,0.15415635819993226,221.0,
2010-06-15,297043.0,5595011.0,14.644854028993562,14.721932208093532,14.336541312593697,14.452158581243648,-0.1156172686499492,150.0,
2010-06-17,685989.0,13028827.0,14.567775849893598,14.760471297643512,14.336541312593697,14.644854028993562,0.19269544774991532,260.0,
2010-06-18,728330.0,13911518.0,14.721932208093532,14.876088566293461,14.60631493944358,14.760471297643512,0.1156172686499492,205.0,
2010-06-21,1065515.0,20729238.0,14.914627655843448,15.184401282693322,14.83754947674348,14.876088566293461,0.1156172686499492,270.0,
2010-06-22,2103423.0,41607828.0,14.876088566293461,15.569792178193158,14.799010387193498,15.569792178193158,0.6937036118996951,503.0,
2010-06-23,1506420.0,30559885.0,15.492713999093194,15.878104894593022,15.22294037224331,15.377096730443244,-0.19269544774991532,488.0,
2010-06-24,533023.0,10423150.0,15.300018551343278,15.300018551343278,14.914627655843448,15.145862193143344,-0.2312345372998984,220.0,
2010-06-25,416669.0,8029561.0,14.953166745393428,15.107323103593364,14.683393118543544,14.799010387193498,-0.34685180594984755,182.0,
2010-06-28,404317.0,7878861.0,14.953166745393428,15.184401282693322,14.83754947674348,15.184401282693322,0.38539089549983063,151.0,
2010-06-29,1113220.0,22048567.0,15.492713999093194,15.492713999093194,15.068784014043377,15.415635819993222,0.2312345372998984,276.0,
2010-06-30,1907316.0,37593790.0,14.953166745393428,15.377096730443244,14.799010387193498,15.33855764089326,-0.07707817909996613,371.0,
2010-07-01,2083547.0,41391035.0,15.261479461793297,15.415635819993222,15.068784014043377,15.33855764089326,0.0,343.0,
2010-07-02,4786103.0,95937260.0,15.33855764089326,15.608331267743141,15.107323103593364,15.415635819993222,0.07707817909996613,1058.0,
2010-07-05,1072840.0,21019037.0,15.415635819993222,15.492713999093194,14.914627655843448,15.030244924493397,-0.38539089549983063,452.0,
2010-07-06,883000.0,17466450.0,15.030244924493397,15.415635819993222,15.030244924493397,15.261479461793297,0.2312345372998984,295.0,
2010-07-07,1260458.0,25049764.0,15.300018551343278,15.492713999093194,15.107323103593364,15.454174909543209,0.19269544774991532,320.0,
2010-07-08,5114001.0,106621916.0,15.531253088643174,16.533269416942737,15.377096730443244,16.533269416942737,1.079094507399526,1161.0,
2010-07-09,9688780.0,216843824.0,17.496746655692306,17.689442103442225,16.57180850649272,16.72596486469265,0.19269544774991532,2430.0,
2010-07-12,3503604.0,78094850.0,16.88012122289258,17.57382483479228,16.88012122289258,17.034277581092514,0.3083127163998645,1080.0,
2010-07-13,1461961.0,31979964.0,17.188433939292445,17.342590297492382,16.494730327392748,16.648886685592686,-0.38539089549983063,464.0,
2010-07-14,5670536.0,129138861.0,16.88012122289258,17.727981192992203,16.88012122289258,17.496746655692306,0.8478599700996274,1454.0,
2010-07-15,3486547.0,77680687.0,17.496746655692306,17.650903013892243,17.034277581092514,17.14989484974246,-0.34685180594984755,1011.0,
2010-07-16,3047445.0,68775156.0,17.57382483479228,17.650903013892243,16.80304304379262,17.188433939292445,0.038539089549983065,977.0,
2010-07-19,991445.0,21485912.0,16.88012122289258,17.072816670642496,16.57180850649272,16.80304304379262,-0.38539089549983063,288.0,
2010-07-20,2171021.0,46260700.0,17.11135576019248,17.11135576019248,16.263495790092854,16.340573969192818,-0.4624690745997968,669.0,
2010-07-21,2109985.0,45097570.0,16.417652148292785,16.80304304379262,16.224956700542872,16.57180850649272,0.2312345372998984,744.0,
2010-07-22,4832383.0,100901495.0,16.81440439073719,17.692768799208533,16.730750637549438,17.692768799208533,0.0,1180.0,
2010-07-23,4034998.0,91182446.0,18.90574822043087,18.90574822043087,18.65478696086763,18.90574822043087,1.2129794212223342,710.0,
2010-07-26,10687774.0,253585609.0,20.20238139484095,20.20238139484095,19.365843862963473,19.82593950549608,0.9201912850652192,2888.0,
2010-07-27,2722643.0,63432895.0,19.86776638208996,19.86776638208996,19.15670947999411,19.61680512252672,-0.20913438296936795,906.0,
2010-07-28,8822467.0,211336386.0,19.61680512252672,20.49516953099806,19.449497616151227,19.574978245932844,-0.041826876593873595,2418.0,
2010-07-29,6688333.0,149853257.0,19.61680512252672,19.700458875714464,18.236518194928887,18.403825701304385,-1.1711525446284605,2502.0,
2010-07-30,2145518.0,46417159.0,18.403825701304385,18.65478696086763,17.65094192261466,17.943730058771774,-0.4600956425326096,901.0,
2010-08-02,5715410.0,121443755.0,17.985556935365643,18.320171948116634,17.14901940348818,17.9019031821779,-0.041826876593873595,1633.0,
2010-08-03,3395110.0,74136809.0,17.9019031821779,18.65478696086763,17.77642255239628,18.236518194928887,0.33461501275098876,1311.0,
2010-08-04,2010038.0,43975403.0,18.73844071405537,18.73844071405537,17.9019031821779,17.9019031821779,-0.33461501275098876,770.0,
2010-08-05,1807099.0,38122052.0,17.985556935365643,18.194691318335014,17.31632690986367,17.31632690986367,-0.5855762723142303,721.0,
2010-08-06,1061808.0,21964023.0,17.31632690986367,17.525461292833036,17.19084628008205,17.31632690986367,0.0,457.0,
2010-08-09,1325501.0,27663044.0,17.525461292833036,17.734595675802407,17.31632690986367,17.399980663051416,0.08365375318774719,478.0,
2010-08-10,1432292.0,29970078.0,17.48363441623916,17.77642255239628,17.31632690986367,17.399980663051416,0.0,499.0,
2010-08-11,1492552.0,31089323.0,17.31632690986367,17.734595675802407,17.232673156675922,17.399980663051416,0.0,502.0,
2010-08-12,760478.0,15706019.0,17.232673156675922,17.48363441623916,17.19084628008205,17.31632690986367,-0.08365375318774719,302.0,
2010-08-13,2663263.0,57374286.0,17.31632690986367,18.236518194928887,17.31632690986367,17.9019031821779,0.5855762723142303,1092.0,
2010-08-16,3561914.0,80059431.0,18.152864441741137,19.11488260340024,18.152864441741137,19.11488260340024,1.2129794212223342,1037.0,
2010-08-17,7355946.0,170201430.0,19.61680512252672,19.993247011871578,18.65478696086763,18.863921343836996,-0.25096125956324167,2117.0,
2010-08-18,7513404.0,173386059.0,18.863921343836996,19.82593950549608,18.61296008427375,19.784112628902207,0.9201912850652192,2067.0,
2010-08-19,6268362.0,148239626.0,19.86776638208996,20.20238139484095,19.15670947999411,19.15670947999411,-0.627403148908104,1555.0,
2010-08-20,2230608.0,50100689.0,19.198536356587983,19.365843862963473,18.48747945449213,18.73844071405537,-0.4182687659387359,825.0,
2010-08-23,2171584.0,48770704.0,18.822094467243115,19.07305572680636,18.403825701304385,18.65478696086763,-0.08365375318774719,740.0,
2010-08-24,1795324.0,39921458.0,18.90574822043087,18.90574822043087,18.320171948116634,18.320171948116634,-0.33461501275098876,694.0,
2010-08-25,3396362.0,75310471.0,18.236518194928887,19.07305572680636,17.943730058771774,18.571133207679875,0.25096125956324167,1301.0,
2010-08-26,1538153.0,33255416.0,18.73844071405537,18.73844071405537,17.692768799208533,17.9019031821779,-0.6692300255019775,542.0,
2010-08-27,1419000.0,30020250.0,17.860076305584027,17.985556935365643,17.44180753964529,17.65094192261466,-0.25096125956324167,700.0,
2010-08-30,3049495.0,66129844.0,17.985556935365643,18.403825701304385,17.65094192261466,17.65094192261466,0.0,725.0,
2010-08-31,1497000.0,30374650.0,17.567288169426917,17.567288169426917,16.60527000776782,16.89805814392493,-0.7528837786897249,583.0,
2010-09-01,4125587.0,87608827.0,16.939885020518805,18.069210688553394,16.939885020518805,18.069210688553394,1.1711525446284605,993.0,
2010-09-02,6786438.0,150199768.0,18.361998824710515,18.90574822043087,17.985556935365643,18.403825701304385,0.33461501275098876,2065.0,
2010-09-03,4253885.0,96059728.0,18.571133207679875,19.198536356587983,18.48747945449213,18.822094467243115,0.4182687659387359,1214.0,
2010-09-06,2510348.0,56006104.0,19.15670947999411,19.15670947999411,18.403825701304385,18.529306331086,-0.29278813615711513,710.0,
2010-09-07,2092328.0,46409311.0,18.403825701304385,18.822094467243115,18.236518194928887,18.27834507152276,-0.25096125956324167,683.0,
2010-09-08,8457409.0,191484367.0,17.985556935365643,19.491324492745097,17.9019031821779,19.240363233181853,0.9620181616590928,2951.0,
2010-09-09,5315110.0,121504870.0,19.65863199912059,19.65863199912059,18.445652577898258,18.571133207679875,-0.6692300255019775,1973.0,
2010-09-10,2197415.0,49256592.0,19.07305572680636,19.07305572680636,18.48747945449213,18.822094467243115,0.25096125956324167,848.0,
2010-09-13,2052148.0,46344223.0,19.15670947999411,19.198536356587983,18.6966138374615,18.73844071405537,-0.08365375318774719,807.0,
2010-09-14,1381511.0,30938729.0,18.822094467243115,18.989401973618612,18.571133207679875,18.571133207679875,-0.16730750637549438,563.0,
2010-09-15,8548332.0,198177012.0,18.571133207679875,19.86776638208996,18.571133207679875,19.86776638208996,1.2966331744100816,2560.0,
2010-09-16,5590038.0,131129974.0,19.993247011871578,20.03507388846545,19.240363233181853,19.240363233181853,-0.627403148908104,1594.0,
2010-09-17,3748503.0,86576983.0,19.07305572680636,19.61680512252672,18.989401973618612,18.989401973618612,-0.25096125956324167,1237.0,
2010-09-20,1595755.0,36802840.0,18.989401973618612,19.61680512252672,18.989401973618612,19.07305572680636,0.08365375318774719,701.0,
2010-09-21,2087627.0,48140688.0,19.240363233181853,19.65863199912059,19.07305572680636,19.198536356587983,0.12548062978162083,819.0,
2010-09-23,2688047.0,62469258.0,19.365843862963473,19.61680512252672,19.240363233181853,19.240363233181853,0.041826876593873595,956.0,
2010-09-24,1416652.0,32608596.0,19.324016986369603,19.491324492745097,18.989401973618612,19.031228850212486,-0.20913438296936795,590.0,
2010-09-27,2499706.0,57094560.0,19.11488260340024,19.324016986369603,18.73844071405537,18.989401973618612,-0.041826876593873595,765.0,
2010-09-28,962592.0,21541983.0,18.989401973618612,18.989401973618612,18.61296008427375,18.65478696086763,-0.33461501275098876,476.0,
2010-09-29,1205730.0,26941327.0,18.73844071405537,18.822094467243115,18.571133207679875,18.61296008427375,-0.041826876593873595,439.0,
2010-09-30,750221.0,16731612.0,18.90574822043087,18.90574822043087,18.445652577898258,18.48747945449213,-0.12548062978162083,352.0,
2010-10-01,972864.0,21468488.0,18.48747945449213,18.6966138374615,18.236518194928887,18.320171948116634,-0.16730750637549438,422.0,
2010-10-04,953736.0,20811426.0,18.361998824710515,18.61296008427375,17.943730058771774,17.943730058771774,-0.37644188934486245,439.0,
2010-10-05,1827583.0,38012797.0,17.734595675802407,17.818249428990157,17.232673156675922,17.399980663051416,-0.5437493957203567,890.0,
2010-10-06,1567177.0,32709513.0,17.567288169426917,17.734595675802407,17.358153786457542,17.358153786457542,-0.041826876593873595,530.0,
2010-10-07,782519.0,16399419.0,17.48363441623916,17.692768799208533,17.399980663051416,17.567288169426917,0.20913438296936795,368.0,
2010-10-08,643940.0,13511349.0,17.734595675802407,17.818249428990157,17.399980663051416,17.44180753964529,-0.12548062978162083,286.0,
2010-10-11,928180.0,19056401.0,17.399980663051416,17.44180753964529,16.98171189711268,16.98171189711268,-0.4600956425326096,343.0,
2010-10-12,773454.0,15524530.0,16.98171189711268,16.98171189711268,16.730750637549438,16.730750637549438,-0.25096125956324167,344.0,
2010-10-13,477450.0,9614750.0,16.939885020518805,17.023538773706555,16.730750637549438,16.81440439073719,0.08365375318774719,225.0,
2010-10-14,716312.0,14387716.0,17.065365650300425,17.065365650300425,16.60527000776782,16.77257751414331,-0.041826876593873595,313.0,
2010-10-15,1110143.0,21908586.0,16.81440439073719,16.81440439073719,16.270654995016827,16.312481871610704,-0.4600956425326096,431.0,
2010-10-18,555103.0,10833507.0,16.312481871610704,16.52161625458007,16.187001241829087,16.187001241829087,-0.12548062978162083,251.0,
2010-10-19,375223.0,7315753.0,16.14517436523521,16.43796250139232,16.103347488641337,16.43796250139232,0.25096125956324167,212.0,
2010-10-20,477172.0,9519520.0,16.354308748204577,16.89805814392493,16.354308748204577,16.77257751414331,0.33461501275098876,255.0,
2010-10-21,389848.0,7761518.0,16.77257751414331,16.89805814392493,16.479789377986194,16.52161625458007,-0.25096125956324167,191.0,
2010-10-22,341931.0,6756589.0,16.64709688436169,16.77257751414331,16.39613562479845,16.52161625458007,0.0,175.0,
2010-10-25,379083.0,7479017.0,16.64709688436169,16.64709688436169,16.39613562479845,16.479789377986194,-0.041826876593873595,180.0,
2010-10-26,327320.0,6481966.0,16.479789377986194,16.730750637549438,16.479789377986194,16.52161625458007,0.041826876593873595,162.0,
2010-10-27,441241.0,8645899.0,16.563443131173948,16.730750637549438,16.228828118422953,16.228828118422953,-0.29278813615711513,228.0,
2010-10-28,1142641.0,22484188.0,16.228828118422953,16.730750637549438,16.103347488641337,16.64709688436169,0.4182687659387359,406.0,
2010-10-29,763484.0,14896786.0,16.60527000776782,16.60527000776782,16.14517436523521,16.270654995016827,-0.37644188934486245,240.0,
2010-11-01,536388.0,10346624.0,16.479789377986194,16.479789377986194,15.894213105671966,16.103347488641337,-0.16730750637549438,204.0,
2010-11-02,921872.0,17300152.0,15.894213105671966,15.894213105671966,15.434117463139357,15.434117463139357,-0.6692300255019775,343.0,
2010-11-03,1430810.0,25319641.0,15.434117463139357,15.559598092920982,14.430272424886391,14.55575305466801,-0.8783644084713456,514.0,
2010-11-04,669381.0,11582852.0,14.55575305466801,14.806714314231254,14.053830535541529,14.806714314231254,0.25096125956324167,295.0,
2010-11-05,505868.0,9104984.0,15.266809956763868,15.30863683335774,14.848541190825127,15.057675573794494,0.25096125956324167,215.0,
2010-11-08,372109.0,6502367.0,14.974021820606746,14.974021820606746,14.388445548292518,14.388445548292518,-0.6692300255019775,150.0,
2010-11-09,247928.0,4319398.0,14.346618671698643,14.723060561043507,14.346618671698643,14.597579931261885,0.20913438296936795,114.0,
2010-11-10,254466.0,4441310.0,14.597579931261885,14.764887437637379,14.51392617807414,14.55575305466801,-0.041826876593873595,125.0,
2010-11-11,311758.0,5505577.0,14.51392617807414,14.890368067418999,14.51392617807414,14.848541190825127,0.29278813615711513,142.0,
2010-11-12,227458.0,3985126.0,14.848541190825127,14.848541190825127,14.51392617807414,14.848541190825127,0.0,125.0,
2010-11-15,141922.0,2477649.0,14.51392617807414,14.681233684449634,14.51392617807414,14.55575305466801,-0.29278813615711513,75.0,
2010-11-16,160805.0,2799503.0,14.55575305466801,14.723060561043507,14.472099301480267,14.472099301480267,-0.08365375318774719,91.0,
2010-11-17,175628.0,3018076.0,14.346618671698643,14.472099301480267,14.304791795104773,14.346618671698643,-0.12548062978162083,92.0,
2010-11-18,224760.0,3841896.0,14.346618671698643,14.472099301480267,14.221138041917024,14.304791795104773,-0.041826876593873595,94.0,
2010-11-19,199380.0,3452725.0,14.55575305466801,14.55575305466801,14.346618671698643,14.388445548292518,0.08365375318774719,120.0,
2010-11-22,162190.0,2814076.0,14.388445548292518,14.723060561043507,14.304791795104773,14.55575305466801,0.16730750637549438,79.0,
2010-11-23,171808.0,2991626.0,14.472099301480267,14.764887437637379,14.430272424886391,14.51392617807414,-0.041826876593873595,88.0,
2010-11-24,233835.0,3991058.0,14.262964918510896,14.472099301480267,14.221138041917024,14.262964918510896,-0.25096125956324167,121.0,
2010-11-25,212014.0,3627237.0,14.304791795104773,14.430272424886391,14.262964918510896,14.304791795104773,0.041826876593873595,112.0,
2010-11-26,1577102.0,28387609.0,14.388445548292518,15.266809956763868,14.388445548292518,14.974021820606746,0.6692300255019775,560.0,
2010-11-29,504946.0,9007389.0,15.057675573794494,15.141329326982243,14.681233684449634,14.848541190825127,-0.12548062978162083,178.0,
2010-11-30,394364.0,7024307.0,14.723060561043507,15.057675573794494,14.723060561043507,14.932194944012874,0.08365375318774719,145.0,
2010-12-01,308283.0,5524934.0,15.057675573794494,15.09950245038837,14.932194944012874,14.974021820606746,0.041826876593873595,133.0,
2010-12-02,462701.0,8376647.0,15.141329326982243,15.266809956763868,15.057675573794494,15.183156203576115,0.20913438296936795,183.0,
2010-12-03,508180.0,9298772.0,15.350463709951612,15.434117463139357,15.224983080169988,15.266809956763868,0.08365375318774719,220.0,
2010-12-06,496774.0,9088493.0,15.392290586545485,15.434117463139357,15.183156203576115,15.183156203576115,-0.08365375318774719,158.0,
2010-12-07,579898.0,10729474.0,15.183156203576115,15.726905599296472,15.183156203576115,15.434117463139357,0.25096125956324167,215.0,
2010-12-08,486794.0,8998046.0,15.47594433973323,15.559598092920982,15.350463709951612,15.350463709951612,-0.08365375318774719,156.0,
2010-12-09,702499.0,12976697.0,15.350463709951612,15.643251846108724,15.30863683335774,15.434117463139357,0.08365375318774719,235.0,
2010-12-10,2275708.0,42267448.0,15.224983080169988,15.810559352484217,15.01584869720062,15.685078722702597,0.25096125956324167,684.0,
2010-12-13,384100.0,7139988.0,15.726905599296472,15.810559352484217,15.392290586545485,15.392290586545485,-0.29278813615711513,170.0,
2010-12-14,354506.0,6510879.0,15.392290586545485,15.559598092920982,15.183156203576115,15.183156203576115,-0.20913438296936795,186.0,
2010-12-15,333974.0,5999283.0,15.224983080169988,15.30863683335774,14.848541190825127,14.932194944012874,-0.25096125956324167,152.0,
2010-12-16,184306.0,3300594.0,14.974021820606746,15.141329326982243,14.848541190825127,14.932194944012874,0.0,116.0,
2010-12-17,476724.0,8641605.0,14.932194944012874,15.350463709951612,14.932194944012874,15.057675573794494,0.12548062978162083,235.0,
2010-12-20,198951.0,3555524.0,15.057675573794494,15.141329326982243,14.890368067418999,14.890368067418999,-0.16730750637549438,110.0,
2010-12-21,193924.0,3447609.0,14.932194944012874,15.01584869720062,14.723060561043507,14.848541190825127,-0.041826876593873595,104.0,
2010-12-22,243000.0,4351642.0,15.01584869720062,15.09950245038837,14.848541190825127,15.09950245038837,0.25096125956324167,131.0,
2010-12-23,1132155.0,20631276.0,15.09950245038837,15.47594433973323,15.057675573794494,15.350463709951612,0.25096125956324167,357.0,
2010-12-24,1417439.0,26312551.0,15.224983080169988,15.685078722702597,15.183156203576115,15.434117463139357,0.08365375318774719,493.0,
2010-12-27,954749.0,17273479.0,15.434117463139357,15.559598092920982,14.848541190825127,14.932194944012874,-0.5019225191264833,347.0,
2010-12-28,262681.0,4667651.0,14.974021820606746,15.01584869720062,14.723060561043507,14.806714314231254,-0.12548062978162083,149.0,
2010-12-29,771414.0,13365828.0,14.806714314231254,14.890368067418999,14.346618671698643,14.388445548292518,-0.4182687659387359,360.0,
2010-12-30,268844.0,4629148.0,14.388445548292518,14.472099301480267,14.346618671698643,14.388445548292518,0.0,155.0,
2010-12-31,448564.0,7632478.0,14.388445548292518,14.472099301480267,14.053830535541529,14.221138041917024,-0.16730750637549438,215.0,
2011-01-03,211035.0,3577738.0,14.304791795104773,14.388445548292518,14.137484288729274,14.137484288729274,-0.08365375318774719,100.0,
2011-01-04,283762.0,4829158.0,14.137484288729274,14.304791795104773,14.137484288729274,14.17931116532315,0.041826876593873595,134.0,
2011-01-05,190709.0,3230230.0,14.304791795104773,14.388445548292518,14.095657412135404,14.095657412135404,-0.08365375318774719,97.0,
2011-01-06,181604.0,3077206.0,14.137484288729274,14.262964918510896,14.095657412135404,14.221138041917024,0.12548062978162083,104.0,
2011-01-07,423355.0,7148674.0,14.262964918510896,14.388445548292518,13.970176782353782,14.053830535541529,-0.16730750637549438,188.0,
2011-01-10,188310.0,3139975.0,14.012003658947654,14.221138041917024,13.802869275978287,13.970176782353782,-0.08365375318774719,98.0,
2011-01-11,224780.0,3769454.0,13.802869275978287,14.095657412135404,13.802869275978287,13.970176782353782,0.0,114.0,
2011-01-12,1271292.0,22561503.0,14.137484288729274,14.932194944012874,14.137484288729274,14.932194944012874,0.9620181616590928,266.0,
2011-01-13,3982814.0,72115687.0,15.057675573794494,15.30863683335774,14.932194944012874,14.974021820606746,0.041826876593873595,960.0,
2011-01-14,565422.0,9977752.0,14.974021820606746,14.974021820606746,14.51392617807414,14.848541190825127,-0.12548062978162083,295.0,
2011-01-17,369041.0,6463999.0,14.974021820606746,14.974021820606746,14.472099301480267,14.472099301480267,-0.37644188934486245,159.0,
2011-01-18,132714.0,2292921.0,14.304791795104773,14.63940680785576,14.304791795104773,14.388445548292518,-0.08365375318774719,90.0,
2011-01-19,329870.0,5696663.0,14.388445548292518,14.55575305466801,14.388445548292518,14.430272424886391,0.041826876593873595,151.0,
2011-01-20,329682.0,5655672.0,14.430272424886391,14.472099301480267,14.262964918510896,14.262964918510896,-0.16730750637549438,119.0,
2011-01-21,311574.0,5317558.0,14.221138041917024,14.388445548292518,14.095657412135404,14.221138041917024,-0.041826876593873595,135.0,
2011-01-24,116273.0,1979361.0,14.221138041917024,14.346618671698643,14.17931116532315,14.221138041917024,0.0,80.0,
2011-01-25,132515.0,2259055.0,14.304791795104773,14.304791795104773,14.221138041917024,14.304791795104773,0.08365375318774719,78.0,
2011-01-26,246679.0,4196456.0,14.304791795104773,14.304791795104773,14.17931116532315,14.17931116532315,-0.12548062978162083,108.0,
2011-01-27,215056.0,3669237.0,14.221138041917024,14.388445548292518,14.221138041917024,14.221138041917024,0.041826876593873595,94.0,
2011-01-28,158441.0,2695247.0,14.221138041917024,14.304791795104773,14.17931116532315,14.221138041917024,0.0,83.0,
2011-02-08,218350.0,3730264.0,14.388445548292518,14.388445548292518,14.137484288729274,14.262964918510896,0.041826876593873595,97.0,
2011-02-09,194360.0,3293558.0,14.221138041917024,14.304791795104773,14.053830535541529,14.053830535541529,-0.20913438296936795,91.0,
2011-02-10,213327.0,3576578.0,13.970176782353782,14.137484288729274,13.970176782353782,13.970176782353782,-0.08365375318774719,92.0,
2011-02-11,319954.0,5242957.0,13.970176782353782,13.970176782353782,13.4682542632273,13.4682542632273,-0.5019225191264833,145.0,
2011-02-14,206580.0,3347394.0,13.551908016415046,13.635561769602793,13.4682542632273,13.551908016415046,0.08365375318774719,121.0,
2011-02-15,139523.0,2250219.0,13.4682542632273,13.551908016415046,13.4682542632273,13.4682542632273,-0.08365375318774719,82.0,
2011-02-16,228470.0,3681870.0,13.551908016415046,13.551908016415046,13.384600510039549,13.510081139821171,0.041826876593873595,110.0,
2011-02-17,302327.0,4956344.0,13.551908016415046,13.886523029166035,13.510081139821171,13.802869275978287,0.29278813615711513,164.0,
2011-02-18,148900.0,2458278.0,13.886523029166035,13.970176782353782,13.677388646196668,13.677388646196668,-0.12548062978162083,86.0,
2011-02-21,140267.0,2264622.0,13.426427386633426,13.635561769602793,13.426427386633426,13.4682542632273,-0.20913438296936795,93.0,
2011-02-22,318447.0,4993110.0,13.384600510039549,13.384600510039549,12.799024237725321,13.133639250476309,-0.33461501275098876,146.0,
2011-02-23,2119710.0,33616543.0,12.840851114319193,13.4682542632273,12.673543607943703,13.259119880257929,0.12548062978162083,456.0,
2011-02-24,243666.0,3849955.0,13.217293003664059,13.4682542632273,12.966331744100815,12.966331744100815,-0.29278813615711513,125.0,
2011-02-25,414999.0,6360383.0,12.966331744100815,12.966331744100815,12.589889854755953,12.882677990913068,-0.08365375318774719,173.0,
2011-03-01,407599.0,6366443.0,12.882677990913068,13.217293003664059,12.882677990913068,13.091812373882437,0.20913438296936795,152.0,
2011-03-02,184178.0,2837791.0,13.091812373882437,13.091812373882437,12.840851114319193,12.882677990913068,-0.20913438296936795,92.0,
2011-03-03,1503603.0,24385002.0,13.049985497288564,13.761042399384413,12.882677990913068,13.551908016415046,0.6692300255019775,478.0,
2011-03-04,461973.0,7491715.0,13.677388646196668,13.844696152572162,13.384600510039549,13.426427386633426,-0.12548062978162083,240.0,
2011-03-07,255120.0,4067380.0,13.551908016415046,13.551908016415046,13.175466127070182,13.259119880257929,-0.16730750637549438,87.0,
2011-03-08,259601.0,4126544.0,13.259119880257929,13.426427386633426,13.217293003664059,13.342773633445676,0.08365375318774719,108.0,
2011-03-09,393937.0,6294500.0,13.384600510039549,13.59373489300892,13.217293003664059,13.217293003664059,-0.12548062978162083,122.0,
2011-03-10,262297.0,4159746.0,13.217293003664059,13.384600510039549,13.175466127070182,13.175466127070182,-0.041826876593873595,94.0,
2011-03-11,229822.0,3582779.0,13.175466127070182,13.175466127070182,12.966331744100815,12.966331744100815,-0.20913438296936795,91.0,
2011-03-14,404461.0,6097674.0,12.966331744100815,13.00815862069469,12.129794212223345,12.380755471786587,-0.5855762723142303,145.0,
2011-03-15,595010.0,8409039.0,12.297101718598837,12.506236101568206,11.544217939909114,11.544217939909114,-0.8365375318774718,216.0,
2011-03-16,866364.0,11899918.0,11.586044816502987,11.878832952660101,11.125949173970378,11.795179199472352,0.25096125956324167,241.0,
2011-03-17,434960.0,5904206.0,11.293256680345872,11.711525446284606,11.125949173970378,11.335083556939743,-0.4600956425326096,162.0,
2011-03-18,306299.0,4309264.0,11.62787169309686,12.046140459035598,11.544217939909114,11.753352322878483,0.4182687659387359,133.0,
2011-03-21,242352.0,3494554.0,11.795179199472352,12.213447965411088,11.795179199472352,12.087967335629468,0.33461501275098876,104.0,
2011-03-22,207828.0,3060619.0,12.087967335629468,12.464409224974332,12.087967335629468,12.380755471786587,0.29278813615711513,97.0,
2011-03-23,176631.0,2584873.0,12.422582348380459,12.464409224974332,12.129794212223345,12.213447965411088,-0.16730750637549438,77.0,
2011-03-24,2319152.0,35275562.0,12.422582348380459,12.966331744100815,12.213447965411088,12.464409224974332,0.25096125956324167,435.0,
2011-03-25,347525.0,5144420.0,12.548062978162077,12.631716731349826,12.213447965411088,12.380755471786587,-0.08365375318774719,137.0,
2011-03-28,169140.0,2466270.0,12.506236101568206,12.506236101568206,12.046140459035598,12.046140459035598,-0.33461501275098876,95.0,
2011-03-29,104022.0,1504769.0,12.046140459035598,12.213447965411088,12.004313582441721,12.087967335629468,0.041826876593873595,51.0,
2011-03-30,83840.0,1225530.0,12.129794212223345,12.338928595192712,12.129794212223345,12.213447965411088,0.12548062978162083,48.0,
2011-03-31,104137.0,1527348.0,12.297101718598837,12.380755471786587,12.213447965411088,12.213447965411088,0.0,56.0,
2011-04-01,54100.0,785948.0,12.213447965411088,12.213447965411088,12.087967335629468,12.129794212223345,-0.08365375318774719,34.0,
2011-04-06,138883.0,2027764.0,12.129794212223345,12.297101718598837,12.129794212223345,12.171621088817217,0.041826876593873595,64.0,
2011-04-07,520312.0,7748115.0,12.297101718598837,12.589889854755953,12.255274842004964,12.464409224974332,0.29278813615711513,247.0,
2011-04-08,454157.0,6853935.0,12.464409224974332,12.799024237725321,12.422582348380459,12.799024237725321,0.33461501275098876,210.0,
2011-04-11,208472.0,3122431.0,12.799024237725321,12.799024237725321,12.422582348380459,12.548062978162077,-0.25096125956324167,85.0,
2011-04-12,178096.0,2585540.0,12.255274842004964,12.297101718598837,12.004313582441721,12.087967335629468,-0.4600956425326096,88.0,
2011-04-13,163035.0,2341792.0,11.795179199472352,12.087967335629468,11.795179199472352,12.087967335629468,0.0,99.0,
2011-04-14,129117.0,1871468.0,12.129794212223345,12.255274842004964,12.046140459035598,12.171621088817217,0.08365375318774719,122.0,
2011-04-15,126844.0,1842166.0,12.213447965411088,12.255274842004964,12.046140459035598,12.087967335629468,-0.08365375318774719,75.0,
2011-04-18,143560.0,2095519.0,12.087967335629468,12.297101718598837,12.087967335629468,12.171621088817217,0.08365375318774719,65.0,
2011-04-19,638788.0,9316753.0,12.129794212223345,12.338928595192712,11.878832952660101,12.213447965411088,0.041826876593873595,153.0,
2011-04-20,261755.0,3908256.0,12.799024237725321,12.799024237725321,12.338928595192712,12.422582348380459,0.20913438296936795,111.0,
2011-04-21,201230.0,2985356.0,12.464409224974332,12.548062978162077,12.297101718598837,12.297101718598837,-0.12548062978162083,103.0,
2011-04-22,135029.0,1994326.0,12.380755471786587,12.422582348380459,12.297101718598837,12.380755471786587,0.08365375318774719,70.0,
2011-04-25,87490.0,1292276.0,12.464409224974332,12.464409224974332,12.255274842004964,12.255274842004964,-0.12548062978162083,38.0,
2011-04-26,110610.0,1616703.0,12.255274842004964,12.297101718598837,12.171621088817217,12.213447965411088,-0.041826876593873595,58.0,
2011-04-27,223791.0,3257569.0,12.380755471786587,12.380755471786587,12.087967335629468,12.087967335629468,-0.12548062978162083,80.0,
2011-04-28,128748.0,1848594.0,12.087967335629468,12.213447965411088,11.878832952660101,11.878832952660101,-0.20913438296936795,80.0,
2011-04-29,128828.0,1823830.0,11.920659829253976,12.046140459035598,11.753352322878483,11.753352322878483,-0.12548062978162083,81.0,
2011-05-03,204840.0,2798755.0,11.920659829253976,11.920659829253976,11.209602927158125,11.335083556939743,-0.4182687659387359,110.0,
2011-05-04,137795.0,1877019.0,11.376910433533618,11.544217939909114,11.293256680345872,11.418737310127492,0.08365375318774719,70.0,
2011-05-05,146168.0,2010347.0,11.460564186721363,11.586044816502987,11.418737310127492,11.544217939909114,0.12548062978162083,82.0,
2011-05-06,158700.0,2156849.0,11.293256680345872,11.460564186721363,11.293256680345872,11.418737310127492,-0.12548062978162083,55.0,
2011-05-09,88118.0,1198204.0,11.125949173970378,11.544217939909114,11.125949173970378,11.502391063315242,0.08365375318774719,53.0,
2011-05-10,116211.0,1581313.0,11.418737310127492,11.502391063315242,11.293256680345872,11.335083556939743,-0.16730750637549438,72.0,
2011-05-11,188177.0,2523161.0,11.376910433533618,11.376910433533618,11.167776050564251,11.209602927158125,-0.12548062978162083,88.0,
2011-05-12,198099.0,2672726.0,11.125949173970378,11.460564186721363,11.125949173970378,11.460564186721363,0.25096125956324167,90.0,
2011-05-13,108507.0,1465643.0,11.418737310127492,11.418737310127492,11.251429803751996,11.335083556939743,-0.12548062978162083,59.0,
2011-05-16,208421.0,2831761.0,11.167776050564251,11.544217939909114,11.167776050564251,11.335083556939743,0.0,65.0,
2011-05-17,70780.0,951329.0,11.293256680345872,11.376910433533618,11.167776050564251,11.376910433533618,0.041826876593873595,41.0,
2011-05-18,85182.0,1152188.0,11.293256680345872,11.418737310127492,11.251429803751996,11.293256680345872,-0.08365375318774719,48.0,
2011-05-19,160702.0,2180639.0,11.293256680345872,11.418737310127492,11.293256680345872,11.335083556939743,0.041826876593873595,70.0,
2011-05-20,173460.0,2352964.0,11.293256680345872,11.544217939909114,11.293256680345872,11.293256680345872,-0.041826876593873595,83.0,
2011-05-23,103500.0,1373274.0,11.209602927158125,11.209602927158125,10.958641667594884,11.084122297376501,-0.20913438296936795,53.0,
2011-05-24,159025.0,2075723.0,10.958641667594884,10.958641667594884,10.791334161219387,10.91681479100101,-0.16730750637549438,67.0,
2011-05-25,137356.0,1796899.0,10.874987914407136,11.209602927158125,10.874987914407136,11.167776050564251,0.25096125956324167,67.0,
2011-05-26,81071.0,1071029.0,11.209602927158125,11.209602927158125,11.000468544188756,11.04229542078263,-0.12548062978162083,43.0,
2011-05-27,145053.0,1911443.0,11.04229542078263,11.125949173970378,10.958641667594884,11.04229542078263,0.0,57.0,
2011-05-30,100411.0,1321293.0,11.209602927158125,11.209602927158125,10.958641667594884,11.04229542078263,0.0,58.0,
2011-05-31,109706.0,1457088.0,11.000468544188756,11.167776050564251,10.958641667594884,11.125949173970378,0.08365375318774719,53.0,
2011-06-01,190476.0,2550876.0,11.125949173970378,11.293256680345872,11.04229542078263,11.293256680345872,0.16730750637549438,103.0,
2011-06-02,151422.0,2023762.0,11.293256680345872,11.293256680345872,11.125949173970378,11.251429803751996,-0.041826876593873595,58.0,
2011-06-03,130025.0,1764590.0,11.251429803751996,11.460564186721363,11.251429803751996,11.460564186721363,0.20913438296936795,73.0,
2011-06-07,84140.0,1149490.0,11.460564186721363,11.502391063315242,11.335083556939743,11.376910433533618,-0.08365375318774719,41.0,
2011-06-08,91000.0,1243150.0,11.376910433533618,11.502391063315242,11.335083556939743,11.335083556939743,-0.041826876593873595,44.0,
2011-06-09,63354.0,861427.0,11.376910433533618,11.418737310127492,11.335083556939743,11.376910433533618,0.041826876593873595,40.0,
2011-06-10,1953655.0,27842584.0,11.502391063315242,12.171621088817217,11.502391063315242,11.878832952660101,0.5019225191264833,620.0,
2011-06-13,455932.0,6209343.0,11.711525446284606,11.711525446284606,11.125949173970378,11.251429803751996,-0.627403148908104,242.0,
2011-06-14,163653.0,2205150.0,11.335083556939743,11.418737310127492,11.209602927158125,11.251429803751996,0.0,93.0,
2011-06-15,262890.0,3502431.0,11.251429803751996,11.293256680345872,11.04229542078263,11.167776050564251,-0.08365375318774719,124.0,
2011-06-16,183026.0,2399084.0,11.000468544188756,11.04229542078263,10.874987914407136,10.91681479100101,-0.25096125956324167,92.0,
2011-06-17,279722.0,3677986.0,11.000468544188756,11.167776050564251,10.91681479100101,10.958641667594884,0.041826876593873595,92.0,
2011-06-20,476000.0,5951550.0,10.958641667594884,10.958641667594884,10.205757888905158,10.205757888905158,-0.7528837786897249,196.0,
2011-06-21,502500.0,6073300.0,10.038450382529664,10.331238518686781,9.829315999560295,9.954796629341917,-0.25096125956324167,166.0,
2011-06-22,166612.0,2021294.0,10.038450382529664,10.289411642092904,9.996623505935789,10.12210413571741,0.16730750637549438,78.0,
2011-06-23,99002.0,1185773.0,10.12210413571741,10.12210413571741,9.954796629341917,9.954796629341917,-0.16730750637549438,58.0,
2011-06-24,168768.0,1979458.0,10.038450382529664,10.038450382529664,9.745662246372548,9.787489122966422,-0.16730750637549438,88.0,
2011-06-27,146001.0,1718461.0,9.745662246372548,9.996623505935789,9.578354739997055,9.91296975274804,0.12548062978162083,83.0,
2011-06-28,84681.0,1008168.0,9.954796629341917,10.038450382529664,9.91296975274804,9.954796629341917,0.041826876593873595,46.0,
2011-06-29,199038.0,2416756.0,10.08027725912354,10.289411642092904,9.954796629341917,10.12210413571741,0.16730750637549438,107.0,
2011-06-30,104083.0,1266997.0,10.163931012311282,10.24758476549903,10.08027725912354,10.163931012311282,0.041826876593873595,53.0,
2011-07-01,160745.0,1982237.0,10.289411642092904,10.373065395280653,10.205757888905158,10.289411642092904,0.12548062978162083,79.0,
2011-07-04,116140.0,1435872.0,10.289411642092904,10.414892271874526,10.289411642092904,10.331238518686781,0.041826876593873595,49.0,
2011-07-05,140702.0,1730214.0,10.331238518686781,10.331238518686781,10.24758476549903,10.24758476549903,-0.08365375318774719,41.0,
2011-07-06,138176.0,1692346.0,10.24758476549903,10.289411642092904,10.205757888905158,10.289411642092904,0.041826876593873595,63.0,
2011-07-07,94786.0,1159032.0,10.289411642092904,10.289411642092904,10.12210413571741,10.12210413571741,-0.16730750637549438,50.0,
2011-07-08,103835.0,1257320.0,10.12210413571741,10.24758476549903,10.08027725912354,10.08027725912354,-0.041826876593873595,54.0,
2011-07-11,273079.0,3190164.0,10.038450382529664,10.08027725912354,9.452874110215435,9.578354739997055,-0.5019225191264833,118.0,
2011-07-12,1651000.0,18949250.0,9.452874110215435,9.745662246372548,9.285566603839937,9.411047233621558,-0.16730750637549438,351.0,
2011-07-13,469121.0,5210967.0,9.411047233621558,9.494700986809306,8.992778467682822,9.118259097464444,-0.29278813615711513,169.0,
2011-07-14,268210.0,2926156.0,9.285566603839937,9.369220357027684,8.783644084713458,8.992778467682822,-0.12548062978162083,136.0,
2011-07-15,208010.0,2275960.0,9.118259097464444,9.285566603839937,8.95095159108895,9.285566603839937,0.29278813615711513,112.0,
2011-07-18,277840.0,3173025.0,9.285566603839937,9.620181616590926,9.285566603839937,9.53652786340318,0.25096125956324167,112.0,
2011-07-19,234375.0,2696350.0,9.53652786340318,9.703835369778673,9.53652786340318,9.703835369778673,0.16730750637549438,77.0,
2011-07-20,521344.0,6165470.0,9.745662246372548,9.954796629341917,9.745662246372548,9.954796629341917,0.25096125956324167,217.0,
2011-07-21,315552.0,3453114.0,9.784245559948323,10.008654861781999,9.694481839214852,9.784245559948323,0.0,137.0,
2011-07-22,162172.0,1793616.0,9.874009280681795,9.963773001415264,9.829127420315057,9.91889114104853,0.13464558110020625,79.0,
2011-07-25,100490.0,1103039.0,9.829127420315057,9.91889114104853,9.784245559948323,9.829127420315057,-0.08976372073347086,44.0,
2011-07-26,67000.0,735350.0,9.829127420315057,9.874009280681795,9.784245559948323,9.829127420315057,0.0,31.0,
2011-07-27,272738.0,3008589.0,9.91889114104853,10.053536722148735,9.739363699581586,9.963773001415264,0.13464558110020625,103.0,
2011-07-28,131000.0,1449200.0,9.963773001415264,10.09841858251547,9.829127420315057,9.829127420315057,-0.13464558110020625,45.0,
2011-07-29,115049.0,1248171.0,9.829127420315057,9.829127420315057,9.694481839214852,9.694481839214852,-0.13464558110020625,50.0,
2011-08-01,395710.0,4380250.0,9.829127420315057,10.143300442882207,9.694481839214852,10.143300442882207,0.44881860366735427,116.0,
2011-08-02,2378600.0,27515860.0,10.143300442882207,10.592119046549561,10.143300442882207,10.412591605082618,0.2692911622004125,416.0,
2011-08-03,322008.0,3591239.0,10.27794602398241,10.27794602398241,9.874009280681795,9.963773001415264,-0.44881860366735427,148.0,
2011-08-04,181069.0,1986293.0,10.008654861781999,10.053536722148735,9.739363699581586,9.739363699581586,-0.22440930183367713,94.0,
2011-08-05,400538.0,4046581.0,9.066135794080555,9.155899514814026,9.066135794080555,9.066135794080555,-0.6732279055010314,146.0,
2011-08-08,754673.0,7223564.0,8.437789748946258,9.111017654447291,8.437789748946258,8.437789748946258,-0.6283460451342959,253.0,
2011-08-09,627680.0,5494101.0,7.8543255641787,7.944089284912171,7.8543255641787,7.899207424545435,-0.538582324400825,163.0,
2011-08-10,537560.0,4871678.0,7.9979475173522525,8.258262307479319,7.9979475173522525,8.186451330892542,0.2872439063471067,199.0,
2011-08-11,198356.0,1721238.0,7.881254680398739,7.944089284912171,7.629916262345022,7.944089284912171,-0.24236204598037134,106.0,
2011-08-12,298012.0,2676728.0,8.06975849393903,8.168498586745846,7.953065656985516,8.024876633572292,0.08078734866012376,126.0,
2011-08-15,240048.0,2216646.0,8.177474958819193,8.518577097606384,8.168498586745846,8.258262307479319,0.2333856739070242,111.0,
2011-08-16,212350.0,2002291.0,8.392907888579524,8.572435330046467,8.357002400286136,8.37495514443283,0.1166928369535121,98.0,
2011-08-17,79470.0,741592.0,8.37495514443283,8.473695237239648,8.357002400286136,8.365978772359483,-0.008976372073347085,45.0,
2011-08-18,155968.0,1413424.0,8.365978772359483,8.365978772359483,8.024876633572292,8.04282937771899,-0.323149394640495,72.0,
2011-08-19,446450.0,3741591.0,7.486294309171468,7.683774494785105,7.486294309171468,7.486294309171468,-0.5565350685475193,176.0,
2011-08-22,267140.0,2153110.0,7.181097658677668,7.594010774051635,7.046452077577461,7.1003103100175435,-0.3859839991539246,115.0,
2011-08-23,128000.0,1028600.0,7.10928668209089,7.360625100144609,7.10928668209089,7.360625100144609,0.26031479012706543,67.0,
2011-08-24,133312.0,1094008.0,7.405506960511345,7.441412448804733,7.315743239777875,7.38755421636465,0.026929116220041256,66.0,
2011-08-25,91004.0,747802.0,7.450388820878081,7.450388820878081,7.342672355997915,7.342672355997915,-0.04488186036673543,49.0,
2011-08-26,180011.0,1412356.0,6.831019147817131,7.2259795190444045,6.831019147817131,7.091333937944197,-0.2513384180537184,72.0,
2011-08-29,127100.0,1016890.0,7.046452077577461,7.243932263191097,7.046452077577461,7.243932263191097,0.15259832524690045,65.0,
2011-08-30,81044.0,654336.0,7.243932263191097,7.315743239777875,7.181097658677668,7.3067668677045265,0.0628346045134296,49.0,
2011-08-31,135700.0,1126718.0,7.3067668677045265,7.57605802990494,7.270861379411138,7.567081657831593,0.26031479012706543,75.0,
2011-09-01,182729.0,1542113.0,7.567081657831593,7.692750866858452,7.450388820878081,7.5850344019782865,0.01795274414669417,79.0,
2011-09-02,78078.0,649465.0,7.486294309171468,7.549128913684898,7.450388820878081,7.450388820878081,-0.13464558110020625,39.0,
2011-09-05,103240.0,829420.0,7.360625100144609,7.360625100144609,7.091333937944197,7.154168542457627,-0.2962202784204538,53.0,
2011-09-06,134688.0,1067391.0,7.154168542457627,7.2349558911177505,7.046452077577461,7.091333937944197,-0.0628346045134296,57.0,
2011-09-07,84620.0,675409.0,7.181097658677668,7.199050402824361,7.136215798310933,7.14519217038428,0.05385823244008251,38.0,
2011-09-08,71111.0,570225.0,7.1631449145309745,7.2259795190444045,7.1631449145309745,7.199050402824361,0.05385823244008251,75.0,
2011-09-09,100983.0,808207.0,7.199050402824361,7.199050402824361,7.14519217038428,7.199050402824361,0.0,79.0,
2011-09-13,83057.0,645376.0,6.777160915377049,7.091333937944197,6.777160915377049,7.091333937944197,-0.10771646488016502,50.0,
2011-09-14,117568.0,916683.0,7.136215798310933,7.136215798310933,6.902830124403909,6.902830124403909,-0.1885038135402888,71.0,
2011-09-15,128030.0,1002208.0,6.911806496477256,7.136215798310933,6.911806496477256,7.010546589284073,0.10771646488016502,62.0,
2011-09-16,200424.0,1596556.0,7.172121286604321,7.270861379411138,7.08235756587085,7.2349558911177505,0.22440930183367713,99.0,
2011-09-19,137340.0,1104392.0,7.2259795190444045,7.270861379411138,7.14519217038428,7.270861379411138,0.03590548829338834,48.0,
2011-09-20,103378.0,839732.0,7.270861379411138,7.360625100144609,7.199050402824361,7.3067668677045265,0.03590548829338834,47.0,
2011-09-21,160825.0,1326408.0,7.3067668677045265,7.51322342539151,7.279837751484486,7.414483332584692,0.10771646488016502,97.0,
2011-09-22,158198.0,1281381.0,7.38755421636465,7.38755421636465,7.208026774897709,7.2259795190444045,-0.1885038135402888,66.0,
2011-09-23,208705.0,1620968.0,7.001570217210727,7.019522961357421,6.911806496477256,6.92975924062395,-0.2962202784204538,92.0,
2011-09-26,338603.0,2555560.0,6.956688356843991,6.965664728917338,6.732279055010314,6.741255427083661,-0.1885038135402888,100.0,
2011-09-27,94268.0,717615.0,6.741255427083661,6.956688356843991,6.741255427083661,6.839995519890478,0.09874009280681793,57.0,
2011-09-28,57070.0,437372.0,6.911806496477256,6.9477119847706446,6.839995519890478,6.857948264037173,0.01795274414669417,40.0,
2011-09-29,143361.0,1090990.0,6.822042775743784,6.875901008183868,6.822042775743784,6.875901008183868,0.01795274414669417,59.0,
2011-09-30,210556.0,1635344.0,6.875901008183868,7.181097658677668,6.822042775743784,7.0284993334307675,0.15259832524690045,62.0,
2011-10-03,217535.0,1726492.0,7.001570217210727,7.181097658677668,6.875901008183868,7.127239426237585,0.09874009280681793,104.0,
2011-10-04,177224.0,1410107.0,7.127239426237585,7.2259795190444045,7.046452077577461,7.181097658677668,0.05385823244008251,80.0,
2011-10-05,27767.0,222196.0,7.2259795190444045,7.252908635264445,7.154168542457627,7.154168542457627,-0.026929116220041256,23.0,
2011-10-06,74942.0,601626.0,7.2259795190444045,7.261885007337792,7.181097658677668,7.2259795190444045,0.07181097658677668,49.0,
2011-10-07,92449.0,741653.0,7.270861379411138,7.270861379411138,7.154168542457627,7.154168542457627,-0.07181097658677668,47.0,
2011-10-11,108137.0,866056.0,7.190074030751015,7.217003146971056,7.154168542457627,7.154168542457627,0.0,51.0,
2011-10-12,72150.0,578240.0,7.136215798310933,7.2259795190444045,7.136215798310933,7.208026774897709,0.05385823244008251,42.0,
2011-10-13,110394.0,888707.0,7.208026774897709,7.270861379411138,7.1631449145309745,7.181097658677668,-0.026929116220041256,60.0,
2011-10-14,156400.0,1262775.0,7.199050402824361,7.2977904956311805,7.199050402824361,7.199050402824361,0.01795274414669417,74.0,
2011-10-17,388916.0,3149187.0,7.199050402824361,7.360625100144609,7.199050402824361,7.315743239777875,0.1166928369535121,119.0,
2011-10-18,99002.0,800154.0,7.270861379411138,7.270861379411138,7.208026774897709,7.217003146971056,-0.09874009280681793,48.0,
2011-10-19,65194.0,522963.0,7.2259795190444045,7.270861379411138,7.181097658677668,7.208026774897709,-0.008976372073347085,43.0,
2011-10-20,4214011.0,35730997.0,7.136215798310933,7.710703611005146,7.136215798310933,7.522199797464858,0.31417302256714796,737.0,
2011-10-21,530962.0,4406577.0,7.4952706812448175,7.540152541611551,7.360625100144609,7.3785778442913035,-0.14362195317355336,240.0,
2011-10-24,270293.0,2231055.0,7.468341565024774,7.477317937098121,7.3785778442913035,7.3785778442913035,0.0,107.0,
2011-10-25,139028.0,1148438.0,7.4952706812448175,7.4952706812448175,7.396530588437997,7.405506960511345,0.026929116220041256,53.0,
2011-10-26,141214.0,1157289.0,7.405506960511345,7.405506960511345,7.315743239777875,7.342672355997915,-0.0628346045134296,60.0,
2011-10-27,246480.0,2022063.0,7.342672355997915,7.441412448804733,7.315743239777875,7.423459704658041,0.08078734866012376,118.0,
2011-10-28,220389.0,1828218.0,7.450388820878081,7.620939890271675,7.369601472217957,7.369601472217957,-0.05385823244008251,109.0,
2011-10-31,61395.0,503028.0,7.342672355997915,7.432436076731386,7.315743239777875,7.315743239777875,-0.05385823244008251,39.0,
2011-11-01,357633.0,2888634.0,7.270861379411138,7.405506960511345,7.181097658677668,7.181097658677668,-0.13464558110020625,153.0,
2011-11-02,93524.0,744744.0,7.091333937944197,7.270861379411138,7.055428449650809,7.181097658677668,0.0,58.0,
2011-11-03,170146.0,1366509.0,7.136215798310933,7.351648728071262,7.127239426237585,7.261885007337792,0.08078734866012376,112.0,
2011-11-04,206159.0,1674207.0,7.252908635264445,7.342672355997915,7.199050402824361,7.2977904956311805,0.03590548829338834,108.0,
2011-11-07,140112.0,1152785.0,7.315743239777875,7.450388820878081,7.315743239777875,7.396530588437997,0.09874009280681793,79.0,
2011-11-08,229284.0,1896230.0,7.450388820878081,7.468341565024774,7.369601472217957,7.450388820878081,0.05385823244008251,100.0,
2011-11-09,157096.0,1311398.0,7.522199797464858,7.5850344019782865,7.450388820878081,7.459365192951429,0.008976372073347085,78.0,
2011-11-10,302958.0,2434611.0,7.405506960511345,7.405506960511345,7.091333937944197,7.190074030751015,-0.2692911622004125,114.0,
2011-11-11,176793.0,1428843.0,7.199050402824361,7.3067668677045265,7.190074030751015,7.279837751484486,0.08976372073347086,88.0,
2011-11-14,202659.0,1667427.0,7.288814123557832,7.450388820878081,7.288814123557832,7.369601472217957,0.08976372073347086,105.0,
2011-11-15,112680.0,930770.0,7.396530588437997,7.459365192951429,7.351648728071262,7.351648728071262,-0.01795274414669417,48.0,
2011-11-16,85517.0,694156.0,7.432436076731386,7.432436076731386,7.252908635264445,7.270861379411138,-0.08078734866012376,36.0,
2011-11-17,37060.0,299875.0,7.270861379411138,7.3067668677045265,7.2259795190444045,7.2977904956311805,0.026929116220041256,25.0,
2011-11-18,201102.0,1618451.0,7.2977904956311805,7.2977904956311805,7.190074030751015,7.190074030751015,-0.10771646488016502,48.0,
2011-11-21,197835.0,1548305.0,7.190074030751015,7.190074030751015,6.875901008183868,6.893853752330561,-0.2962202784204538,91.0,
2011-11-22,399114.0,2932302.0,6.822042775743784,6.9477119847706446,6.418106032443166,6.418106032443166,-0.4757477198873955,132.0,
2011-11-23,510547.0,3489248.0,6.283460451342959,6.283460451342959,5.996216544995852,6.023145661215895,-0.39496037122727173,157.0,
2011-11-24,580362.0,3735980.0,5.897476452189035,5.9872401729225055,5.610232545841928,5.834641847675605,-0.1885038135402888,162.0,
2011-11-25,134710.0,882215.0,5.8525945918222995,5.969287428775811,5.843618219748953,5.8525945918222995,0.01795274414669417,51.0,
2011-11-28,90320.0,598205.0,5.9244055684090755,6.014169289142547,5.9244055684090755,6.014169289142547,0.1615746973202475,50.0,
2011-11-29,173037.0,1192384.0,6.0590511495092825,6.283460451342959,6.0590511495092825,6.283460451342959,0.2692911622004125,68.0,
2011-11-30,215147.0,1470162.0,6.283460451342959,6.283460451342959,6.0590511495092825,6.0590511495092825,-0.22440930183367713,43.0,
2011-12-01,180081.0,1244806.0,6.1936967306094886,6.283460451342959,6.1218857540227125,6.202673102682836,0.14362195317355336,74.0,
2011-12-02,54862.0,380367.0,6.202673102682836,6.2655077071962655,6.202673102682836,6.202673102682836,0.0,18.0,
2011-12-05,66249.0,462354.0,6.211649474756182,6.283460451342959,6.211649474756182,6.256531335122918,0.05385823244008251,35.0,
2011-12-06,115001.0,786726.0,6.238578590976224,6.238578590976224,6.06802752158263,6.06802752158263,-0.1885038135402888,27.0,
2011-12-07,102519.0,697464.0,6.077003893655976,6.157791242316101,6.077003893655976,6.112909381949365,0.04488186036673543,39.0,
2011-12-08,160100.0,1083170.0,6.112909381949365,6.112909381949365,6.023145661215895,6.023145661215895,-0.08976372073347086,29.0,
2011-12-09,38648.0,257175.0,5.996216544995852,6.023145661215895,5.94235831255577,5.960311056702464,-0.0628346045134296,21.0,
2011-12-12,154999.0,1057812.0,5.996216544995852,6.157791242316101,5.996216544995852,6.112909381949365,0.15259832524690045,60.0,
2011-12-13,64000.0,434200.0,6.0590511495092825,6.103933009876018,6.041098405362589,6.103933009876018,-0.008976372073347085,25.0,
2011-12-14,103000.0,703500.0,6.130862126096059,6.166767614389448,6.085980265729324,6.112909381949365,0.008976372073347085,26.0,
2011-12-15,40835.0,276214.0,6.06802752158263,6.103933009876018,6.041098405362589,6.041098405362589,-0.07181097658677668,19.0,
2011-12-16,118773.0,807378.0,6.0590511495092825,6.130862126096059,6.0590511495092825,6.103933009876018,0.0628346045134296,34.0,
2011-12-19,278678.0,1852725.0,6.06802752158263,6.06802752158263,5.8525945918222995,5.861570963895646,-0.24236204598037134,75.0,
2011-12-20,85155.0,559591.0,5.861570963895646,5.978263800849159,5.861570963895646,5.888500080115687,0.026929116220041256,40.0,
2011-12-21,190550.0,1290956.0,6.005192917069199,6.130862126096059,6.005192917069199,6.1218857540227125,0.2333856739070242,81.0,
2011-12-22,99443.0,672951.0,6.1218857540227125,6.130862126096059,6.050074777435936,6.0590511495092825,-0.0628346045134296,32.0,
2011-12-23,250710.0,1754008.0,6.139838498169405,6.418106032443166,6.139838498169405,6.382200544149778,0.323149394640495,100.0,
2011-12-26,81955.0,588106.0,6.445035148663207,6.480940636956595,6.382200544149778,6.382200544149778,0.0,47.0,
2011-12-27,63488.0,450544.0,6.382200544149778,6.382200544149778,6.346295055856389,6.355271427929736,-0.026929116220041256,32.0,
2011-12-28,104742.0,738838.0,6.418106032443166,6.418106032443166,6.292436823416306,6.364247800003082,0.008976372073347085,37.0,
2011-12-29,34927.0,245546.0,6.400153288296471,6.400153288296471,6.292436823416306,6.355271427929736,-0.008976372073347085,20.0,
2011-12-30,169261.0,1205745.0,6.400153288296471,6.489917009029942,6.355271427929736,6.400153288296471,0.04488186036673543,72.0,
2012-01-02,46062.0,325645.0,6.400153288296471,6.400153288296471,6.3283423117096955,6.3283423117096955,-0.07181097658677668,22.0,
2012-01-03,91835.0,655935.0,6.373224172076431,6.462987892809902,6.346295055856389,6.391176916223125,0.0628346045134296,39.0,
2012-01-04,104245.0,746478.0,6.418106032443166,6.462987892809902,6.391176916223125,6.462987892809902,0.07181097658677668,35.0,
2012-01-05,173660.0,1249520.0,6.462987892809902,6.498893381103289,6.391176916223125,6.498893381103289,0.03590548829338834,49.0,
2012-01-06,165003.0,1196069.0,6.427082404516513,6.579680729763414,6.427082404516513,6.516846125249984,0.01795274414669417,60.0,
2012-01-09,137002.0,986294.0,6.507869753176637,6.507869753176637,6.445035148663207,6.445035148663207,-0.07181097658677668,39.0,
2012-01-10,389946.0,2792841.0,6.418106032443166,6.462987892809902,6.391176916223125,6.418106032443166,-0.026929116220041256,71.0,
2012-01-11,130851.0,932892.0,6.373224172076431,6.436058776589859,6.364247800003082,6.391176916223125,-0.026929116220041256,46.0,
2012-01-12,132537.0,941649.0,6.355271427929736,6.418106032443166,6.310389567563002,6.310389567563002,-0.08078734866012376,64.0,
2012-01-13,172602.0,1194042.0,6.373224172076431,6.373224172076431,6.103933009876018,6.1218857540227125,-0.1885038135402888,91.0,
2012-01-16,100918.0,692125.0,6.130862126096059,6.238578590976224,6.103933009876018,6.103933009876018,-0.01795274414669417,46.0,
2012-01-17,79990.0,552269.0,6.103933009876018,6.283460451342959,6.103933009876018,6.2655077071962655,0.1615746973202475,38.0,
2012-01-18,150469.0,1050761.0,6.2655077071962655,6.301413195489654,6.202673102682836,6.247554963049571,-0.01795274414669417,68.0,
2012-01-30,302187.0,2129224.0,6.319365939636348,6.391176916223125,6.256531335122918,6.283460451342959,0.03590548829338834,127.0,
2012-01-31,264932.0,1898015.0,6.292436823416306,6.534798869396678,6.292436823416306,6.471964264883248,0.1885038135402888,111.0,
2012-02-01,574867.0,4376033.0,6.507869753176637,6.920782868550602,6.507869753176637,6.920782868550602,0.44881860366735427,202.0,
2012-02-02,627726.0,5080976.0,7.1631449145309745,7.351648728071262,7.091333937944197,7.288814123557832,0.36803125500723044,234.0,
2012-02-03,338811.0,2765142.0,7.333695983924568,7.450388820878081,7.217003146971056,7.333695983924568,0.04488186036673543,142.0,
2012-02-04,825370.0,6933743.0,7.450388820878081,7.674798122711758,7.450388820878081,7.504247053318163,0.17055106939359463,273.0,
2012-02-06,316850.0,2620882.0,7.504247053318163,7.629916262345022,7.315743239777875,7.342672355997915,-0.1615746973202475,126.0,
2012-02-07,143826.0,1168818.0,7.315743239777875,7.38755421636465,7.2259795190444045,7.252908635264445,-0.08976372073347086,69.0,
2012-02-08,442158.0,3603895.0,7.270861379411138,7.38755421636465,7.270861379411138,7.3785778442913035,0.1256692090268592,148.0,
2012-02-09,408117.0,3399626.0,7.405506960511345,7.549128913684898,7.369601472217957,7.549128913684898,0.17055106939359463,161.0,
2012-02-10,1534972.0,13699441.0,7.629916262345022,8.06975849393903,7.629916262345022,8.06975849393903,0.5206295802541309,415.0,
2012-02-13,1141367.0,10392788.0,8.168498586745846,8.339049656139439,8.033853005645641,8.168498586745846,0.09874009280681793,486.0,
2012-02-14,386823.0,3489639.0,8.285191423699361,8.285191423699361,7.988971145278905,7.9979475173522525,-0.17055106939359463,150.0,
2012-02-15,609110.0,5513451.0,8.015900261498949,8.258262307479319,7.988971145278905,8.168498586745846,0.17055106939359463,204.0,
2012-02-16,530660.0,4818151.0,8.177474958819193,8.285191423699361,7.926136540765477,7.97999477320556,-0.1885038135402888,209.0,
2012-02-17,405805.0,3606888.0,8.078734866012375,8.150545842599154,7.872278308325394,7.917160168692128,-0.0628346045134296,146.0,
2012-02-20,240133.0,2125863.0,7.971018401132212,8.015900261498949,7.899207424545435,7.97999477320556,0.0628346045134296,74.0,
2012-02-21,163009.0,1425326.0,7.988971145278905,7.988971145278905,7.7914909596652695,7.809443703811964,-0.17055106939359463,76.0,
2012-02-22,265943.0,2316098.0,7.809443703811964,7.926136540765477,7.746609099298534,7.809443703811964,0.0,113.0,
2012-02-23,151264.0,1319666.0,7.818420075885311,7.890231052472087,7.809443703811964,7.809443703811964,0.0,58.0,
2012-02-24,180365.0,1582558.0,7.836372820032006,7.944089284912171,7.827396447958658,7.899207424545435,0.08976372073347086,73.0,
2012-02-29,166263.0,1472850.0,7.988971145278905,8.033853005645641,7.8543255641787,7.8543255641787,-0.04488186036673543,69.0,
2012-03-01,108637.0,953444.0,7.872278308325394,7.944089284912171,7.8543255641787,7.863301936252046,0.008976372073347085,50.0,
2012-03-02,176434.0,1553841.0,7.863301936252046,7.962042029058864,7.863301936252046,7.890231052472087,0.026929116220041256,69.0,
2012-03-03,495598.0,4522576.0,7.926136540765477,8.437789748946258,7.926136540765477,8.437789748946258,0.5475586964741722,216.0,
2012-03-05,507626.0,4738086.0,8.52755346967973,8.52755346967973,8.141569470525807,8.141569470525807,-0.2962202784204538,214.0,
2012-03-06,265050.0,2319759.0,8.168498586745846,8.168498586745846,7.737632727225187,7.782514587591923,-0.35905488293388343,118.0,
2012-03-07,166571.0,1444612.0,7.656845378565062,7.881254680398739,7.656845378565062,7.836372820032006,0.05385823244008251,90.0,
2012-03-08,451832.0,4003884.0,7.8543255641787,8.105663982232418,7.8543255641787,7.953065656985516,0.1166928369535121,113.0,
2012-03-09,297550.0,2669410.0,8.078734866012375,8.105663982232418,7.988971145278905,8.078734866012375,0.1256692090268592,106.0,
2012-03-12,361473.0,3217099.0,8.078734866012375,8.105663982232418,7.809443703811964,7.827396447958658,-0.2513384180537184,128.0,
2012-03-13,182567.0,1596701.0,7.827396447958658,7.944089284912171,7.827396447958658,7.881254680398739,0.05385823244008251,85.0,
2012-03-14,786573.0,7040187.0,7.971018401132212,8.195427702965889,7.899207424545435,8.1595222146725,0.27826753427375966,243.0,
2012-03-15,2196368.0,21088445.0,8.240309563332623,8.725033655293368,8.240309563332623,8.725033655293368,0.5655114406208663,770.0,
2012-03-16,3545562.0,36354856.0,8.787868259806794,9.335426956280969,8.787868259806794,9.335426956280969,0.6103933009876018,1007.0,
2012-03-19,4572398.0,49664378.0,9.784245559948323,9.963773001415264,9.470072537381174,9.963773001415264,0.6283460451342959,1429.0,
2012-03-20,3259310.0,35109007.0,10.188182303248942,10.27794602398241,9.290545095914233,9.290545095914233,-0.6732279055010314,1126.0,
2012-03-21,1555442.0,15674787.0,9.200781375180762,9.245663235547498,8.913537468833656,8.976372073347084,-0.31417302256714796,598.0,
2012-03-22,1224211.0,12661650.0,9.066135794080555,9.51495439774791,9.066135794080555,9.245663235547498,0.2692911622004125,502.0,
2012-03-23,1090245.0,10949131.0,9.245663235547498,9.245663235547498,8.93149021298035,9.02125393371382,-0.22440930183367713,347.0,
2012-03-26,617241.0,6117166.0,9.02125393371382,9.02125393371382,8.823773748100184,8.86865560846692,-0.15259832524690045,264.0,
2012-03-27,864403.0,8385743.0,8.93149021298035,8.967395701273738,8.509600725533035,8.6173171904132,-0.2513384180537184,456.0,
2012-03-28,611326.0,5937425.0,8.599364446266508,8.84172649224688,8.482671609312995,8.751962771513407,0.13464558110020625,308.0,
2012-03-29,1198506.0,11095706.0,8.796844631880143,8.796844631880143,8.141569470525807,8.141569470525807,-0.6103933009876018,529.0,
2012-03-30,560088.0,4992133.0,8.078734866012375,8.168498586745846,7.76456184344523,8.105663982232418,-0.03590548829338834,212.0,
2012-04-02,390622.0,3482423.0,8.105663982232418,8.195427702965889,7.944089284912171,8.033853005645641,-0.07181097658677668,140.0,
2012-04-03,621026.0,5379727.0,8.04282937771899,8.04282937771899,7.57605802990494,7.57605802990494,-0.4577949757407014,220.0,
2012-04-05,677416.0,5458023.0,7.4952706812448175,7.4952706812448175,7.046452077577461,7.2349558911177505,-0.34110213878718926,273.0,
2012-04-06,842073.0,6971846.0,7.073381193797503,7.7286563551518395,7.073381193797503,7.7286563551518395,0.4937004640340897,288.0,
2012-04-09,379003.0,3199244.0,7.701727238931801,7.701727238931801,7.432436076731386,7.674798122711758,-0.05385823244008251,175.0,
2012-04-10,860937.0,7693183.0,7.809443703811964,8.168498586745846,7.809443703811964,8.123616726379112,0.44881860366735427,304.0,
2012-04-11,681945.0,6202842.0,8.078734866012375,8.303144167846053,7.988971145278905,8.258262307479319,0.13464558110020625,261.0,
2012-04-12,551999.0,5047691.0,8.258262307479319,8.285191423699361,8.13259309845246,8.150545842599154,-0.10771646488016502,180.0,
2012-04-13,497623.0,4544925.0,8.213380447112584,8.285191423699361,8.024876633572292,8.222356819185931,0.07181097658677668,210.0,
2012-04-16,261955.0,2367505.0,8.213380447112584,8.213380447112584,8.04282937771899,8.141569470525807,-0.08078734866012376,99.0,
2012-04-17,261000.0,2335880.0,8.04282937771899,8.168498586745846,7.988971145278905,8.006923889425599,-0.13464558110020625,116.0,
2012-04-18,336276.0,2976269.0,8.006923889425599,8.06975849393903,7.836372820032006,7.917160168692128,-0.08976372073347086,149.0,
2012-04-19,372110.0,3265847.0,7.97999477320556,7.97999477320556,7.809443703811964,7.863301936252046,-0.05385823244008251,159.0,
2012-04-20,160001.0,1379908.0,7.809443703811964,7.8543255641787,7.647869006491715,7.647869006491715,-0.21543292976033004,70.0,
2012-04-23,322551.0,2705132.0,7.647869006491715,7.647869006491715,7.405506960511345,7.405506960511345,-0.24236204598037134,152.0,
2012-04-24,261845.0,2157329.0,7.405506960511345,7.522199797464858,7.270861379411138,7.333695983924568,-0.07181097658677668,113.0,
2012-04-25,203360.0,1687452.0,7.405506960511345,7.4952706812448175,7.405506960511345,7.441412448804733,0.10771646488016502,87.0,
2012-04-26,178056.0,1464963.0,7.450388820878081,7.459365192951429,7.270861379411138,7.3067668677045265,-0.13464558110020625,73.0,
2012-04-27,186343.0,1503817.0,7.360625100144609,7.3785778442913035,7.181097658677668,7.270861379411138,-0.03590548829338834,91.0,
2012-04-30,283358.0,2227367.0,7.181097658677668,7.181097658677668,6.911806496477256,7.091333937944197,-0.17952744146694172,105.0,
2012-05-02,249000.0,2025090.0,7.118263054164238,7.432436076731386,7.091333937944197,7.414483332584692,0.323149394640495,106.0,
2012-05-03,71111.0,584049.0,7.351648728071262,7.432436076731386,7.288814123557832,7.414483332584692,0.0,42.0,
2012-05-04,166823.0,1369190.0,7.342672355997915,7.432436076731386,7.3067668677045265,7.342672355997915,-0.07181097658677668,62.0,
2012-05-07,58119.0,469523.0,7.270861379411138,7.315743239777875,7.2349558911177505,7.252908635264445,-0.08976372073347086,25.0,
2012-05-08,40542.0,328022.0,7.270861379411138,7.279837751484486,7.252908635264445,7.252908635264445,0.0,26.0,
2012-05-09,61000.0,491790.0,7.252908635264445,7.270861379411138,7.181097658677668,7.2349558911177505,-0.01795274414669417,27.0,
2012-05-10,196979.0,1575623.0,7.181097658677668,7.270861379411138,7.073381193797503,7.14519217038428,-0.08976372073347086,67.0,
2012-05-11,142291.0,1107181.0,7.127239426237585,7.127239426237585,6.884877380257214,6.884877380257214,-0.26031479012706543,64.0,
2012-05-14,60647.0,466074.0,6.884877380257214,6.938735612697297,6.875901008183868,6.875901008183868,-0.008976372073347085,32.0,
2012-05-15,101291.0,762872.0,6.848971891963825,6.848971891963825,6.732279055010314,6.822042775743784,-0.05385823244008251,40.0,
2012-05-16,111000.0,838870.0,6.822042775743784,6.831019147817131,6.732279055010314,6.741255427083661,-0.08078734866012376,34.0,
2012-05-17,58402.0,439705.0,6.822042775743784,6.822042775743784,6.714326310863619,6.786137287450395,0.04488186036673543,32.0,
2012-05-18,99200.0,735885.0,6.786137287450395,6.786137287450395,6.552751613543372,6.552751613543372,-0.2333856739070242,47.0,
2012-05-21,61002.0,450234.0,6.642515334276843,6.651491706350191,6.561727985616718,6.642515334276843,0.08976372073347086,26.0,
2012-05-22,126646.0,926456.0,6.588657101836761,6.633538962203495,6.552751613543372,6.597633473910108,-0.04488186036673543,51.0,
2012-05-23,49002.0,357124.0,6.561727985616718,6.561727985616718,6.489917009029942,6.498893381103289,-0.09874009280681793,20.0,
2012-05-24,109275.0,784045.0,6.561727985616718,6.570704357690066,6.373224172076431,6.373224172076431,-0.1256692090268592,42.0,
2012-05-25,264369.0,1822218.0,6.418106032443166,6.418106032443166,6.1218857540227125,6.148814870242752,-0.22440930183367713,79.0,
2012-05-28,200427.0,1346543.0,6.220625846829529,6.220625846829529,5.951334684629117,6.130862126096059,-0.01795274414669417,81.0,
2012-05-29,129385.0,916693.0,6.148814870242752,6.498893381103289,6.148814870242752,6.462987892809902,0.3321257667138421,75.0,
2012-05-30,116000.0,833710.0,6.507869753176637,6.507869753176637,6.418106032443166,6.462987892809902,0.0,31.0,
2012-05-31,81445.0,579022.0,6.400153288296471,6.418106032443166,6.355271427929736,6.382200544149778,-0.08078734866012376,32.0,
2012-06-01,43980.0,310910.0,6.382200544149778,6.400153288296471,6.310389567563002,6.337318683783042,-0.04488186036673543,25.0,
2012-06-04,188013.0,1273056.0,6.283460451342959,6.283460451342959,5.978263800849159,6.041098405362589,-0.2962202784204538,74.0,
2012-06-05,171540.0,1183436.0,6.085980265729324,6.301413195489654,6.0590511495092825,6.175743986462794,0.13464558110020625,75.0,
2012-06-06,126001.0,868536.0,6.238578590976224,6.256531335122918,6.103933009876018,6.238578590976224,0.0628346045134296,50.0,
2012-06-07,148491.0,1046245.0,6.283460451342959,6.418106032443166,6.238578590976224,6.238578590976224,0.0,74.0,
2012-06-08,89110.0,615849.0,6.148814870242752,6.283460451342959,6.148814870242752,6.220625846829529,-0.01795274414669417,41.0,
2012-06-11,119208.0,831766.0,6.274484079269612,6.292436823416306,6.211649474756182,6.247554963049571,0.026929116220041256,43.0,
2012-06-12,55000.0,381530.0,6.1936967306094886,6.283460451342959,6.175743986462794,6.202673102682836,-0.04488186036673543,22.0,
2012-06-13,211333.0,1460552.0,6.202673102682836,6.2655077071962655,6.175743986462794,6.175743986462794,-0.026929116220041256,37.0,
2012-06-14,58959.0,411315.0,6.184720358536141,6.310389567563002,6.184720358536141,6.202673102682836,0.026929116220041256,28.0,
2012-06-15,93285.0,650106.0,6.274484079269612,6.3283423117096955,6.229602218902877,6.238578590976224,0.03590548829338834,39.0,
2012-06-18,77123.0,546152.0,6.301413195489654,6.400153288296471,6.301413195489654,6.382200544149778,0.14362195317355336,34.0,
2012-06-19,62878.0,442434.0,6.364247800003082,6.364247800003082,6.283460451342959,6.283460451342959,-0.09874009280681793,27.0,
2012-06-20,323746.0,2321413.0,6.301413195489654,6.579680729763414,6.301413195489654,6.418106032443166,0.13464558110020625,114.0,
2012-06-21,152111.0,1097318.0,6.427082404516513,6.5437752414700245,6.391176916223125,6.4091296603698185,-0.008976372073347085,54.0,
2012-06-22,90991.0,645414.0,6.364247800003082,6.400153288296471,6.319365939636348,6.391176916223125,-0.01795274414669417,32.0,
2012-06-25,124008.0,881694.0,6.373224172076431,6.4091296603698185,6.373224172076431,6.382200544149778,-0.008976372073347085,37.0,
2012-06-26,25341.0,179017.0,6.346295055856389,6.4091296603698185,6.319365939636348,6.3283423117096955,-0.05385823244008251,19.0,
2012-06-27,71000.0,501980.0,6.337318683783042,6.400153288296471,6.283460451342959,6.346295055856389,0.01795274414669417,31.0,
2012-06-28,99276.0,701125.0,6.373224172076431,6.382200544149778,6.283460451342959,6.283460451342959,-0.0628346045134296,42.0,
2012-06-29,65143.0,458881.0,6.2655077071962655,6.364247800003082,6.2655077071962655,6.355271427929736,0.07181097658677668,32.0,
2012-07-02,30999.0,219861.0,6.373224172076431,6.400153288296471,6.337318683783042,6.382200544149778,0.026929116220041256,20.0,
2012-07-03,59533.0,427222.0,6.373224172076431,6.462987892809902,6.373224172076431,6.462987892809902,0.08078734866012376,37.0,
2012-07-04,198255.0,1447470.0,6.552751613543372,6.624562590130148,6.534798869396678,6.552751613543372,0.08976372073347086,52.0,
2012-07-05,48693.0,352487.0,6.552751613543372,6.552751613543372,6.480940636956595,6.480940636956595,-0.07181097658677668,30.0,
2012-07-06,142259.0,1037119.0,6.489917009029942,6.597633473910108,6.480940636956595,6.588657101836761,0.10771646488016502,64.0,
2012-07-09,71059.0,513858.0,6.624562590130148,6.624562590130148,6.436058776589859,6.480940636956595,-0.10771646488016502,29.0,
2012-07-10,122213.0,868594.0,6.462987892809902,6.462987892809902,6.3283423117096955,6.3283423117096955,-0.15259832524690045,51.0,
2012-07-11,63183.0,450329.0,6.373224172076431,6.418106032443166,6.373224172076431,6.382200544149778,0.05385823244008251,21.0,
2012-07-12,93000.0,655230.0,6.346295055856389,6.346295055856389,6.301413195489654,6.337318683783042,-0.04488186036673543,21.0,
2012-07-13,48120.0,338730.0,6.310389567563002,6.382200544149778,6.310389567563002,6.364247800003082,0.026929116220041256,21.0,
2012-07-16,96569.0,675513.0,6.364247800003082,6.364247800003082,6.256531335122918,6.2655077071962655,-0.09874009280681793,29.0,
2012-07-17,97079.0,684310.0,6.2655077071962655,6.373224172076431,6.2655077071962655,6.310389567563002,0.04488186036673543,25.0,
2012-07-18,48289.0,337083.0,6.283460451342959,6.301413195489654,6.238578590976224,6.274484079269612,-0.03590548829338834,23.0,
2012-07-19,171502.0,1199418.0,6.2655077071962655,6.346295055856389,6.229602218902877,6.283460451342959,0.008976372073347085,37.0,
2012-07-20,51000.0,357000.0,6.283460451342959,6.283460451342959,6.283460451342959,6.283460451342959,0.0,11.0,
2012-07-23,71204.0,493465.0,6.283460451342959,6.283460451342959,6.175743986462794,6.211649474756182,-0.07181097658677668,29.0,
2012-07-24,169403.0,1166934.0,6.1936967306094886,6.202673102682836,6.085980265729324,6.139838498169405,-0.07181097658677668,41.0,
2012-07-25,52598.0,363845.0,6.103933009876018,6.247554963049571,6.103933009876018,6.130862126096059,-0.008976372073347085,32.0,
2012-07-26,104010.0,722370.0,6.211649474756182,6.247554963049571,6.1936967306094886,6.238578590976224,0.10771646488016502,44.0,
2012-07-27,235799.0,1650818.0,6.283460451342959,6.346295055856389,6.238578590976224,6.283460451342959,0.04488186036673543,58.0,
2012-07-30,235999.0,1657483.0,6.283460451342959,6.355271427929736,6.274484079269612,6.337318683783042,0.05385823244008251,39.0,
2012-07-31,39023.0,273150.0,6.337318683783042,6.337318683783042,6.274484079269612,6.283460451342959,-0.05385823244008251,20.0,
2012-08-01,190126.0,1346872.0,6.3283423117096955,6.418106032443166,6.3283423117096955,6.355271427929736,0.07181097658677668,41.0,
2012-08-03,68000.0,476290.0,6.337318683783042,6.337318683783042,6.274484079269612,6.283460451342959,-0.07181097658677668,21.0,
2012-08-06,129768.0,904005.0,6.319365939636348,6.319365939636348,6.175743986462794,6.247554963049571,-0.03590548829338834,58.0,
2012-08-07,829760.0,5730553.0,6.1936967306094886,6.3283423117096955,6.1936967306094886,6.238578590976224,-0.008976372073347085,42.0,
2012-08-08,66886.0,469818.0,6.247554963049571,6.3283423117096955,6.247554963049571,6.3283423117096955,0.08976372073347086,33.0,
2012-08-09,167285.0,1202047.0,6.3283423117096955,6.606609845983455,6.301413195489654,6.552751613543372,0.22440930183367713,89.0,
2012-08-10,203725.0,1482319.0,6.597633473910108,6.606609845983455,6.418106032443166,6.462987892809902,-0.08976372073347086,61.0,
2012-08-13,82999.0,600222.0,6.507869753176637,6.534798869396678,6.462987892809902,6.489917009029942,0.026929116220041256,36.0,
2012-08-14,248738.0,1805714.0,6.552751613543372,6.615586218056802,6.480940636956595,6.534798869396678,0.04488186036673543,66.0,
2012-08-15,87034.0,633735.0,6.552751613543372,6.588657101836761,6.489917009029942,6.561727985616718,0.026929116220041256,41.0,
2012-08-16,164675.0,1199082.0,6.561727985616718,6.597633473910108,6.498893381103289,6.516846125249984,-0.04488186036673543,56.0,
2012-08-17,130125.0,946339.0,6.552751613543372,6.561727985616718,6.498893381103289,6.552751613543372,0.03590548829338834,51.0,
2012-08-20,19002.0,137334.0,6.552751613543372,6.552751613543372,6.462987892809902,6.480940636956595,-0.07181097658677668,12.0,
2012-08-21,52110.0,377002.0,6.480940636956595,6.552751613543372,6.471964264883248,6.471964264883248,-0.008976372073347085,31.0,
2012-08-22,19000.0,137910.0,6.498893381103289,6.534798869396678,6.498893381103289,6.507869753176637,0.03590548829338834,14.0,
2012-08-23,259986.0,1907155.0,6.507869753176637,6.687397194643579,6.480940636956595,6.597633473910108,0.08976372073347086,82.0,
2012-08-24,104220.0,761315.0,6.588657101836761,6.588657101836761,6.52582249732333,6.534798869396678,-0.0628346045134296,42.0,
2012-08-27,60000.0,436650.0,6.615586218056802,6.615586218056802,6.507869753176637,6.507869753176637,-0.026929116220041256,21.0,
2012-08-28,215923.0,1529004.0,6.462987892809902,6.462987892809902,6.283460451342959,6.283460451342959,-0.22440930183367713,88.0,
2012-08-29,188706.0,1322792.0,6.283460451342959,6.3283423117096955,6.283460451342959,6.310389567563002,0.026929116220041256,41.0,
2012-08-30,81396.0,574722.0,6.283460451342959,6.373224172076431,6.283460451342959,6.364247800003082,0.05385823244008251,34.0,
2012-08-31,181647.0,1269192.0,6.310389567563002,6.364247800003082,6.238578590976224,6.238578590976224,-0.1256692090268592,51.0,
2012-09-03,179200.0,1240335.0,6.202673102682836,6.292436823416306,6.148814870242752,6.256531335122918,0.01795274414669417,62.0,
2012-09-04,162745.0,1132385.0,6.301413195489654,6.301413195489654,6.202673102682836,6.283460451342959,0.026929116220041256,44.0,
2012-09-05,90615.0,627265.0,6.301413195489654,6.301413195489654,6.175743986462794,6.184720358536141,-0.09874009280681793,32.0,
2012-09-06,76930.0,531216.0,6.238578590976224,6.283460451342959,6.175743986462794,6.175743986462794,-0.008976372073347085,35.0,
2012-09-07,70135.0,487655.0,6.2655077071962655,6.283460451342959,6.202673102682836,6.2655077071962655,0.08976372073347086,36.0,
2012-09-10,161524.0,1204965.0,6.696373566716925,6.696373566716925,6.696373566716925,6.696373566716925,0.4308658595206601,109.0,
2012-09-11,1558024.0,12276297.0,7.1631449145309745,7.1631449145309745,6.893853752330561,6.893853752330561,0.19748018561363587,491.0,
2012-09-12,521507.0,3970041.0,6.893853752330561,6.983617473064032,6.741255427083661,6.741255427083661,-0.15259832524690045,182.0,
2012-09-13,411605.0,3110899.0,6.866924636110521,6.866924636110521,6.732279055010314,6.813066403670438,0.07181097658677668,121.0,
2012-09-14,405099.0,3117058.0,6.822042775743784,6.956688356843991,6.822042775743784,6.875901008183868,0.0628346045134296,135.0,
2012-09-17,244376.0,1881298.0,7.001570217210727,7.001570217210727,6.875901008183868,6.875901008183868,0.0,72.0,
2012-09-18,119903.0,914432.0,6.866924636110521,6.893853752330561,6.822042775743784,6.831019147817131,-0.04488186036673543,45.0,
2012-09-19,162405.0,1231607.0,6.831019147817131,6.902830124403909,6.777160915377049,6.822042775743784,-0.008976372073347085,63.0,
2012-09-20,123447.0,930046.0,6.786137287450395,6.813066403670438,6.705349938790272,6.768184543303702,-0.05385823244008251,59.0,
2012-09-21,159487.0,1213132.0,6.80409003159709,6.848971891963825,6.786137287450395,6.839995519890478,0.07181097658677668,69.0,
2012-09-24,172505.0,1311786.0,6.839995519890478,6.857948264037173,6.768184543303702,6.777160915377049,-0.0628346045134296,53.0,
2012-09-25,138330.0,1046204.0,6.750231799157007,6.831019147817131,6.750231799157007,6.768184543303702,-0.008976372073347085,48.0,
2012-09-26,234303.0,1767256.0,6.768184543303702,6.813066403670438,6.750231799157007,6.750231799157007,-0.01795274414669417,48.0,
2012-09-27,428945.0,3337705.0,6.813066403670438,7.136215798310933,6.80409003159709,7.001570217210727,0.2513384180537184,204.0,
2012-09-28,204395.0,1584426.0,7.010546589284073,7.010546589284073,6.893853752330561,6.902830124403909,-0.09874009280681793,72.0,
2012-10-01,64081.0,491941.0,6.965664728917338,6.965664728917338,6.848971891963825,6.848971891963825,-0.05385823244008251,32.0,
2012-10-02,131718.0,1005144.0,6.938735612697297,6.938735612697297,6.813066403670438,6.831019147817131,-0.01795274414669417,59.0,
2012-10-03,411371.0,3188516.0,6.777160915377049,7.118263054164238,6.777160915377049,7.037475705504115,0.20645655768698296,139.0,
2012-10-04,762827.0,6134811.0,7.037475705504115,7.38755421636465,7.037475705504115,7.127239426237585,0.08976372073347086,302.0,
2012-10-05,196275.0,1560781.0,7.118263054164238,7.252908635264445,7.001570217210727,7.001570217210727,-0.1256692090268592,88.0,
2012-10-08,243110.0,1861105.0,7.001570217210727,7.001570217210727,6.777160915377049,6.786137287450395,-0.21543292976033004,107.0,
2012-10-09,527072.0,3874959.0,6.759208171230355,6.777160915377049,6.373224172076431,6.4091296603698185,-0.3770076270805776,162.0,
2012-10-11,110550.0,778814.0,6.319365939636348,6.4091296603698185,6.238578590976224,6.283460451342959,-0.1256692090268592,48.0,
2012-10-12,67288.0,469845.0,6.2655077071962655,6.301413195489654,6.247554963049571,6.256531335122918,-0.026929116220041256,26.0,
2012-10-15,213840.0,1475322.0,6.283460451342959,6.283460451342959,6.175743986462794,6.211649474756182,-0.04488186036673543,68.0,
2012-10-16,81615.0,567686.0,6.2655077071962655,6.292436823416306,6.211649474756182,6.292436823416306,0.08078734866012376,34.0,
2012-10-17,198963.0,1381474.0,6.310389567563002,6.310389567563002,6.1936967306094886,6.238578590976224,-0.05385823244008251,69.0,
2012-10-18,66199.0,458659.0,6.238578590976224,6.274484079269612,6.175743986462794,6.1936967306094886,-0.04488186036673543,29.0,
2012-10-19,65774.0,453353.0,6.1936967306094886,6.211649474756182,6.184720358536141,6.184720358536141,-0.008976372073347085,25.0,
2012-10-22,77001.0,523866.0,6.157791242316101,6.157791242316101,6.0590511495092825,6.1218857540227125,-0.0628346045134296,30.0,
2012-10-23,38983.0,265164.0,6.103933009876018,6.130862126096059,6.06802752158263,6.130862126096059,0.008976372073347085,23.0,
2012-10-24,47165.0,321183.0,6.148814870242752,6.148814870242752,6.094956637802671,6.103933009876018,-0.026929116220041256,20.0,
2012-10-25,83000.0,561857.0,6.1218857540227125,6.1218857540227125,6.0590511495092825,6.103933009876018,0.0,28.0,
2012-10-26,134064.0,874021.0,6.06802752158263,6.06802752158263,5.699996266575399,5.861570963895646,-0.24236204598037134,63.0,
2012-10-29,196194.0,1248501.0,5.78975998730887,5.78975998730887,5.673067150355358,5.673067150355358,-0.1885038135402888,91.0,
2012-10-30,157542.0,969063.0,5.484563336815069,5.6461380341353165,5.394799616081597,5.520468825108457,-0.15259832524690045,66.0,
2012-10-31,74644.0,461778.0,5.583303429621887,5.583303429621887,5.493539708888417,5.493539708888417,-0.026929116220041256,42.0,
2012-11-01,148052.0,893682.0,5.475586964741722,5.5025160809617635,5.385823244008251,5.475586964741722,-0.01795274414669417,54.0,
2012-11-02,173605.0,1055887.0,5.520468825108457,5.520468825108457,5.412752360228292,5.412752360228292,-0.0628346045134296,105.0,
2012-11-05,119440.0,717992.0,5.412752360228292,5.412752360228292,5.314012267421473,5.340941383641516,-0.07181097658677668,31.0,
2012-11-06,13965.0,83865.0,5.349917755714863,5.430705104374986,5.349917755714863,5.42172873230164,0.08078734866012376,18.0,
2012-11-07,92152.0,561444.0,5.42172873230164,5.520468825108457,5.42172873230164,5.520468825108457,0.09874009280681793,35.0,
2012-11-08,47738.0,286878.0,5.385823244008251,5.457634220595028,5.385823244008251,5.44865784852168,-0.07181097658677668,23.0,
2012-11-09,72276.0,440883.0,5.44865784852168,5.520468825108457,5.394799616081597,5.520468825108457,0.07181097658677668,29.0,
2012-11-12,82021.0,504215.0,5.5653506854751935,5.5653506854751935,5.457634220595028,5.520468825108457,0.0,48.0,
2012-11-13,54381.0,331266.0,5.520468825108457,5.547397941328499,5.412752360228292,5.42172873230164,-0.09874009280681793,30.0,
2012-11-14,114147.0,685412.0,5.385823244008251,5.475586964741722,5.340941383641516,5.385823244008251,-0.03590548829338834,53.0,
2012-11-15,95165.0,576850.0,5.385823244008251,5.5025160809617635,5.340941383641516,5.44865784852168,0.0628346045134296,40.0,
2012-11-16,39459.0,240014.0,5.412752360228292,5.493539708888417,5.412752360228292,5.430705104374986,-0.01795274414669417,26.0,
2012-11-19,93000.0,560680.0,5.430705104374986,5.430705104374986,5.385823244008251,5.385823244008251,-0.04488186036673543,31.0,
2012-11-20,62302.0,374514.0,5.385823244008251,5.457634220595028,5.367870499861557,5.376846871934903,-0.008976372073347085,28.0,
2012-11-21,107614.0,635216.0,5.340941383641516,5.349917755714863,5.278106779128086,5.287083151201434,-0.08976372073347086,41.0,
2012-11-22,53241.0,314311.0,5.349917755714863,5.35889412778821,5.242201290834697,5.2960595232747805,0.008976372073347085,31.0,
2012-11-23,92340.0,552305.0,5.314012267421473,5.412752360228292,5.314012267421473,5.394799616081597,0.09874009280681793,42.0,
2012-11-26,126334.0,767371.0,5.430705104374986,5.520468825108457,5.412752360228292,5.493539708888417,0.09874009280681793,47.0,
2012-11-27,132650.0,804120.0,5.493539708888417,5.493539708888417,5.403775988154944,5.430705104374986,-0.0628346045134296,45.0,
2012-11-28,68298.0,415236.0,5.475586964741722,5.475586964741722,5.430705104374986,5.466610592668375,0.03590548829338834,27.0,
2012-11-29,349163.0,2217949.0,5.484563336815069,5.834641847675605,5.484563336815069,5.78975998730887,0.323149394640495,110.0,
2012-11-30,344735.0,2262090.0,5.798736359382216,5.996216544995852,5.798736359382216,5.915429196335729,0.1256692090268592,121.0,
2012-12-03,235154.0,1574630.0,5.915429196335729,6.0590511495092825,5.861570963895646,6.014169289142547,0.09874009280681793,94.0,
2012-12-04,106729.0,716374.0,6.014169289142547,6.094956637802671,5.978263800849159,6.032122033289242,0.01795274414669417,42.0,
2012-12-05,171405.0,1146657.0,6.0590511495092825,6.077003893655976,5.94235831255577,5.996216544995852,-0.03590548829338834,71.0,
2012-12-06,199107.0,1334745.0,5.996216544995852,6.094956637802671,5.996216544995852,6.005192917069199,0.008976372073347085,68.0,
2012-12-07,53828.0,359264.0,6.014169289142547,6.014169289142547,5.951334684629117,5.951334684629117,-0.05385823244008251,22.0,
2012-12-10,54999.0,363282.0,5.951334684629117,6.014169289142547,5.906452824262382,5.906452824262382,-0.04488186036673543,25.0,
2012-12-11,87999.0,572233.0,5.906452824262382,5.906452824262382,5.7718072431621765,5.870547335968993,-0.03590548829338834,32.0,
2012-12-12,67723.0,447069.0,5.888500080115687,5.969287428775811,5.888500080115687,5.951334684629117,0.08078734866012376,31.0,
2012-12-13,186230.0,1251960.0,5.978263800849159,6.130862126096059,5.906452824262382,6.014169289142547,0.0628346045134296,76.0,
2012-12-14,68067.0,456653.0,6.014169289142547,6.0590511495092825,6.005192917069199,6.005192917069199,-0.008976372073347085,29.0,
2012-12-17,214084.0,1431307.0,6.014169289142547,6.014169289142547,5.9872401729225055,6.014169289142547,0.008976372073347085,30.0,
2012-12-18,60164.0,404820.0,6.023145661215895,6.06802752158263,6.005192917069199,6.0590511495092825,0.04488186036673543,28.0,
2012-12-19,145294.0,974739.0,6.077003893655976,6.077003893655976,6.005192917069199,6.014169289142547,-0.04488186036673543,36.0,
2012-12-20,182001.0,1213336.0,6.014169289142547,6.050074777435936,5.9244055684090755,5.951334684629117,-0.0628346045134296,35.0,
2012-12-21,229171.0,1479204.0,5.951334684629117,5.951334684629117,5.744878126942135,5.744878126942135,-0.20645655768698296,72.0,
2012-12-22,22357.0,143755.0,5.744878126942135,5.798736359382216,5.744878126942135,5.744878126942135,0.0,22.0,
2012-12-24,175331.0,1119468.0,5.744878126942135,5.753854499015482,5.699996266575399,5.699996266575399,-0.04488186036673543,50.0,
2012-12-25,81580.0,525576.0,5.699996266575399,5.834641847675605,5.699996266575399,5.834641847675605,0.13464558110020625,41.0,
2012-12-26,108338.0,705566.0,5.834641847675605,5.897476452189035,5.780783615235523,5.897476452189035,0.0628346045134296,38.0,
2012-12-27,67875.0,445297.0,5.897476452189035,5.933381940482423,5.87952370804234,5.9244055684090755,0.026929116220041256,36.0,
2012-12-28,142227.0,952706.0,5.870547335968993,6.0590511495092825,5.870547335968993,6.050074777435936,0.1256692090268592,76.0,
2013-01-02,285188.0,1942346.0,6.077003893655976,6.166767614389448,6.0590511495092825,6.06802752158263,0.01795274414669417,89.0,
2013-01-03,147842.0,1010391.0,6.139838498169405,6.166767614389448,6.103933009876018,6.166767614389448,0.09874009280681793,51.0,
2013-01-04,73516.0,498366.0,6.166767614389448,6.166767614389448,6.050074777435936,6.06802752158263,-0.09874009280681793,36.0,
2013-01-07,91799.0,611841.0,6.041098405362589,6.041098405362589,5.960311056702464,5.969287428775811,-0.09874009280681793,30.0,
2013-01-08,92973.0,606573.0,5.951334684629117,5.951334684629117,5.807712731455565,5.834641847675605,-0.13464558110020625,36.0,
2013-01-09,34004.0,220826.0,5.807712731455565,5.87952370804234,5.798736359382216,5.87952370804234,0.04488186036673543,18.0,
2013-01-10,71541.0,469991.0,5.843618219748953,5.933381940482423,5.843618219748953,5.9244055684090755,0.04488186036673543,32.0,
2013-01-11,96725.0,638279.0,5.897476452189035,5.951334684629117,5.87952370804234,5.933381940482423,0.008976372073347085,27.0,
2013-01-14,277970.0,1862378.0,5.933381940482423,6.06802752158263,5.933381940482423,6.050074777435936,0.1166928369535121,90.0,
2013-01-15,599916.0,4217677.0,6.077003893655976,6.454011520736554,6.077003893655976,6.247554963049571,0.19748018561363587,215.0,
2013-01-16,274302.0,1903571.0,6.2655077071962655,6.3283423117096955,6.112909381949365,6.112909381949365,-0.13464558110020625,101.0,
2013-01-17,225165.0,1527247.0,6.148814870242752,6.229602218902877,5.960311056702464,5.969287428775811,-0.14362195317355336,77.0,
2013-01-18,66290.0,445201.0,6.014169289142547,6.06802752158263,6.005192917069199,6.06802752158263,0.09874009280681793,29.0,
2013-01-21,323950.0,2222444.0,6.077003893655976,6.247554963049571,6.077003893655976,6.1936967306094886,0.1256692090268592,108.0,
2013-01-22,115099.0,800321.0,6.256531335122918,6.301413195489654,6.1936967306094886,6.202673102682836,0.008976372073347085,52.0,
2013-01-23,186261.0,1289098.0,6.202673102682836,6.274484079269612,6.130862126096059,6.211649474756182,0.008976372073347085,52.0,
2013-01-24,264242.0,1847551.0,6.292436823416306,6.310389567563002,6.1936967306094886,6.292436823416306,0.08078734866012376,102.0,
2013-01-25,87667.0,613781.0,6.319365939636348,6.346295055856389,6.247554963049571,6.274484079269612,-0.01795274414669417,47.0,
2013-01-28,824233.0,5865088.0,6.319365939636348,6.552751613543372,6.319365939636348,6.4091296603698185,0.13464558110020625,173.0,
2013-01-29,288388.0,2052113.0,6.427082404516513,6.445035148663207,6.355271427929736,6.391176916223125,-0.01795274414669417,66.0,
2013-01-30,104959.0,746807.0,6.454011520736554,6.454011520736554,6.364247800003082,6.391176916223125,0.0,54.0,
2013-01-31,177149.0,1253303.0,6.364247800003082,6.427082404516513,6.301413195489654,6.3283423117096955,-0.0628346045134296,46.0,
2013-02-01,110982.0,782132.0,6.3283423117096955,6.391176916223125,6.274484079269612,6.355271427929736,0.026929116220041256,44.0,
2013-02-04,44981.0,317527.0,6.3283423117096955,6.355271427929736,6.310389567563002,6.3283423117096955,-0.026929116220041256,25.0,
2013-02-05,57212.0,400942.0,6.3283423117096955,6.3283423117096955,6.256531335122918,6.274484079269612,-0.05385823244008251,22.0,
2013-02-06,85944.0,595951.0,6.310389567563002,6.310389567563002,6.202673102682836,6.202673102682836,-0.07181097658677668,33.0,
2013-02-18,24059.0,166184.0,6.283460451342959,6.283460451342959,6.202673102682836,6.202673102682836,0.0,26.0,
2013-02-19,130275.0,899485.0,6.1936967306094886,6.238578590976224,6.175743986462794,6.211649474756182,0.008976372073347085,25.0,
2013-02-20,64949.0,450035.0,6.238578590976224,6.247554963049571,6.202673102682836,6.211649474756182,0.0,36.0,
2013-02-21,20565.0,142245.0,6.211649474756182,6.238578590976224,6.184720358536141,6.238578590976224,0.026929116220041256,12.0,
2013-02-22,72110.0,497709.0,6.1936967306094886,6.229602218902877,6.184720358536141,6.184720358536141,-0.05385823244008251,23.0,
2013-02-23,48035.0,332015.0,6.1936967306094886,6.247554963049571,6.1936967306094886,6.220625846829529,0.03590548829338834,23.0,
2013-02-25,62553.0,433213.0,6.238578590976224,6.283460451342959,6.1936967306094886,6.1936967306094886,-0.026929116220041256,34.0,
2013-02-26,79953.0,554896.0,6.274484079269612,6.274484079269612,6.148814870242752,6.148814870242752,-0.04488186036673543,30.0,
2013-02-27,40838.0,279707.0,6.256531335122918,6.256531335122918,6.103933009876018,6.103933009876018,-0.04488186036673543,28.0,
2013-03-01,35045.0,239673.0,6.148814870242752,6.184720358536141,6.1218857540227125,6.184720358536141,0.08078734866012376,15.0,
2013-03-04,56339.0,386834.0,6.211649474756182,6.229602218902877,6.130862126096059,6.148814870242752,-0.03590548829338834,26.0,
2013-03-05,57022.0,391378.0,6.175743986462794,6.1936967306094886,6.1218857540227125,6.175743986462794,0.026929116220041256,27.0,
2013-03-06,72847.0,503871.0,6.1936967306094886,6.238578590976224,6.175743986462794,6.238578590976224,0.0628346045134296,40.0,
2013-03-07,103571.0,713221.0,6.238578590976224,6.238578590976224,6.157791242316101,6.175743986462794,-0.0628346045134296,46.0,
2013-03-08,138063.0,956490.0,6.283460451342959,6.283460451342959,6.175743986462794,6.238578590976224,0.0628346045134296,70.0,
2013-03-11,1297640.0,9337317.0,6.238578590976224,6.669444450496884,6.238578590976224,6.669444450496884,0.4308658595206601,321.0,
2013-03-12,888789.0,6692731.0,6.732279055010314,6.866924636110521,6.597633473910108,6.606609845983455,-0.0628346045134296,316.0,
2013-03-13,187550.0,1358930.0,6.606609845983455,6.606609845983455,6.445035148663207,6.445035148663207,-0.1615746973202475,90.0,
2013-03-14,279999.0,2049651.0,6.454011520736554,6.669444450496884,6.454011520736554,6.516846125249984,0.07181097658677668,118.0,
2013-03-15,177728.0,1289857.0,6.561727985616718,6.561727985616718,6.454011520736554,6.454011520736554,-0.0628346045134296,49.0,
2013-03-18,152421.0,1086379.0,6.418106032443166,6.445035148663207,6.364247800003082,6.436058776589859,-0.01795274414669417,55.0,
2013-03-19,229183.0,1641588.0,6.436058776589859,6.462987892809902,6.364247800003082,6.427082404516513,-0.008976372073347085,70.0,
2013-03-20,183360.0,1306692.0,6.4091296603698185,6.480940636956595,6.301413195489654,6.480940636956595,0.05385823244008251,64.0,
2013-03-21,124882.0,890161.0,6.480940636956595,6.480940636956595,6.382200544149778,6.382200544149778,-0.09874009280681793,29.0,
2013-03-22,189586.0,1364282.0,6.480940636956595,6.498893381103289,6.364247800003082,6.364247800003082,-0.01795274414669417,62.0,
2013-03-25,458417.0,3296093.0,6.454011520736554,6.52582249732333,6.382200544149778,6.427082404516513,0.0628346045134296,97.0,
2013-03-26,312447.0,2247882.0,6.427082404516513,6.52582249732333,6.400153288296471,6.462987892809902,0.03590548829338834,85.0,
2013-03-27,3664341.0,27598148.0,6.418106032443166,6.911806496477256,6.418106032443166,6.732279055010314,0.2692911622004125,663.0,
2013-03-28,547196.0,4058809.0,6.705349938790272,6.705349938790272,6.597633473910108,6.633538962203495,-0.09874009280681793,148.0,
2013-03-29,233412.0,1737113.0,6.633538962203495,6.723302682936968,6.633538962203495,6.723302682936968,0.08976372073347086,89.0,
2013-04-01,379026.0,2819481.0,6.750231799157007,6.795113659523744,6.624562590130148,6.633538962203495,-0.08976372073347086,120.0,
2013-04-02,169715.0,1266560.0,6.705349938790272,6.732279055010314,6.651491706350191,6.651491706350191,0.01795274414669417,62.0,
2013-04-03,210761.0,1551801.0,6.651491706350191,6.660468078423537,6.561727985616718,6.660468078423537,0.008976372073347085,74.0,
2013-04-08,263126.0,1879603.0,6.462987892809902,6.606609845983455,6.355271427929736,6.391176916223125,-0.2692911622004125,98.0,
2013-04-09,103290.0,731920.0,6.373224172076431,6.436058776589859,6.3283423117096955,6.3283423117096955,-0.0628346045134296,51.0,
2013-04-10,366275.0,2612328.0,6.337318683783042,6.498893381103289,6.3283423117096955,6.391176916223125,0.0628346045134296,67.0,
2013-04-11,98183.0,701542.0,6.373224172076431,6.454011520736554,6.373224172076431,6.427082404516513,0.03590548829338834,27.0,
2013-04-12,84004.0,598938.0,6.382200544149778,6.427082404516513,6.382200544149778,6.4091296603698185,-0.01795274414669417,29.0,
2013-04-15,197944.0,1415218.0,6.4091296603698185,6.462987892809902,6.373224172076431,6.462987892809902,0.05385823244008251,59.0,
2013-04-16,96380.0,688950.0,6.4091296603698185,6.454011520736554,6.391176916223125,6.427082404516513,-0.03590548829338834,36.0,
2013-04-17,110908.0,799427.0,6.427082404516513,6.516846125249984,6.418106032443166,6.489917009029942,0.0628346045134296,42.0,
2013-04-18,114920.0,837594.0,6.480940636956595,6.579680729763414,6.480940636956595,6.570704357690066,0.08078734866012376,48.0,
2013-04-19,117702.0,865373.0,6.570704357690066,6.642515334276843,6.570704357690066,6.579680729763414,0.008976372073347085,54.0,
2013-04-22,107562.0,801757.0,6.6784208225702315,6.723302682936968,6.6784208225702315,6.705349938790272,0.1256692090268592,46.0,
2013-04-23,453999.0,3480351.0,6.705349938790272,6.983617473064032,6.705349938790272,6.857948264037173,0.15259832524690045,179.0,
2013-04-24,438967.0,3386439.0,6.911806496477256,7.037475705504115,6.80409003159709,6.80409003159709,-0.05385823244008251,163.0,
2013-04-25,58619.0,445313.0,6.875901008183868,6.875901008183868,6.795113659523744,6.839995519890478,0.03590548829338834,23.0,
2013-04-26,184838.0,1406864.0,6.839995519890478,6.938735612697297,6.714326310863619,6.813066403670438,-0.026929116220041256,69.0,
2013-04-29,304507.0,2268600.0,6.813066403670438,6.813066403670438,6.597633473910108,6.705349938790272,-0.10771646488016502,85.0,
2013-04-30,136293.0,1013463.0,6.714326310863619,6.750231799157007,6.624562590130148,6.633538962203495,-0.07181097658677668,51.0,
2013-05-02,101000.0,746040.0,6.624562590130148,6.696373566716925,6.615586218056802,6.633538962203495,0.0,34.0,
2013-05-03,210066.0,1582510.0,6.633538962203495,6.857948264037173,6.633538962203495,6.759208171230355,0.1256692090268592,112.0,
2013-05-06,272515.0,2087441.0,6.813066403670438,6.92975924062395,6.813066403670438,6.857948264037173,0.09874009280681793,120.0,
2013-05-07,129632.0,982559.0,6.857948264037173,6.875901008183868,6.768184543303702,6.777160915377049,-0.08078734866012376,48.0,
2013-05-08,77504.0,586048.0,6.777160915377049,6.831019147817131,6.759208171230355,6.831019147817131,0.05385823244008251,48.0,
2013-05-09,201348.0,1539290.0,6.839995519890478,6.911806496477256,6.822042775743784,6.893853752330561,0.0628346045134296,75.0,
2013-05-10,263005.0,2011985.0,6.911806496477256,6.911806496477256,6.822042775743784,6.893853752330561,0.0,82.0,
2013-05-13,221226.0,1697822.0,6.893853752330561,6.9477119847706446,6.831019147817131,6.938735612697297,0.04488186036673543,70.0,
2013-05-14,618122.0,4878158.0,6.938735612697297,7.181097658677668,6.938735612697297,7.037475705504115,0.09874009280681793,199.0,
2013-05-15,430941.0,3449838.0,7.073381193797503,7.2259795190444045,7.073381193797503,7.199050402824361,0.1615746973202475,186.0,
2013-05-16,356838.0,2846383.0,7.2977904956311805,7.2977904956311805,7.1003103100175435,7.1003103100175435,-0.09874009280681793,134.0,
2013-05-17,177891.0,1407960.0,7.1003103100175435,7.181097658677668,7.055428449650809,7.064404821724155,-0.03590548829338834,80.0,
2013-05-20,183754.0,1443171.0,7.064404821724155,7.127239426237585,6.983617473064032,7.0284993334307675,-0.03590548829338834,56.0,
2013-05-21,153647.0,1213578.0,7.073381193797503,7.10928668209089,7.073381193797503,7.091333937944197,0.0628346045134296,57.0,
2013-05-22,804015.0,6542786.0,7.118263054164238,7.423459704658041,7.091333937944197,7.324719611851222,0.2333856739070242,249.0,
2013-05-23,399276.0,3258133.0,7.360625100144609,7.423459704658041,7.270861379411138,7.324719611851222,0.0,131.0,
2013-05-24,360045.0,2896170.0,7.324719611851222,7.342672355997915,7.181097658677668,7.252908635264445,-0.07181097658677668,89.0,
2013-05-27,268364.0,2199974.0,7.2977904956311805,7.423459704658041,7.2977904956311805,7.360625100144609,0.10771646488016502,98.0,
2013-05-28,2618696.0,22811425.0,7.423459704658041,7.872278308325394,7.423459704658041,7.719679983078493,0.35905488293388343,617.0,
2013-05-29,855012.0,7190165.0,7.5850344019782865,7.665821750638411,7.459365192951429,7.459365192951429,-0.26031479012706543,348.0,
2013-05-30,534127.0,4420995.0,7.324719611851222,7.5850344019782865,7.324719611851222,7.522199797464858,0.0628346045134296,142.0,
2013-05-31,1106420.0,9539309.0,7.629916262345022,7.872278308325394,7.611963518198328,7.8543255641787,0.3321257667138421,291.0,
2013-06-03,1651877.0,15306699.0,7.827396447958658,8.40188426065287,7.76456184344523,8.40188426065287,0.5475586964741722,482.0,
2013-06-04,1826727.0,17675043.0,8.698104539073324,8.922513840907001,8.34802602821279,8.40188426065287,0.0,656.0,
2013-06-05,2909143.0,28726307.0,8.428813376872915,8.976372073347084,8.428813376872915,8.922513840907001,0.5206295802541309,693.0,
2013-06-06,1096308.0,10858886.0,8.769915515660102,9.155899514814026,8.769915515660102,8.84172649224688,-0.08078734866012376,426.0,
2013-06-07,1300014.0,12894043.0,8.877631980540267,9.066135794080555,8.545506213826425,8.796844631880143,-0.04488186036673543,353.0,
2013-06-10,567598.0,5701116.0,9.155899514814026,9.155899514814026,8.93149021298035,8.95841932920039,0.1615746973202475,182.0,
2013-06-11,712688.0,7056072.0,9.066135794080555,9.066135794080555,8.707080911146672,8.751962771513407,-0.20645655768698296,250.0,
2013-06-13,863132.0,7949807.0,8.6173171904132,8.626293562486548,8.141569470525807,8.141569470525807,-0.6103933009876018,255.0,
2013-06-14,448812.0,4099464.0,8.078734866012375,8.419837004799566,8.006923889425599,8.123616726379112,-0.01795274414669417,170.0,
2013-06-17,415117.0,3755694.0,8.123616726379112,8.213380447112584,7.988971145278905,8.213380447112584,0.08976372073347086,114.0,
2013-06-18,491115.0,4442285.0,8.033853005645641,8.213380447112584,8.033853005645641,8.168498586745846,-0.04488186036673543,201.0,
2013-06-19,556974.0,5373357.0,8.168498586745846,8.716057283220021,8.168498586745846,8.707080911146672,0.538582324400825,215.0,
2013-06-20,661978.0,6367892.0,9.066135794080555,9.066135794080555,8.40188426065287,8.455742493092956,-0.2513384180537184,215.0,
2013-06-21,551873.0,5096720.0,8.078734866012375,8.437789748946258,8.078734866012375,8.339049656139439,-0.1166928369535121,159.0,
2013-06-24,168938.0,1615791.0,8.6173171904132,8.6173171904132,8.52755346967973,8.572435330046467,0.2333856739070242,76.0,
2013-06-25,195781.0,1828622.0,8.34802602821279,8.518577097606384,8.285191423699361,8.37495514443283,-0.19748018561363587,77.0,
2013-06-26,283100.0,2763950.0,8.742986399440063,8.922513840907001,8.52755346967973,8.563458957973118,0.1885038135402888,127.0,
2013-06-27,269859.0,2617449.0,8.707080911146672,8.77889188773345,8.6173171904132,8.707080911146672,0.14362195317355336,115.0,
2013-06-28,383806.0,3654745.0,8.796844631880143,8.796844631880143,8.40188426065287,8.40188426065287,-0.3051966504938009,91.0,
2013-07-01,207738.0,1960699.0,8.437789748946258,8.572435330046467,8.40188426065287,8.446766121019607,0.04488186036673543,93.0,
2013-07-02,284059.0,2644951.0,8.419837004799566,8.464718865166303,8.321096911992747,8.321096911992747,-0.1256692090268592,94.0,
2013-07-03,271373.0,2478957.0,8.365978772359483,8.428813376872915,8.114640354305767,8.114640354305767,-0.20645655768698296,92.0,
2013-07-04,198760.0,1787216.0,8.141569470525807,8.231333191259276,8.006923889425599,8.006923889425599,-0.10771646488016502,85.0,
2013-07-05,281382.0,2530531.0,7.917160168692128,8.204404075039237,7.917160168692128,8.078734866012375,0.07181097658677668,83.0,
2013-07-08,68000.0,607120.0,8.078734866012375,8.078734866012375,7.988971145278905,8.024876633572292,-0.05385823244008251,30.0,
2013-07-09,150615.0,1356353.0,8.024876633572292,8.13259309845246,8.024876633572292,8.04282937771899,0.01795274414669417,55.0,
2013-07-10,254100.0,2261510.0,8.06975849393903,8.087711238085722,7.899207424545435,7.899207424545435,-0.14362195317355336,80.0,
2013-07-11,109407.0,970479.0,8.033853005645641,8.087711238085722,7.899207424545435,7.988971145278905,0.08976372073347086,49.0,
2013-07-12,59000.0,530160.0,7.988971145278905,8.105663982232418,7.988971145278905,8.006923889425599,0.01795274414669417,21.0,
2013-07-15,121003.0,1082825.0,8.078734866012375,8.078734866012375,8.006923889425599,8.006923889425599,0.0,41.0,
2013-07-16,206397.0,1870717.0,8.078734866012375,8.213380447112584,8.078734866012375,8.168498586745846,0.1615746973202475,80.0,
2013-07-17,201697.0,1819538.0,8.168498586745846,8.204404075039237,7.971018401132212,7.9979475173522525,-0.17055106939359463,69.0,
2013-07-18,161782.0,1477386.0,8.078734866012375,8.419837004799566,8.078734866012375,8.213380447112584,0.21543292976033004,76.0,
2013-07-19,79606.0,727854.0,8.213380447112584,8.258262307479319,8.168498586745846,8.168498586745846,-0.04488186036673543,34.0,
2013-07-22,83898.0,765612.0,8.177474958819193,8.321096911992747,8.1595222146725,8.168498586745846,0.0,38.0,
2013-07-23,46322.0,421519.0,8.213380447112584,8.213380447112584,8.123616726379112,8.177474958819193,0.008976372073347085,33.0,
2013-07-24,81220.0,740240.0,8.177474958819193,8.339049656139439,8.1595222146725,8.168498586745846,-0.008976372073347085,44.0,
2013-07-25,132669.0,1205211.0,8.1595222146725,8.177474958819193,8.13259309845246,8.168498586745846,0.0,48.0,
2013-07-26,74206.0,679093.0,8.141569470525807,8.294167795772706,8.141569470525807,8.204404075039237,0.03590548829338834,37.0,
2013-07-29,156550.0,1446845.0,8.213380447112584,8.392907888579524,8.1595222146725,8.258262307479319,0.05385823244008251,75.0,
2013-07-30,131110.0,1208122.0,8.168498586745846,8.34802602821279,8.168498586745846,8.258262307479319,0.0,45.0,
2013-07-31,81765.0,743469.0,8.258262307479319,8.258262307479319,8.123616726379112,8.213380447112584,-0.04488186036673543,32.0,
2013-08-01,223122.0,2018484.0,8.213380447112584,8.213380447112584,8.087711238085722,8.09668761015907,-0.1166928369535121,45.0,
2013-08-02,232707.0,2098632.0,8.105663982232418,8.213380447112584,8.060782121865682,8.060782121865682,-0.03590548829338834,82.0,
2013-08-05,187237.0,1699253.0,8.060782121865682,8.213380447112584,8.060782121865682,8.114640354305767,0.05385823244008251,60.0,
2013-08-06,107918.0,977142.0,8.078734866012375,8.150545842599154,8.078734866012375,8.13259309845246,0.01795274414669417,39.0,
2013-08-07,1092790.0,10452026.0,8.13259309845246,8.698104539073324,8.123616726379112,8.698104539073324,0.5655114406208663,375.0,
2013-08-08,839922.0,8127368.0,8.877631980540267,8.877631980540267,8.563458957973118,8.563458957973118,-0.13464558110020625,242.0,
2013-08-09,186160.0,1769930.0,8.410860632726218,8.671175422853285,8.410860632726218,8.52755346967973,-0.03590548829338834,82.0,
2013-08-12,284812.0,2686127.0,8.59038807419316,8.599364446266508,8.357002400286136,8.40188426065287,-0.1256692090268592,75.0,
2013-08-13,299915.0,2786104.0,8.437789748946258,8.518577097606384,8.276215051626014,8.276215051626014,-0.1256692090268592,104.0,
2013-08-14,113344.0,1051448.0,8.276215051626014,8.428813376872915,8.276215051626014,8.330073284066094,0.05385823244008251,48.0,
2013-08-15,148757.0,1367805.0,8.258262307479319,8.357002400286136,8.222356819185931,8.267238679552664,-0.0628346045134296,56.0,
2013-08-16,70312.0,648073.0,8.258262307479319,8.34802602821279,8.222356819185931,8.258262307479319,-0.008976372073347085,37.0,
2013-08-19,109607.0,1003112.0,8.231333191259276,8.258262307479319,8.195427702965889,8.195427702965889,-0.0628346045134296,42.0,
2013-08-20,258537.0,2258633.0,8.195427702965889,8.195427702965889,7.629916262345022,7.926136540765477,-0.2692911622004125,126.0,
2013-08-22,312248.0,2662301.0,7.540152541611551,7.818420075885311,7.51322342539151,7.7286563551518395,-0.19748018561363587,127.0,
2013-08-23,101000.0,878440.0,7.7286563551518395,7.926136540765477,7.7286563551518395,7.836372820032006,0.10771646488016502,42.0,
2013-08-26,61828.0,541483.0,7.899207424545435,7.899207424545435,7.827396447958658,7.827396447958658,-0.008976372073347085,34.0,
2013-08-27,121981.0,1075712.0,7.8543255641787,7.953065656985516,7.8543255641787,7.863301936252046,0.03590548829338834,60.0,
2013-08-28,69166.0,598411.0,7.7914909596652695,7.8543255641787,7.683774494785105,7.7286563551518395,-0.13464558110020625,38.0,
2013-08-29,83341.0,727522.0,7.737632727225187,7.908183796618783,7.737632727225187,7.818420075885311,0.08976372073347086,48.0,
2013-08-30,99669.0,872198.0,7.836372820032006,7.944089284912171,7.782514587591923,7.899207424545435,0.08078734866012376,34.0,
2013-09-02,86488.0,759144.0,7.926136540765477,7.971018401132212,7.836372820032006,7.881254680398739,-0.01795274414669417,42.0,
2013-09-03,178238.0,1559636.0,7.881254680398739,7.971018401132212,7.719679983078493,7.962042029058864,0.08078734866012376,62.0,
2013-09-04,122343.0,1081623.0,7.908183796618783,7.9979475173522525,7.899207424545435,7.899207424545435,-0.0628346045134296,50.0,
2013-09-05,76141.0,677900.0,7.9979475173522525,8.024876633572292,7.962042029058864,7.962042029058864,0.0628346045134296,33.0,
2013-09-06,148604.0,1309034.0,7.899207424545435,8.015900261498949,7.827396447958658,7.827396447958658,-0.13464558110020625,42.0,
2013-09-09,62227.0,542883.0,7.827396447958658,7.8543255641787,7.809443703811964,7.836372820032006,0.008976372073347085,21.0,
2013-09-10,549820.0,4894680.0,7.8543255641787,8.294167795772706,7.8543255641787,7.9979475173522525,0.1615746973202475,120.0,
2013-09-11,236023.0,2086472.0,7.9979475173522525,8.060782121865682,7.899207424545435,7.908183796618783,-0.08976372073347086,45.0,
2013-09-12,81202.0,727079.0,7.908183796618783,8.087711238085722,7.908183796618783,8.06975849393903,0.1615746973202475,50.0,
2013-09-13,48197.0,428692.0,8.06975849393903,8.06975849393903,7.971018401132212,8.033853005645641,-0.03590548829338834,21.0,
2013-09-14,58532.0,519269.0,8.033853005645641,8.033853005645641,7.935112912838823,7.935112912838823,-0.09874009280681793,26.0,
2013-09-16,83098.0,733920.0,7.935112912838823,7.971018401132212,7.899207424545435,7.917160168692128,-0.01795274414669417,39.0,
2013-09-17,133616.0,1181079.0,8.060782121865682,8.060782121865682,7.863301936252046,7.863301936252046,-0.05385823244008251,40.0,
2013-09-18,78119.0,693616.0,7.890231052472087,8.04282937771899,7.890231052472087,7.926136540765477,0.0628346045134296,36.0,
2013-09-23,379206.0,3376734.0,7.926136540765477,8.123616726379112,7.863301936252046,8.123616726379112,0.19748018561363587,88.0,
2013-09-24,666887.0,6072147.0,8.123616726379112,8.258262307479319,8.09668761015907,8.150545842599154,0.026929116220041256,149.0,
2013-09-25,191757.0,1752156.0,8.150545842599154,8.240309563332623,8.150545842599154,8.168498586745846,0.01795274414669417,72.0,
2013-09-26,186501.0,1686057.0,8.141569470525807,8.168498586745846,8.087711238085722,8.09668761015907,-0.07181097658677668,61.0,
2013-09-27,244095.0,2216845.0,8.105663982232418,8.168498586745846,8.105663982232418,8.114640354305767,0.01795274414669417,74.0,
2013-09-30,132334.0,1192812.0,8.087711238085722,8.1595222146725,8.051805749792335,8.078734866012375,-0.03590548829338834,54.0,
2013-10-01,119132.0,1073458.0,8.015900261498949,8.123616726379112,8.015900261498949,8.105663982232418,0.026929116220041256,40.0,
2013-10-02,98574.0,888585.0,8.078734866012375,8.168498586745846,8.051805749792335,8.051805749792335,-0.05385823244008251,47.0,
2013-10-03,398682.0,3556216.0,8.033853005645641,8.033853005645641,7.97999477320556,8.024876633572292,-0.026929116220041256,92.0,
2013-10-04,80819.0,723242.0,8.024876633572292,8.087711238085722,8.006923889425599,8.006923889425599,-0.01795274414669417,32.0,
2013-10-07,101708.0,917397.0,8.024876633572292,8.1595222146725,8.024876633572292,8.078734866012375,0.07181097658677668,48.0,
2013-10-08,3455179.0,32356067.0,7.988971145278905,8.644246306633244,7.944089284912171,8.644246306633244,0.5655114406208663,703.0,
2013-10-09,1419865.0,13530208.0,8.635269934559895,8.832750120173532,8.303144167846053,8.303144167846053,-0.34110213878718926,514.0,
2013-10-11,424201.0,4005012.0,8.52755346967973,8.581411702119812,8.330073284066094,8.330073284066094,0.026929116220041256,155.0,
2013-10-14,273546.0,2561465.0,8.52755346967973,8.52755346967973,8.303144167846053,8.365978772359483,0.03590548829338834,100.0,
2013-10-15,263999.0,2483850.0,8.52755346967973,8.52755346967973,8.365978772359483,8.419837004799566,0.05385823244008251,107.0,
2013-10-16,754703.0,7249369.0,8.437789748946258,8.751962771513407,8.437789748946258,8.68015179492663,0.26031479012706543,255.0,
2013-10-17,4687852.0,47946956.0,8.796844631880143,9.245663235547498,8.796844631880143,9.245663235547498,0.5655114406208663,1145.0,
2013-10-18,5727158.0,61912588.0,9.470072537381174,9.874009280681795,9.380308816647702,9.874009280681795,0.6283460451342959,1512.0,
2013-10-21,7270741.0,84049564.0,10.188182303248942,10.547237186182823,10.143300442882207,10.367709744715883,0.4937004640340897,1960.0,
2013-10-22,4395207.0,50650627.0,10.27794602398241,10.771646488016502,9.874009280681795,10.592119046549561,0.22440930183367713,1473.0,
2013-10-23,4328822.0,52054062.0,10.592119046549561,11.130701370950387,10.412591605082618,10.592119046549561,0.0,1477.0,
2013-10-24,2020851.0,23679834.0,10.457473465449354,10.861410208749971,10.322827884349147,10.367709744715883,-0.22440930183367713,773.0,
2013-10-25,2778488.0,33168454.0,10.637000906916295,10.996055789850178,10.457473465449354,10.592119046549561,0.22440930183367713,1023.0,
2013-10-28,2923896.0,33591368.0,10.771646488016502,10.771646488016502,10.008654861781999,10.188182303248942,-0.40393674330061885,941.0,
2013-10-29,987412.0,11261754.0,10.412591605082618,10.412591605082618,10.143300442882207,10.233064163615678,0.04488186036673543,383.0,
2013-10-30,866964.0,9985436.0,10.50235532581609,10.50235532581609,10.233064163615678,10.367709744715883,0.13464558110020625,294.0,
2013-10-31,3177363.0,38002635.0,10.50235532581609,10.996055789850178,10.322827884349147,10.322827884349147,-0.04488186036673543,1062.0,
2013-11-01,2644026.0,31528606.0,10.367709744715883,10.951173929483444,10.367709744715883,10.771646488016502,0.44881860366735427,900.0,
2013-11-04,2930905.0,37132424.0,10.771646488016502,11.48975625388427,10.771646488016502,11.48975625388427,0.7181097658677669,952.0,
2013-11-05,6521667.0,85930629.0,12.028338578285094,12.207866019752036,11.310228812417325,11.848811136818151,0.35905488293388343,2311.0,
2013-11-06,2279339.0,29249702.0,11.848811136818151,11.938574857551622,11.310228812417325,11.57951997461774,-0.2692911622004125,878.0,
2013-11-07,6080966.0,83048768.0,11.57951997461774,12.387393461218977,11.57951997461774,12.387393461218977,0.8078734866012377,1761.0,
2013-11-08,7455791.0,101457699.0,12.342511600852243,12.791330204519596,11.534638114251004,11.66928369535121,-0.7181097658677669,2381.0,
2013-11-11,2138088.0,27526631.0,11.66928369535121,11.803929276451418,11.310228812417325,11.66928369535121,0.0,787.0,
2013-11-12,4676906.0,60213384.0,11.803929276451418,12.25274788011877,10.861410208749971,11.220465091683856,-0.44881860366735427,1704.0,
2013-11-13,2304837.0,29137576.0,11.310228812417325,11.57951997461774,11.130701370950387,11.48975625388427,0.2692911622004125,864.0,
2013-11-14,7268815.0,98580755.0,11.803929276451418,12.25274788011877,11.66928369535121,12.25274788011877,0.7629916262345022,1762.0,
2013-11-15,10597578.0,151239224.0,12.297629740485505,13.105503227086745,12.028338578285094,13.105503227086745,0.852755346967973,3252.0,
2013-11-18,7416222.0,103604714.0,13.105503227086745,13.105503227086745,12.25274788011877,12.297629740485505,-0.8078734866012377,2253.0,
2013-11-19,2874078.0,40094131.0,12.207866019752036,12.656684623419391,12.207866019752036,12.566920902685919,0.2692911622004125,1033.0,
2013-11-20,2666070.0,38016530.0,12.566920902685919,13.06062136672001,12.566920902685919,12.611802763052655,0.04488186036673543,1000.0,
2013-11-21,2891194.0,41173116.0,12.611802763052655,13.06062136672001,12.387393461218977,12.656684623419391,0.04488186036673543,1156.0,
2013-11-22,10445073.0,154798762.0,12.746448344152862,13.509439970387364,12.746448344152862,13.24014880818695,0.5834641847675606,2657.0,
2013-11-25,9651645.0,145441063.0,13.374794389287159,13.778731132587774,13.105503227086745,13.599203691120833,0.35905488293388343,2762.0,
2013-11-26,7381996.0,114306579.0,13.778731132587774,14.272431596621866,13.554321830754098,13.688967411854305,0.08976372073347086,2579.0,
2013-11-27,3304354.0,50474391.0,13.644085551487567,13.913376713687981,13.599203691120833,13.644085551487567,-0.04488186036673543,1177.0,
2013-11-28,5061647.0,77555374.0,13.733849272221041,14.003140434421454,13.419676249653893,13.733849272221041,0.08976372073347086,1640.0,
2013-11-29,2728817.0,42360687.0,13.823612992954512,14.137786015521659,13.644085551487567,14.003140434421454,0.2692911622004125,939.0,
2013-12-02,6584192.0,103879465.0,14.003140434421454,14.63148647955575,13.554321830754098,13.688967411854305,-0.31417302256714796,2110.0,
2013-12-03,2501399.0,37896785.0,13.688967411854305,13.823612992954512,13.419676249653893,13.464558110020628,-0.22440930183367713,899.0,
2013-12-04,3309343.0,50916029.0,13.554321830754098,14.092904155154923,13.554321830754098,13.688967411854305,0.22440930183367713,1139.0,
2013-12-05,1598725.0,24336225.0,13.778731132587774,13.913376713687981,13.554321830754098,13.599203691120833,-0.08976372073347086,539.0,
2013-12-06,1518038.0,23075921.0,13.823612992954512,13.823612992954512,13.509439970387364,13.599203691120833,0.0,586.0,
2013-12-09,2080022.0,31965627.0,14.003140434421454,14.048022294788188,13.599203691120833,13.599203691120833,0.0,640.0,
2013-12-10,2809587.0,43654184.0,13.644085551487567,14.182667875888393,13.644085551487567,13.913376713687981,0.31417302256714796,1034.0,
2013-12-11,2549000.0,38723548.0,13.644085551487567,13.823612992954512,13.509439970387364,13.778731132587774,-0.13464558110020625,788.0,
2013-12-12,1194500.0,18226523.0,13.913376713687981,13.913376713687981,13.599203691120833,13.688967411854305,-0.08976372073347086,430.0,
2013-12-13,2791507.0,43182404.0,13.688967411854305,14.137786015521659,13.599203691120833,13.913376713687981,0.22440930183367713,810.0,
2013-12-16,1275501.0,19627312.0,13.913376713687981,14.048022294788188,13.688967411854305,13.733849272221041,-0.17952744146694172,413.0,
2013-12-17,901107.0,13833474.0,13.913376713687981,13.913376713687981,13.688967411854305,13.733849272221041,0.0,309.0,
2013-12-18,726349.0,11112449.0,13.778731132587774,13.823612992954512,13.688967411854305,13.688967411854305,-0.04488186036673543,259.0,
2013-12-19,1500606.0,22989260.0,13.823612992954512,13.868494853321245,13.644085551487567,13.688967411854305,0.0,386.0,
2013-12-20,1775904.0,26790314.0,13.823612992954512,13.823612992954512,13.464558110020628,13.509439970387364,-0.17952744146694172,529.0,
2013-12-23,3843868.0,55487202.0,13.644085551487567,13.644085551487567,12.566920902685919,12.701566483786126,-0.8078734866012377,1210.0,
2013-12-24,1013148.0,14370581.0,12.701566483786126,12.836212064886332,12.611802763052655,12.746448344152862,0.04488186036673543,441.0,
2013-12-25,710769.0,10152869.0,12.791330204519596,12.925975785619803,12.746448344152862,12.791330204519596,0.04488186036673543,288.0,
2013-12-26,3305581.0,49579924.0,12.925975785619803,13.644085551487567,12.836212064886332,13.644085551487567,0.852755346967973,843.0,
2013-12-27,5732638.0,90656800.0,13.913376713687981,14.49684089845554,13.644085551487567,14.3173134569886,0.6732279055010314,1944.0,
2013-12-30,6515980.0,110122887.0,14.362195317355336,15.304714385056782,14.362195317355336,15.304714385056782,0.9874009280681794,1758.0,
2013-12-31,16199212.0,288891065.0,15.79841484909087,16.336997173491692,15.574005547257194,15.888178569824342,0.5834641847675606,5235.0,
2014-01-02,8512415.0,157066770.0,15.97794229055781,16.96534321862599,15.753532988724135,16.96534321862599,1.07716464880165,2989.0,
2014-01-03,10413645.0,207249047.0,17.324398101559876,18.13227158816111,17.27951624119314,18.13227158816111,1.1669283695351211,3610.0,
2014-01-06,10946121.0,224825472.0,18.670853912561938,19.02990879549582,17.907862286327433,19.02990879549582,0.8976372073347085,4016.0,
2014-01-07,5916234.0,122604433.0,19.02990879549582,19.02990879549582,18.222035308894583,18.760617633295404,-0.2692911622004125,2460.0,
2014-01-08,8242892.0,181197689.0,18.760617633295404,20.06219158393074,18.760617633295404,20.06219158393074,1.3015739506353272,2960.0,
2014-01-09,16610407.0,385954725.0,20.42124646686462,21.45352925529953,20.24171902539768,21.31888367419933,1.2566920902685919,6338.0,
2014-01-10,11696007.0,281768597.0,21.184238093099122,22.306284602267503,20.645655768698294,22.12675716080056,0.8078734866012377,5096.0,
2014-01-13,23442284.0,568612809.0,22.261402741900774,23.293685530335686,20.60077390833156,20.60077390833156,-1.5259832524690045,8685.0,
2014-01-14,11896324.0,272606945.0,20.376364606497884,21.31888367419933,19.972427863197264,20.914946930898708,0.31417302256714796,4588.0,
2014-01-15,8317288.0,194462785.0,21.00471065163218,21.31888367419933,20.690537629065034,20.914946930898708,0.0,3201.0,
2014-01-16,6479558.0,150718984.0,21.00471065163218,21.229119953465855,20.466128327231356,20.645655768698294,-0.2692911622004125,2558.0,
2014-01-17,4390624.0,101449902.0,20.55589204796482,21.049592511998913,20.286600885764415,20.645655768698294,0.0,2820.0,
2014-01-20,9504402.0,229810523.0,20.645655768698294,22.08187530043383,20.645655768698294,22.08187530043383,1.4362195317355337,3451.0,
2014-01-21,18494007.0,476992687.0,22.396048323000976,23.607858552902837,22.396048323000976,23.607858552902837,1.5259832524690045,6674.0,
2014-01-22,8667099.0,225317177.0,23.787385994369778,24.05667715657019,22.88974878703507,23.06927622850201,-0.538582324400825,3452.0,
2014-01-23,8545393.0,222730859.0,23.06927622850201,23.877149715103243,22.710221345568126,23.473212971802628,0.40393674330061885,3644.0,
2014-01-24,4548068.0,118023380.0,23.51809483216936,23.787385994369778,22.88974878703507,23.06927622850201,-0.40393674330061885,2052.0,
2014-01-27,5015582.0,127909154.0,22.57557576446792,23.33856739070242,22.440930183367712,22.710221345568126,-0.35905488293388343,2016.0,
2014-02-05,6724420.0,175986198.0,22.440930183367712,24.281086458403866,22.261402741900774,24.281086458403866,1.5708651128357398,2966.0,
2014-02-06,7074197.0,191774488.0,24.59525948097101,24.864550643171427,23.83226785473651,24.146440877303657,-0.13464558110020625,3095.0,
2014-02-07,6425411.0,174733450.0,24.23620459803713,24.999196224271635,23.65274041326957,23.787385994369778,-0.35905488293388343,3016.0,
2014-02-10,6197730.0,162628335.0,23.877149715103243,24.325968318770602,23.06927622850201,23.15903994923548,-0.6283460451342959,2299.0,
2014-02-11,2913697.0,75798757.0,23.33856739070242,23.607858552902837,22.88974878703507,23.203921809602214,0.04488186036673543,1335.0,
2014-02-12,3111798.0,80811867.0,23.293685530335686,23.65274041326957,22.9346306474018,23.203921809602214,0.0,1413.0,
2014-02-13,8663399.0,230067479.0,23.203921809602214,24.41573203950407,22.9346306474018,23.38344925106916,0.17952744146694172,3552.0,
2014-02-14,5151646.0,132569438.0,23.607858552902837,23.65274041326957,22.66533948520139,22.88974878703507,-0.4937004640340897,2129.0,
2014-02-17,1989218.0,50990685.0,22.97951250776854,23.293685530335686,22.710221345568126,22.9346306474018,0.04488186036673543,982.0,
2014-02-18,6207594.0,163270955.0,22.97951250776854,23.877149715103243,22.97951250776854,23.38344925106916,0.44881860366735427,2566.0,
2014-02-19,2813314.0,73611548.0,23.74250413400304,23.877149715103243,23.248803669968947,23.293685530335686,-0.08976372073347086,1314.0,
2014-02-20,4782196.0,126566649.0,23.248803669968947,24.23620459803713,23.203921809602214,23.38344925106916,0.08976372073347086,1997.0,
2014-02-21,2566323.0,66773082.0,23.65274041326957,23.697622273636302,23.11415808886874,23.11415808886874,-0.2692911622004125,1147.0,
2014-02-24,2908655.0,75674941.0,23.11415808886874,23.697622273636302,23.06927622850201,23.15903994923548,0.04488186036673543,1171.0,
2014-02-25,3374690.0,88405690.0,23.293685530335686,23.787385994369778,23.248803669968947,23.33856739070242,0.17952744146694172,1437.0,
2014-02-26,12581300.0,341437872.0,23.42833111143589,24.954314363904896,23.42833111143589,24.954314363904896,1.6157469732024754,4442.0,
2014-02-27,11633653.0,322358266.0,25.133841805371837,25.672424129772665,23.562976692536097,23.787385994369778,-1.1669283695351211,4736.0,
2014-03-03,4289737.0,110353035.0,23.38344925106916,23.51809483216936,22.755103205934862,23.06927622850201,-0.7181097658677669,1918.0,
2014-03-04,2597987.0,67024415.0,22.88974878703507,23.562976692536097,22.88974878703507,23.02439436813527,-0.04488186036673543,1116.0,
2014-03-05,3007851.0,78312741.0,23.33856739070242,23.697622273636302,23.11415808886874,23.203921809602214,0.17952744146694172,1271.0,
2014-03-06,1691577.0,44038249.0,23.33856739070242,23.65274041326957,23.203921809602214,23.293685530335686,0.08976372073347086,804.0,
2014-03-07,4984628.0,124481875.0,23.33856739070242,23.562976692536097,21.67793855713321,21.76770227786668,-1.5259832524690045,2055.0,
2014-03-10,4507718.0,105506513.0,21.722820417499943,21.76770227786668,20.466128327231356,21.00471065163218,-0.7629916262345022,1914.0,
2014-03-11,2959222.0,71619132.0,22.261402741900774,22.261402741900774,21.27400181383259,21.992111579700357,0.9874009280681794,1289.0,
2014-03-12,1612094.0,38977178.0,21.902347858966888,22.216520881534038,21.49841111566627,21.543292976033005,-0.44881860366735427,830.0,
2014-03-13,2157455.0,52613293.0,21.722820417499943,22.12675716080056,21.722820417499943,21.992111579700357,0.44881860366735427,1000.0,
2014-03-14,1657899.0,39802693.0,21.902347858966888,21.902347858966888,21.184238093099122,21.363765534566063,-0.6283460451342959,755.0,
2014-03-17,1349065.0,32585815.0,21.543292976033005,21.857465998600155,21.45352925529953,21.67793855713321,0.31417302256714796,599.0,
2014-03-18,2004866.0,49565378.0,22.08187530043383,22.57557576446792,21.857465998600155,21.857465998600155,0.17952744146694172,1009.0,
2014-03-19,1968062.0,46979688.0,21.947229719333624,22.036993440067093,21.094474372365646,21.543292976033005,-0.31417302256714796,849.0,
2014-03-20,1834074.0,43218786.0,21.27400181383259,21.63305669676648,20.825183210165235,21.27400181383259,-0.2692911622004125,715.0,
2014-03-21,1684214.0,39346422.0,21.31888367419933,21.49841111566627,20.60077390833156,21.00471065163218,-0.2692911622004125,680.0,
2014-03-24,1833148.0,41373544.0,20.645655768698294,20.914946930898708,19.882664142463792,20.466128327231356,-0.538582324400825,758.0,
2014-03-25,1747168.0,41257531.0,20.466128327231356,21.722820417499943,20.466128327231356,21.31888367419933,0.852755346967973,826.0,
2014-03-26,1723299.0,41458233.0,21.543292976033005,21.947229719333624,21.31888367419933,21.363765534566063,0.04488186036673543,765.0,
2014-03-27,2435056.0,59010883.0,21.363765534566063,22.036993440067093,21.363765534566063,21.45352925529953,0.08976372073347086,1056.0,
2014-03-28,976921.0,23064116.0,21.722820417499943,21.722820417499943,20.914946930898708,20.959828791265444,-0.4937004640340897,483.0,
2014-03-31,1500498.0,34752719.0,21.049592511998913,21.27400181383259,20.55589204796482,20.825183210165235,-0.13464558110020625,800.0,
2014-04-01,1344890.0,31312470.0,21.00471065163218,21.094474372365646,20.645655768698294,20.645655768698294,-0.17952744146694172,1140.0,
2014-04-02,1360758.0,31831176.0,20.735419489431766,21.139356232732386,20.735419489431766,21.00471065163218,0.35905488293388343,912.0,
2014-04-03,3588454.0,88463600.0,21.45352925529953,22.440930183367712,21.184238093099122,22.440930183367712,1.4362195317355337,1274.0,
2014-04-07,13254423.0,346821799.0,22.84486692666833,24.011795296203452,22.84486692666833,24.011795296203452,1.5708651128357398,5068.0,
2014-04-08,6715075.0,177726650.0,24.011795296203452,24.460613899870808,23.15903994923548,23.473212971802628,-0.538582324400825,2983.0,
2014-04-09,2798012.0,73448163.0,23.473212971802628,23.966913435836716,23.33856739070242,23.33856739070242,-0.13464558110020625,1529.0,
2014-04-10,5186481.0,136249843.0,23.51809483216936,24.325968318770602,22.710221345568126,24.146440877303657,0.8078734866012377,2407.0,
2014-04-11,9680795.0,268662966.0,23.966913435836716,25.672424129772665,23.51809483216936,24.460613899870808,0.31417302256714796,3710.0,
2014-04-14,5269533.0,143704270.0,24.41573203950407,25.133841805371837,23.787385994369778,23.787385994369778,-0.6732279055010314,2308.0,
2014-04-15,2105505.0,55511494.0,23.51809483216936,24.146440877303657,23.06927622850201,23.562976692536097,-0.22440930183367713,1271.0,
2014-04-16,2220880.0,59996269.0,23.966913435836716,24.460613899870808,23.607858552902837,24.370850179137335,0.8078734866012377,1393.0,
2014-04-17,3786379.0,99665860.0,24.685023201704485,24.685023201704485,23.33856739070242,23.42833111143589,-0.9425190677014439,1709.0,
2014-04-18,2490140.0,65702041.0,23.51809483216936,24.05667715657019,23.38344925106916,23.473212971802628,0.04488186036673543,1078.0,
2014-04-21,5516134.0,148344467.0,23.473212971802628,24.50549576023754,23.473212971802628,24.281086458403866,0.8078734866012377,2098.0,
2014-04-22,11515594.0,328057640.0,25.133841805371837,25.941715291973072,24.999196224271635,25.941715291973072,1.6606288335692108,3426.0,
2014-04-23,19662907.0,581420443.0,26.65982505784084,27.198407382241665,25.492896688305724,25.492896688305724,-0.44881860366735427,7863.0,
2014-04-24,7440505.0,206533652.0,25.492896688305724,25.851951571239606,24.146440877303657,24.460613899870808,-1.0322827884349148,3334.0,
2014-04-25,6168920.0,165138011.0,24.41573203950407,25.268487386472042,23.33856739070242,23.562976692536097,-0.8976372073347085,2909.0,
2014-04-28,4361733.0,115661391.0,22.9346306474018,24.41573203950407,22.9346306474018,24.23620459803713,0.6732279055010314,1936.0,
2014-04-29,6057270.0,168514384.0,24.50549576023754,25.492896688305724,24.325968318770602,25.22360552610531,0.9874009280681794,2534.0,
2014-04-30,16786552.0,479228048.0,25.672424129772665,26.30077017490696,24.90943250353816,24.90943250353816,-0.31417302256714796,6755.0,
2014-05-02,4709504.0,131159952.0,24.954314363904896,25.672424129772665,24.41573203950407,24.774786922437954,-0.13464558110020625,2211.0,
2014-05-05,4305743.0,116306556.0,24.90943250353816,25.0889599450051,23.83226785473651,24.19132273767039,-0.5834641847675606,2102.0,
2014-05-06,3851167.0,105391670.0,24.23620459803713,24.864550643171427,24.05667715657019,24.370850179137335,0.17952744146694172,1770.0,
2014-05-07,2334634.0,62872635.0,24.370850179137335,24.50549576023754,23.966913435836716,23.966913435836716,-0.40393674330061885,1109.0,
2014-05-08,2779143.0,75013019.0,23.966913435836716,24.59525948097101,23.966913435836716,24.05667715657019,0.08976372073347086,1226.0,
2014-05-09,2600053.0,70008281.0,24.10155901693693,24.41573203950407,23.83226785473651,24.370850179137335,0.31417302256714796,1248.0,
2014-05-12,2749888.0,73236401.0,24.59525948097101,24.59525948097101,23.33856739070242,23.33856739070242,-1.0322827884349148,1310.0,
2014-05-13,4620320.0,116693950.0,23.607858552902837,23.787385994369778,21.992111579700357,22.1716390211673,-1.1669283695351211,2180.0,
2014-05-14,3187697.0,77059320.0,22.1716390211673,22.440930183367712,21.094474372365646,21.992111579700357,-0.17952744146694172,1645.0,
2014-05-15,2806362.0,69045917.0,21.992111579700357,22.440930183367712,21.67793855713321,21.902347858966888,-0.08976372073347086,1197.0,
2014-05-16,2593073.0,61913769.0,21.363765534566063,21.722820417499943,21.184238093099122,21.363765534566063,-0.538582324400825,1187.0,
2014-05-19,1350374.0,32639577.0,21.45352925529953,21.857465998600155,21.363765534566063,21.76770227786668,0.40393674330061885,714.0,
2014-05-20,1378992.0,33527304.0,21.76770227786668,22.216520881534038,21.58817483639974,21.58817483639974,-0.17952744146694172,671.0,
2014-05-21,1195050.0,28534129.0,21.408647394932796,21.58817483639974,21.31888367419933,21.408647394932796,-0.17952744146694172,539.0,
2014-05-22,1889027.0,46210609.0,21.543292976033005,22.1716390211673,21.543292976033005,21.992111579700357,0.5834641847675606,974.0,
2014-05-23,1349711.0,33337368.0,21.992111579700357,22.396048323000976,21.992111579700357,22.08187530043383,0.08976372073347086,611.0,
2014-05-26,2462463.0,62075373.0,22.351166462634243,22.97951250776854,22.1716390211673,22.396048323000976,0.31417302256714796,1144.0,
2014-05-27,1360437.0,33822282.0,22.57557576446792,22.710221345568126,22.036993440067093,22.036993440067093,-0.35905488293388343,631.0,
2014-05-28,1674966.0,41404116.0,22.12675716080056,22.62045762483465,22.036993440067093,22.036993440067093,0.0,891.0,
2014-05-29,990312.0,24426259.0,22.216520881534038,22.396048323000976,22.036993440067093,22.036993440067093,0.0,460.0,
2014-05-30,3390428.0,85466463.0,22.08187530043383,23.11415808886874,22.08187530043383,22.57557576446792,0.538582324400825,1463.0,
2014-06-03,1197048.0,30079483.0,22.97951250776854,22.97951250776854,22.261402741900774,22.306284602267503,-0.2692911622004125,596.0,
2014-06-04,1194291.0,29465323.0,22.351166462634243,22.530693904101188,22.036993440067093,22.08187530043383,-0.22440930183367713,566.0,
2014-06-05,1520851.0,37009074.0,22.216520881534038,22.306284602267503,21.63305669676648,21.63305669676648,-0.44881860366735427,772.0,
2014-06-06,1325792.0,32130764.0,21.722820417499943,21.992111579700357,21.58817483639974,21.58817483639974,-0.04488186036673543,648.0,
2014-06-09,3218596.0,80227408.0,21.81258413823342,22.799985066301595,21.63305669676648,22.530693904101188,0.9425190677014439,1534.0,
2014-06-10,11242114.0,297826026.0,22.799985066301595,24.10155901693693,22.710221345568126,23.922031575469983,1.3913376713687984,4505.0,
2014-06-11,10608995.0,290413458.0,24.19132273767039,25.044078084638365,24.05667715657019,24.370850179137335,0.44881860366735427,4423.0,
2014-06-12,3057200.0,82337034.0,24.370850179137335,24.774786922437954,23.877149715103243,24.05667715657019,-0.31417302256714796,1371.0,
2014-06-13,3787553.0,103626672.0,24.146440877303657,24.999196224271635,24.146440877303657,24.23620459803713,0.17952744146694172,1772.0,
2014-06-16,2034412.0,54306884.0,24.281086458403866,24.55037762060428,23.74250413400304,23.787385994369778,-0.44881860366735427,973.0,
2014-06-17,3844988.0,102921216.0,23.787385994369778,24.50549576023754,23.42833111143589,24.325968318770602,0.538582324400825,1835.0,
2014-06-18,2918437.0,77174374.0,24.50549576023754,24.50549576023754,23.11415808886874,23.473212971802628,-0.852755346967973,1486.0,
2014-06-19,941500.0,24783897.0,23.51809483216936,23.83226785473651,23.51809483216936,23.51809483216936,0.04488186036673543,506.0,
2014-06-20,2439337.0,64956443.0,23.697622273636302,24.19132273767039,23.42833111143589,23.787385994369778,0.2692911622004125,1131.0,
2014-06-23,3145248.0,79648933.0,23.787385994369778,23.787385994369778,22.12675716080056,22.306284602267503,-1.4811013921022689,1363.0,
2014-06-24,1986221.0,48963789.0,22.306284602267503,22.440930183367712,21.81258413823342,22.216520881534038,-0.08976372073347086,903.0,
2014-06-25,1798171.0,45120040.0,22.216520881534038,22.799985066301595,21.992111579700357,22.351166462634243,0.13464558110020625,899.0,
2014-06-26,1055345.0,26360450.0,22.57557576446792,22.710221345568126,22.12675716080056,22.216520881534038,-0.13464558110020625,534.0,
2014-06-27,2402123.0,61201895.0,22.440930183367712,23.15903994923548,22.440930183367712,22.755103205934862,0.538582324400825,1204.0,
2014-06-30,2306125.0,58295725.0,22.799985066301595,23.11415808886874,22.261402741900774,22.530693904101188,-0.22440930183367713,992.0,
2014-07-01,1242158.0,31270879.0,22.62045762483465,22.88974878703507,22.485812043734448,22.530693904101188,0.0,585.0,
2014-07-02,2440258.0,61266507.0,22.84486692666833,22.97951250776854,21.902347858966888,22.1716390211673,-0.35905488293388343,1096.0,
2014-07-03,1198114.0,29731508.0,22.1716390211673,22.440930183367712,22.12675716080056,22.261402741900774,0.08976372073347086,484.0,
2014-07-04,3200251.0,81002232.0,22.440930183367712,23.15903994923548,22.08187530043383,22.62045762483465,0.35905488293388343,1352.0,
2014-07-07,1038119.0,26061996.0,22.57557576446792,22.97951250776854,22.216520881534038,22.485812043734448,-0.13464558110020625,499.0,
2014-07-08,1117685.0,27818327.0,22.710221345568126,22.710221345568126,22.261402741900774,22.351166462634243,-0.13464558110020625,451.0,
2014-07-09,1369451.0,34463751.0,22.261402741900774,22.84486692666833,22.261402741900774,22.396048323000976,0.04488186036673543,586.0,
2014-07-10,5081455.0,131357918.0,22.440930183367712,23.922031575469983,22.1716390211673,23.922031575469983,1.5259832524690045,2015.0,
2014-07-11,9605138.0,256775636.0,24.23620459803713,24.685023201704485,22.755103205934862,22.88974878703507,-1.0322827884349148,3839.0,
2014-07-14,1760638.0,45210820.0,22.9346306474018,23.42833111143589,22.84486692666833,22.88974878703507,0.0,800.0,
2014-07-15,1531313.0,39449757.0,23.06927622850201,23.51809483216936,22.84486692666833,22.84486692666833,-0.04488186036673543,723.0,
2014-07-16,2964313.0,76645256.0,22.97951250776854,23.51809483216936,22.88974878703507,22.97951250776854,0.13464558110020625,1403.0,
2014-07-17,1536023.0,38861025.0,23.11415808886874,23.33856739070242,22.440930183367712,22.485812043734448,-0.4937004640340897,738.0,
2014-07-18,972117.0,24194885.0,22.261402741900774,22.62045762483465,22.12675716080056,22.351166462634243,-0.13464558110020625,522.0,
2014-07-21,708554.0,17647169.0,22.440930183367712,22.62045762483465,22.261402741900774,22.261402741900774,-0.08976372073347086,386.0,
2014-07-22,750163.0,18685797.0,22.306284602267503,22.485812043734448,22.261402741900774,22.351166462634243,0.08976372073347086,361.0,
2014-07-24,790422.0,19722363.0,22.396048323000976,22.57557576446792,22.216520881534038,22.306284602267503,-0.04488186036673543,381.0,
2014-07-25,1932534.0,48863782.0,22.351166462634243,22.88974878703507,22.351166462634243,22.485812043734448,0.17952744146694172,881.0,
2014-07-28,1386639.0,34039839.0,22.306284602267503,22.440930183367712,21.67793855713321,21.81258413823342,-0.6732279055010314,691.0,
2014-07-29,3400258.0,78826431.0,21.992111579700357,22.1716390211673,20.286600885764415,20.466128327231356,-1.3464558110020628,1567.0,
2014-07-30,1230075.0,28281240.0,20.376364606497884,20.914946930898708,20.286600885764415,20.914946930898708,0.44881860366735427,700.0,
2014-07-31,682891.0,15794043.0,21.00471065163218,21.094474372365646,20.466128327231356,20.735419489431766,-0.17952744146694172,417.0,
2014-08-01,1199576.0,27932952.0,20.466128327231356,21.27400181383259,20.286600885764415,21.094474372365646,0.35905488293388343,622.0,
2014-08-04,761413.0,18157326.0,21.363765534566063,21.63305669676648,21.00471065163218,21.363765534566063,0.2692911622004125,436.0,
2014-08-05,534377.0,12668488.0,21.49841111566627,21.49841111566627,21.139356232732386,21.139356232732386,-0.22440930183367713,295.0,
2014-08-06,2415798.0,60757316.0,22.57557576446792,22.57557576446792,22.57557576446792,22.57557576446792,1.4362195317355337,655.0,
2014-08-07,11496605.0,301081080.0,23.787385994369778,23.966913435836716,23.02439436813527,23.06927622850201,0.4937004640340897,4472.0,
2014-08-08,5115534.0,129557185.0,23.42833111143589,23.42833111143589,22.08187530043383,22.710221345568126,-0.35905488293388343,2101.0,
2014-08-11,3380162.0,84316947.0,23.15903994923548,23.15903994923548,21.81258413823342,22.710221345568126,0.0,1438.0,
2014-08-12,6596132.0,172271725.0,22.530693904101188,24.05667715657019,22.485812043734448,22.97951250776854,0.2692911622004125,3092.0,
2014-08-13,3709619.0,95920864.0,23.06927622850201,23.562976692536097,22.9346306474018,23.02439436813527,0.04488186036673543,1691.0,
2014-08-14,3591069.0,92783982.0,23.06927622850201,23.562976692536097,22.66533948520139,22.710221345568126,-0.31417302256714796,1547.0,
2014-08-15,2363200.0,58649338.0,22.62045762483465,22.62045762483465,22.08187530043383,22.306284602267503,-0.40393674330061885,1128.0,
2014-08-18,1573150.0,38538692.0,22.440930183367712,22.530693904101188,21.722820417499943,21.947229719333624,-0.35905488293388343,725.0,
2014-08-19,1251861.0,30826445.0,22.216520881534038,22.351166462634243,21.947229719333624,22.08187530043383,0.13464558110020625,616.0,
2014-08-20,1391681.0,34124897.0,22.1716390211673,22.396048323000976,21.81258413823342,21.81258413823342,-0.2692911622004125,702.0,
2014-08-21,1601705.0,38057020.0,21.76770227786668,21.76770227786668,20.825183210165235,21.543292976033005,-0.2692911622004125,787.0,
2014-08-22,1220428.0,29757384.0,21.543292976033005,22.216520881534038,21.543292976033005,21.947229719333624,0.40393674330061885,619.0,
2014-08-25,670054.0,16393009.0,21.992111579700357,22.1716390211673,21.81258413823342,21.947229719333624,0.0,387.0,
2014-08-26,2133621.0,53369017.0,22.1716390211673,22.84486692666833,21.992111579700357,22.306284602267503,0.35905488293388343,1015.0,
2014-08-27,1504593.0,37545501.0,22.306284602267503,22.62045762483465,22.261402741900774,22.351166462634243,0.04488186036673543,641.0,
2014-08-28,950825.0,23516358.0,22.440930183367712,22.440930183367712,22.036993440067093,22.08187530043383,-0.2692911622004125,438.0,
2014-08-29,1737051.0,43467270.0,22.216520881534038,22.62045762483465,22.12675716080056,22.530693904101188,0.44881860366735427,767.0,
2014-09-01,1160592.0,28994678.0,22.62045762483465,22.62045762483465,22.351166462634243,22.396048323000976,-0.13464558110020625,444.0,
2014-09-02,2113032.0,53415291.0,22.440930183367712,22.9346306474018,22.440930183367712,22.440930183367712,0.04488186036673543,949.0,
2014-09-03,926729.0,23139025.0,22.62045762483465,22.62045762483465,22.261402741900774,22.351166462634243,-0.08976372073347086,407.0,
2014-09-04,870403.0,21589541.0,22.351166462634243,22.530693904101188,22.12675716080056,22.12675716080056,-0.22440930183367713,388.0,
2014-09-05,433818.0,10761134.0,22.1716390211673,22.396048323000976,22.12675716080056,22.396048323000976,0.2692911622004125,247.0,
2014-09-09,1169489.0,29352222.0,22.62045762483465,22.755103205934862,22.306284602267503,22.306284602267503,-0.08976372073347086,534.0,
2014-09-10,1679052.0,40461013.0,22.08187530043383,22.08187530043383,21.229119953465855,21.76770227786668,-0.538582324400825,759.0,
2014-09-11,1717857.0,41156711.0,21.992111579700357,21.992111579700357,21.229119953465855,21.229119953465855,-0.538582324400825,735.0,
2014-09-12,2055449.0,47659916.0,21.229119953465855,21.27400181383259,20.55589204796482,20.825183210165235,-0.40393674330061885,928.0,
2014-09-15,774331.0,18092577.0,20.825183210165235,21.184238093099122,20.55589204796482,21.139356232732386,0.31417302256714796,427.0,
2014-09-16,1876868.0,45061082.0,21.45352925529953,21.81258413823342,21.31888367419933,21.363765534566063,0.22440930183367713,937.0,
2014-09-17,822142.0,19567985.0,21.408647394932796,21.58817483639974,21.094474372365646,21.094474372365646,-0.2692911622004125,458.0,
2014-09-18,756354.0,17742618.0,20.825183210165235,21.229119953465855,20.825183210165235,21.094474372365646,0.0,374.0,
2014-09-19,729000.0,17420650.0,21.76770227786668,21.76770227786668,21.184238093099122,21.27400181383259,0.17952744146694172,340.0,
2014-09-22,378001.0,8846973.0,21.27400181383259,21.363765534566063,20.87006507053197,21.049592511998913,-0.22440930183367713,226.0,
2014-09-23,551201.0,12847513.0,21.049592511998913,21.094474372365646,20.825183210165235,20.87006507053197,-0.17952744146694172,252.0,
2014-09-24,415615.0,9628445.0,20.690537629065034,20.959828791265444,20.645655768698294,20.7803013497985,-0.08976372073347086,260.0,
2014-09-25,1146003.0,26014316.0,20.87006507053197,20.914946930898708,20.06219158393074,20.286600885764415,-0.4937004640340897,558.0,
2014-09-26,1540503.0,33741765.0,19.792900421730323,20.10707344429747,19.119672516229294,19.74801856136359,-0.538582324400825,667.0,
2014-09-29,1849820.0,39126820.0,19.882664142463792,19.92754600283053,18.6259720521952,18.85038135402888,-0.8976372073347085,908.0,
2014-09-30,2832442.0,57475859.0,18.85038135402888,18.85038135402888,17.728334844860495,18.53620833146173,-0.31417302256714796,1239.0,
2014-10-01,1446100.0,30661670.0,18.53620833146173,19.43384553879644,18.31179902962805,19.02990879549582,0.4937004640340897,808.0,
2014-10-02,613661.0,12884046.0,18.760617633295404,19.02990879549582,18.670853912561938,18.94014507476235,-0.08976372073347086,348.0,
2014-10-03,1129027.0,24383280.0,19.02990879549582,19.658254840630114,19.02990879549582,19.344081818062968,0.40393674330061885,547.0,
2014-10-06,416003.0,8983913.0,19.52360925952991,19.61337298026338,19.164554376596026,19.254318097329495,-0.08976372073347086,250.0,
2014-10-07,871197.0,18294875.0,19.074790655862554,19.074790655862554,18.715735772928674,18.760617633295404,-0.4937004640340897,367.0,
2014-10-08,831009.0,17176235.0,18.491326471094997,18.94014507476235,18.13227158816111,18.26691716926132,-0.4937004640340897,412.0,
2014-10-09,1031245.0,20736193.0,18.401562750361524,18.6259720521952,17.773216705227227,17.907862286327433,-0.35905488293388343,479.0,
2014-10-13,1444012.0,27310871.0,17.2346343808264,17.45904368266008,16.69605205642558,16.69605205642558,-1.2118102299018565,630.0,
2014-10-14,1115488.0,20625277.0,16.69605205642558,16.830697637525788,16.381879033858432,16.69605205642558,0.0,466.0,
2014-10-15,1191183.0,21571835.0,16.830697637525788,16.96534321862599,15.8432967094576,15.933060430191075,-0.7629916262345022,546.0,
2014-10-16,1756412.0,29785435.0,14.900777641756163,15.7086511283574,14.855895781389426,15.52912368689046,-0.40393674330061885,804.0,
2014-10-17,1385050.0,24500311.0,15.7086511283574,16.381879033858432,15.349596245423516,15.439359966156985,-0.08976372073347086,693.0,
2014-10-20,778183.0,13669498.0,15.753532988724135,15.933060430191075,15.618887407623928,15.8432967094576,0.40393674330061885,403.0,
2014-10-21,1528140.0,27885488.0,16.112587871658018,16.606288335692106,16.067706011291282,16.381879033858432,0.538582324400825,823.0,
2014-10-22,846100.0,15593571.0,16.56140647532537,16.651170196058843,16.381879033858432,16.4716427545919,0.08976372073347086,413.0,
2014-10-23,501618.0,9046354.0,16.336997173491692,16.381879033858432,16.022824150924546,16.15746973202475,-0.31417302256714796,278.0,
2014-10-24,480268.0,8671534.0,16.247233452758223,16.292115313124956,16.112587871658018,16.247233452758223,0.08976372073347086,285.0,
2014-10-27,774419.0,13289649.0,16.15746973202475,16.202351592391494,15.125186943589839,15.125186943589839,-1.1220465091683856,430.0,
2014-10-28,831786.0,14355302.0,15.304714385056782,15.8432967094576,15.259832524690044,15.79841484909087,0.6732279055010314,407.0,
2014-10-29,1160530.0,20874856.0,15.97794229055781,16.42676089422517,15.8432967094576,16.112587871658018,0.31417302256714796,504.0,
2014-10-30,322011.0,5740892.0,16.15746973202475,16.15746973202475,15.888178569824342,16.022824150924546,-0.08976372073347086,186.0,
2014-10-31,742306.0,13529583.0,16.112587871658018,16.516524614958637,16.112587871658018,16.381879033858432,0.35905488293388343,360.0,
2014-11-03,437646.0,8012352.0,16.381879033858432,16.606288335692106,16.247233452758223,16.42676089422517,0.04488186036673543,293.0,
2014-11-04,325383.0,5974762.0,16.606288335692106,16.606288335692106,16.381879033858432,16.42676089422517,0.0,183.0,
2014-11-05,2268402.0,43574059.0,16.4716427545919,17.54880740339355,16.4716427545919,17.54880740339355,1.1220465091683856,938.0,
2014-11-06,4999082.0,101705427.0,18.087389727794374,18.6259720521952,17.773216705227227,17.99762600706091,0.44881860366735427,2407.0,
2014-11-07,6410561.0,134400832.0,18.401562750361524,19.254318097329495,18.222035308894583,19.254318097329495,1.2566920902685919,2820.0,
2014-11-10,6195242.0,135577274.0,19.658254840630114,20.10707344429747,19.29919995769623,19.658254840630114,0.40393674330061885,2757.0,
2014-11-11,5443939.0,121798277.0,19.92754600283053,20.286600885764415,19.703136700996847,20.24171902539768,0.5834641847675606,2379.0,
2014-11-12,3723537.0,82796820.0,20.10707344429747,20.376364606497884,19.61337298026338,19.92754600283053,-0.31417302256714796,1730.0,
2014-11-13,2417483.0,53270776.0,19.92754600283053,20.06219158393074,19.61337298026338,19.658254840630114,-0.2692911622004125,1121.0,
2014-11-14,7759930.0,178538810.0,19.83778228209706,21.00471065163218,19.83778228209706,21.00471065163218,1.3464558110020628,3044.0,
2014-11-17,5719073.0,133578479.0,21.363765534566063,21.45352925529953,20.466128327231356,20.55589204796482,-0.44881860366735427,2608.0,
2014-11-18,9534420.0,217479645.0,20.690537629065034,21.45352925529953,19.344081818062968,19.658254840630114,-0.8976372073347085,4321.0,
2014-11-19,4778801.0,104877379.0,19.83778228209706,20.06219158393074,19.344081818062968,19.74801856136359,0.08976372073347086,2115.0,
2014-11-20,6529519.0,150152094.0,19.972427863197264,21.094474372365646,19.92754600283053,21.094474372365646,1.3464558110020628,2777.0,
2014-11-21,8069549.0,187272806.0,21.094474372365646,21.363765534566063,20.286600885764415,20.466128327231356,-0.6283460451342959,3465.0,
2014-11-24,2919775.0,66429359.0,20.60077390833156,20.690537629065034,20.24171902539768,20.376364606497884,-0.08976372073347086,1334.0,
2014-11-25,9870518.0,234550925.0,20.55589204796482,21.722820417499943,20.376364606497884,21.45352925529953,1.07716464880165,3993.0,
2014-11-26,4584102.0,109166661.0,21.363765534566063,21.67793855713321,21.139356232732386,21.408647394932796,-0.04488186036673543,2007.0,
2014-11-27,4618316.0,109889956.0,21.408647394932796,21.81258413823342,21.094474372365646,21.229119953465855,-0.17952744146694172,1877.0,
2014-11-28,2931403.0,68455808.0,21.31888367419933,21.408647394932796,20.735419489431766,20.7803013497985,-0.44881860366735427,1279.0,
2014-12-01,3459545.0,79277241.0,19.74801856136359,21.049592511998913,19.74801856136359,20.959828791265444,0.17952744146694172,1455.0,
2014-12-02,3585017.0,83824658.0,21.049592511998913,21.408647394932796,20.55589204796482,21.363765534566063,0.40393674330061885,1311.0,
2014-12-03,6345194.0,152979693.0,21.49841111566627,21.947229719333624,21.363765534566063,21.408647394932796,0.04488186036673543,2339.0,
2014-12-04,6008393.0,146451797.0,21.49841111566627,22.216520881534038,21.49841111566627,21.58817483639974,0.17952744146694172,2322.0,
2014-12-05,2414552.0,57949901.0,21.63305669676648,21.76770227786668,21.363765534566063,21.63305669676648,0.04488186036673543,985.0,
2014-12-08,6228019.0,153483906.0,21.992111579700357,22.530693904101188,21.722820417499943,21.722820417499943,0.08976372073347086,2424.0,
2014-12-09,3124328.0,73826539.0,21.543292976033005,21.67793855713321,20.914946930898708,21.049592511998913,-0.6732279055010314,1421.0,
2014-12-10,2731609.0,63033042.0,20.645655768698294,21.00471065163218,20.51101018759809,20.60077390833156,-0.44881860366735427,1159.0,
2014-12-11,1910002.0,43872546.0,20.24171902539768,20.914946930898708,20.24171902539768,20.645655768698294,0.04488186036673543,829.0,
2014-12-12,1154165.0,26726061.0,20.914946930898708,21.049592511998913,20.60077390833156,20.825183210165235,0.17952744146694172,551.0,
2014-12-15,1590501.0,36871522.0,20.42124646686462,21.049592511998913,20.376364606497884,20.87006507053197,0.04488186036673543,736.0,
2014-12-16,5039071.0,119875727.0,20.825183210165235,21.67793855713321,20.55589204796482,21.408647394932796,0.538582324400825,2064.0,
2014-12-17,4063443.0,96903214.0,21.408647394932796,21.81258413823342,21.049592511998913,21.139356232732386,-0.2692911622004125,1638.0,
2014-12-18,2146943.0,50739527.0,21.31888367419933,21.543292976033005,20.914946930898708,20.914946930898708,-0.22440930183367713,812.0,
2014-12-19,2295440.0,53039892.0,21.094474372365646,21.229119953465855,20.151955304664206,20.376364606497884,-0.538582324400825,890.0,
2014-12-22,2002004.0,46002742.0,20.466128327231356,20.825183210165235,20.466128327231356,20.60077390833156,0.22440930183367713,703.0,
2014-12-23,1201212.0,27539546.0,20.645655768698294,20.7803013497985,20.466128327231356,20.645655768698294,0.04488186036673543,467.0,
2014-12-24,5583737.0,132888304.0,20.645655768698294,21.722820417499943,20.645655768698294,21.63305669676648,0.9874009280681794,2303.0,
2014-12-25,5455382.0,132909566.0,22.1716390211673,22.261402741900774,21.408647394932796,21.408647394932796,-0.22440930183367713,2155.0,
2014-12-26,2145571.0,51526781.0,21.49841111566627,21.81258413823342,21.31888367419933,21.67793855713321,0.2692911622004125,1020.0,
2014-12-27,2665805.0,64872434.0,21.81258413823342,21.992111579700357,21.67793855713321,21.81258413823342,0.13464558110020625,1009.0,
2014-12-29,1971710.0,47389858.0,21.947229719333624,21.947229719333624,21.408647394932796,21.408647394932796,-0.40393674330061885,822.0,
2014-12-30,1517263.0,36379012.0,21.63305669676648,21.722820417499943,21.363765534566063,21.45352925529953,0.04488186036673543,610.0,
2014-12-31,699183.0,16728302.0,21.45352925529953,21.63305669676648,21.363765534566063,21.45352925529953,0.0,335.0,
2015-01-05,1231002.0,29474748.0,21.363765534566063,21.63305669676648,21.363765534566063,21.49841111566627,0.04488186036673543,505.0,
2015-01-06,1190394.0,27911939.0,21.094474372365646,21.31888367419933,20.87006507053197,20.959828791265444,-0.538582324400825,621.0,
2015-01-07,9213095.0,225465814.0,20.825183210165235,22.396048323000976,20.825183210165235,22.396048323000976,1.4362195317355337,3351.0,
2015-01-08,13263941.0,341230857.0,22.710221345568126,23.607858552902837,22.710221345568126,22.710221345568126,0.31417302256714796,5428.0,
2015-01-09,4336526.0,108845922.0,22.88974878703507,22.97951250776854,22.261402741900774,22.62045762483465,-0.08976372073347086,1832.0,
2015-01-12,2646683.0,65638814.0,22.62045762483465,22.62045762483465,21.992111579700357,22.1716390211673,-0.44881860366735427,1225.0,
2015-01-13,2243828.0,55815254.0,22.216520881534038,22.57557576446792,22.12675716080056,22.261402741900774,0.08976372073347086,1024.0,
2015-01-14,1404323.0,34597991.0,22.351166462634243,22.396048323000976,21.992111579700357,22.036993440067093,-0.22440930183367713,662.0,
2015-01-15,1508751.0,37085871.0,22.036993440067093,22.261402741900774,21.857465998600155,21.992111579700357,-0.04488186036673543,698.0,
2015-01-16,1718241.0,41634457.0,22.08187530043383,22.1716390211673,21.543292976033005,21.543292976033005,-0.44881860366735427,793.0,
2015-01-19,2299110.0,54366019.0,21.857465998600155,21.857465998600155,20.825183210165235,21.00471065163218,-0.538582324400825,992.0,
2015-01-20,1322754.0,31482043.0,21.094474372365646,21.58817483639974,21.094474372365646,21.45352925529953,0.44881860366735427,643.0,
2015-01-21,745229.0,17767508.0,21.63305669676648,21.63305669676648,21.27400181383259,21.31888367419933,-0.13464558110020625,408.0,
2015-01-22,1162446.0,27842606.0,21.408647394932796,21.722820417499943,21.31888367419933,21.49841111566627,0.17952744146694172,555.0,
2015-01-23,683613.0,16434225.0,21.63305669676648,21.857465998600155,21.408647394932796,21.408647394932796,-0.08976372073347086,421.0,
2015-01-26,1585197.0,38426904.0,21.363765534566063,21.992111579700357,21.31888367419933,21.81258413823342,0.40393674330061885,709.0,
2015-01-27,4405149.0,109717405.0,21.992111579700357,22.57557576446792,21.947229719333624,22.351166462634243,0.538582324400825,1800.0,
2015-01-28,1744421.0,43175497.0,22.261402741900774,22.485812043734448,22.036993440067093,22.216520881534038,-0.13464558110020625,702.0,
2015-01-29,2379955.0,58687445.0,22.12675716080056,22.396048323000976,21.947229719333624,22.08187530043383,-0.13464558110020625,891.0,
2015-01-30,879600.0,21567149.0,22.1716390211673,22.261402741900774,21.857465998600155,21.857465998600155,-0.22440930183367713,380.0,
2015-02-02,884601.0,21250051.0,21.857465998600155,22.036993440067093,21.408647394932796,21.49841111566627,-0.35905488293388343,421.0,
2015-02-03,753399.0,18120032.0,21.543292976033005,21.76770227786668,21.45352925529953,21.45352925529953,-0.04488186036673543,377.0,
2015-02-04,1004479.0,24136496.0,21.63305669676648,21.76770227786668,21.45352925529953,21.45352925529953,0.0,352.0,
2015-02-05,5867824.0,145214874.0,21.81258413823342,22.57557576446792,21.63305669676648,21.992111579700357,0.538582324400825,2288.0,
2015-02-06,1084236.0,26442184.0,21.992111579700357,22.1716390211673,21.722820417499943,21.722820417499943,-0.2692911622004125,554.0,
2015-02-09,674650.0,16274531.0,21.857465998600155,21.857465998600155,21.49841111566627,21.543292976033005,-0.17952744146694172,331.0,
2015-02-10,801358.0,19139212.0,21.543292976033005,21.722820417499943,21.31888367419933,21.363765534566063,-0.17952744146694172,385.0,
2015-02-11,2036103.0,49813672.0,21.992111579700357,22.1716390211673,21.63305669676648,21.63305669676648,0.2692911622004125,984.0,
2015-02-12,544205.0,13163189.0,21.81258413823342,21.81258413823342,21.63305669676648,21.67793855713321,0.04488186036673543,307.0,
2015-02-13,779844.0,18862447.0,21.722820417499943,21.857465998600155,21.63305669676648,21.67793855713321,0.0,372.0,
2015-02-24,845648.0,20688687.0,21.992111579700357,22.08187530043383,21.81258413823342,21.902347858966888,0.22440930183367713,446.0,
2015-02-25,6695966.0,170205678.0,22.12675716080056,23.15903994923548,22.036993440067093,22.9346306474018,1.0322827884349148,2933.0,
2015-02-26,5977827.0,154420648.0,23.15903994923548,23.607858552902837,22.84486692666833,22.88974878703507,-0.04488186036673543,2705.0,
2015-03-02,2661466.0,67424318.0,23.15903994923548,23.15903994923548,22.351166462634243,22.88974878703507,0.0,1293.0,
2015-03-03,7894064.0,212609835.0,23.51809483216936,24.460613899870808,23.293685530335686,24.460613899870808,1.5708651128357398,2727.0,
2015-03-04,17424037.0,477406317.0,24.819668782804687,25.044078084638365,23.877149715103243,24.011795296203452,-0.44881860366735427,6536.0,
2015-03-05,10658667.0,291245816.0,24.370850179137335,24.864550643171427,24.146440877303657,24.59525948097101,0.5834641847675606,4009.0,
2015-03-06,5942724.0,163333717.0,24.59525948097101,25.044078084638365,24.41573203950407,24.41573203950407,-0.17952744146694172,2488.0,
2015-03-09,3421034.0,91261684.0,24.05667715657019,24.23620459803713,23.562976692536097,24.011795296203452,-0.40393674330061885,1623.0,
2015-03-10,9480316.0,264879328.0,24.64014134133775,25.627542269405925,24.460613899870808,24.685023201704485,0.6732279055010314,4149.0,
2015-03-11,12294724.0,349068196.0,24.59525948097101,26.345652035273694,24.41573203950407,26.031479012706548,1.3464558110020628,5593.0,
2015-03-12,7098319.0,203973220.0,26.031479012706548,26.21100645417349,25.358251107205515,25.448014827938987,-0.5834641847675606,3347.0,
2015-03-13,5277719.0,152110384.0,25.582660409039192,26.12124273344002,25.582660409039192,25.851951571239606,0.40393674330061885,2331.0,
2015-03-16,11684740.0,348866480.0,25.986597152339808,27.333052963341874,25.851951571239606,26.570061337107372,0.7181097658677669,5279.0,
2015-03-17,4658902.0,137024533.0,26.839352499307786,27.018879940774728,26.12124273344002,26.21100645417349,-0.35905488293388343,2145.0,
2015-03-18,5694352.0,166054377.0,26.21100645417349,26.704706918207577,25.672424129772665,26.704706918207577,0.4937004640340897,2612.0,
2015-03-19,5447289.0,162255420.0,27.018879940774728,27.108643661508196,26.345652035273694,26.4802976163739,-0.22440930183367713,2462.0,
2015-03-20,3715271.0,108595086.0,26.570061337107372,26.570061337107372,26.031479012706548,26.031479012706548,-0.44881860366735427,1592.0,
2015-03-23,4638088.0,137034024.0,26.4802976163739,26.884234359674515,26.031479012706548,26.525179476740636,0.4937004640340897,2073.0,
2015-03-24,9916829.0,301183727.0,26.79447063894105,27.826753427375962,26.614943197474105,26.65982505784084,0.13464558110020625,4438.0,
2015-03-25,7140454.0,204834307.0,26.704706918207577,26.929116220041255,25.133841805371837,25.448014827938987,-1.2118102299018565,3281.0,
2015-03-26,5235043.0,150714418.0,25.22360552610531,26.16612459380675,25.133841805371837,25.762187850506134,0.31417302256714796,2572.0,
2015-03-27,2429293.0,68964654.0,25.762187850506134,25.941715291973072,25.178723665738577,25.313369246838782,-0.44881860366735427,1294.0,
2015-03-30,2445541.0,64699242.0,24.41573203950407,24.59525948097101,23.562976692536097,23.562976692536097,-1.7503925543026817,1137.0,
2015-03-31,5063539.0,129250436.0,22.57557576446792,23.51809483216936,22.485812043734448,23.248803669968947,-0.31417302256714796,2254.0,
2015-04-01,4104589.0,105912672.0,23.06927622850201,23.562976692536097,22.799985066301595,22.799985066301595,-0.44881860366735427,1805.0,
2015-04-02,2822833.0,71704569.0,23.11415808886874,23.248803669968947,22.485812043734448,22.485812043734448,-0.31417302256714796,1397.0,
2015-04-07,1662279.0,42424377.0,22.57557576446792,23.15903994923548,22.57557576446792,22.9346306474018,0.44881860366735427,980.0,
2015-04-08,1961830.0,50188137.0,23.02439436813527,23.293685530335686,22.62045762483465,22.62045762483465,-0.31417302256714796,979.0,
2015-04-09,4092993.0,105915168.0,22.97951250776854,23.473212971802628,22.799985066301595,22.88974878703507,0.2692911622004125,1639.0,
2015-04-10,1101922.0,28274049.0,23.33856739070242,23.33856739070242,22.88974878703507,23.11415808886874,0.22440930183367713,571.0,
2015-04-13,1679311.0,42751346.0,23.11415808886874,23.293685530335686,22.57557576446792,22.66533948520139,-0.44881860366735427,852.0,
2015-04-14,779050.0,19743414.0,22.710221345568126,22.84486692666833,22.66533948520139,22.755103205934862,0.08976372073347086,377.0,
2015-04-15,1071354.0,27270049.0,22.755103205934862,23.11415808886874,22.66533948520139,22.710221345568126,-0.04488186036673543,518.0,
2015-04-16,1926346.0,47513814.0,22.710221345568126,23.02439436813527,21.184238093099122,21.543292976033005,-1.1669283695351211,1005.0,
2015-04-17,3825406.0,88317800.0,21.543292976033005,21.722820417499943,20.24171902539768,20.645655768698294,-0.8976372073347085,1930.0,
2015-04-20,1469619.0,34435126.0,20.55589204796482,21.363765534566063,20.376364606497884,20.914946930898708,0.2692911622004125,867.0,
2015-04-21,1466423.0,33700985.0,21.363765534566063,21.363765534566063,20.376364606497884,20.376364606497884,-0.538582324400825,741.0,
2015-04-22,5201001.0,117409273.0,20.55589204796482,20.959828791265444,19.568491119896645,20.7803013497985,0.40393674330061885,2151.0,
2015-04-23,1498935.0,34629720.0,20.914946930898708,21.049592511998913,20.466128327231356,20.466128327231356,-0.31417302256714796,877.0,
2015-04-24,1063500.0,24424546.0,20.645655768698294,20.7803013497985,20.42124646686462,20.55589204796482,0.08976372073347086,602.0,
2015-04-27,1045971.0,23826042.0,20.735419489431766,20.735419489431766,20.19683716503094,20.376364606497884,-0.17952744146694172,600.0,
2015-04-28,1078550.0,24249539.0,20.376364606497884,20.51101018759809,19.972427863197264,20.06219158393074,-0.31417302256714796,590.0,
2015-04-29,2006578.0,43531082.0,20.151955304664206,20.19683716503094,18.85038135402888,19.209436236962762,-0.852755346967973,1025.0,
2015-04-30,1141860.0,25006961.0,19.209436236962762,19.882664142463792,19.209436236962762,19.83778228209706,0.6283460451342959,633.0,
2015-05-04,601007.0,13223947.0,19.83778228209706,20.017309723563997,19.568491119896645,19.568491119896645,-0.2692911622004125,310.0,
2015-05-05,1503091.0,31974429.0,19.478727399163173,19.568491119896645,18.715735772928674,18.895263214395616,-0.6732279055010314,757.0,
2015-05-06,1980750.0,42135008.0,18.85038135402888,19.61337298026338,18.401562750361524,19.61337298026338,0.7181097658677669,1084.0,
2015-05-07,3700922.0,83895742.0,19.568491119896645,20.914946930898708,19.344081818062968,20.24171902539768,0.6283460451342959,1879.0,
2015-05-08,1275370.0,28303513.0,20.19683716503094,20.42124646686462,19.658254840630114,19.658254840630114,-0.5834641847675606,647.0,
2015-05-11,1812159.0,37580270.0,19.658254840630114,19.658254840630114,18.31179902962805,18.31179902962805,-1.3464558110020628,845.0,
2015-05-12,3457851.0,66775959.0,17.95274414669417,18.222035308894583,17.05510693935946,17.68345298449376,-0.6283460451342959,1406.0,
2015-05-13,2546060.0,51710773.0,17.68345298449376,18.53620833146173,17.503925543026813,18.26691716926132,0.5834641847675606,1235.0,
2015-05-14,2178251.0,45095150.0,18.222035308894583,18.85038135402888,18.222035308894583,18.446444610728257,0.17952744146694172,1045.0,
2015-05-15,1388308.0,27929460.0,18.491326471094997,18.53620833146173,17.728334844860495,17.95274414669417,-0.4937004640340897,723.0,
2015-05-18,1483211.0,28994020.0,17.773216705227227,18.04250786742764,17.27951624119314,17.324398101559876,-0.6283460451342959,694.0,
2015-05-19,1068060.0,21149047.0,17.414161822293345,17.95274414669417,17.414161822293345,17.907862286327433,0.5834641847675606,628.0,
2015-05-20,940244.0,18829830.0,17.907862286327433,18.31179902962805,17.593689263760286,17.95274414669417,0.04488186036673543,536.0,
2015-05-21,1961005.0,40084807.0,17.773216705227227,18.581090191828466,17.773216705227227,18.222035308894583,0.2692911622004125,914.0,
2015-05-22,1096218.0,22455357.0,18.26691716926132,18.581090191828466,18.26691716926132,18.26691716926132,0.04488186036673543,556.0,
2015-05-25,666123.0,13469372.0,18.26691716926132,18.31179902962805,17.99762600706091,18.13227158816111,-0.13464558110020625,354.0,
2015-05-26,4310994.0,92022667.0,18.760617633295404,19.388963678429704,18.53620833146173,19.388963678429704,1.2566920902685919,1873.0,
2015-05-27,6540647.0,145240914.0,19.568491119896645,20.466128327231356,19.29919995769623,19.882664142463792,0.4937004640340897,3012.0,
2015-05-28,2049494.0,44947919.0,19.92754600283053,19.972427863197264,19.52360925952991,19.568491119896645,-0.31417302256714796,1023.0,
2015-05-29,1110186.0,24242786.0,19.658254840630114,19.792900421730323,19.43384553879644,19.568491119896645,0.0,554.0,
2015-06-01,1088249.0,23102678.0,19.61337298026338,19.61337298026338,18.670853912561938,19.02990879549582,-0.538582324400825,538.0,
2015-06-02,1846000.0,39975650.0,19.074790655862554,19.882664142463792,18.895263214395616,19.43384553879644,0.40393674330061885,895.0,
2015-06-03,2346645.0,51587052.0,19.972427863197264,20.017309723563997,19.29919995769623,19.344081818062968,-0.08976372073347086,1136.0,
2015-06-04,2189933.0,47102248.0,19.388963678429704,19.882664142463792,18.715735772928674,18.85038135402888,-0.4937004640340897,979.0,
2015-06-05,919002.0,18939791.0,18.85038135402888,19.164554376596026,18.04250786742764,18.401562750361524,-0.44881860366735427,524.0,
2015-06-08,939100.0,18894380.0,18.446444610728257,18.581090191828466,17.593689263760286,18.04250786742764,-0.35905488293388343,458.0,
2015-06-09,1935140.0,36368781.0,18.04250786742764,18.087389727794374,16.247233452758223,16.247233452758223,-1.795274414669417,741.0,
2015-06-10,1473488.0,27042501.0,15.888178569824342,16.830697637525788,15.888178569824342,16.69605205642558,0.44881860366735427,722.0,
2015-06-11,3410200.0,58970980.0,16.516524614958637,16.516524614958637,15.035423222856366,15.48424182652372,-1.2118102299018565,1475.0,
2015-06-12,1355270.0,23606084.0,15.080305083223102,16.112587871658018,15.080305083223102,15.439359966156985,-0.04488186036673543,711.0,
2015-06-15,660000.0,11388050.0,15.439359966156985,15.7086511283574,15.304714385056782,15.439359966156985,0.0,339.0,
2015-06-16,732333.0,12413542.0,15.52912368689046,15.618887407623928,15.080305083223102,15.080305083223102,-0.35905488293388343,387.0,
2015-06-17,916027.0,15848769.0,15.259832524690044,15.753532988724135,15.125186943589839,15.48424182652372,0.40393674330061885,522.0,
2015-06-18,1044000.0,18358550.0,15.439359966156985,16.022824150924546,15.439359966156985,15.79841484909087,0.31417302256714796,520.0,
2015-06-22,3672452.0,68171408.0,16.112587871658018,17.324398101559876,15.7086511283574,17.099988799726198,1.3015739506353272,1799.0,
2015-06-23,2553100.0,48527000.0,16.96534321862599,17.45904368266008,16.785815777159048,16.785815777159048,-0.31417302256714796,1315.0,
2015-06-24,832045.0,15457070.0,16.830697637525788,16.920461358259256,16.42676089422517,16.4716427545919,-0.31417302256714796,493.0,
2015-06-25,3660073.0,72411420.0,16.920461358259256,18.087389727794374,16.606288335692106,18.087389727794374,1.6157469732024754,1517.0,
2015-06-26,5771644.0,118984694.0,18.446444610728257,18.85038135402888,18.13227158816111,18.13227158816111,0.04488186036673543,2312.0,
2015-06-29,1276280.0,25087086.0,17.638571124127022,18.087389727794374,17.369279961926612,17.593689263760286,-0.538582324400825,661.0,
2015-06-30,1334409.0,26581601.0,17.728334844860495,18.087389727794374,17.638571124127022,17.773216705227227,0.17952744146694172,688.0,
2015-07-01,2280065.0,46165003.0,18.04250786742764,18.581090191828466,17.818098565593964,17.8629804259607,0.08976372073347086,1049.0,
2015-07-02,1304186.0,26028206.0,18.04250786742764,18.222035308894583,17.54880740339355,18.222035308894583,0.35905488293388343,643.0,
2015-07-03,4255148.0,88080554.0,18.356680889994788,19.119672516229294,18.222035308894583,18.31179902962805,0.08976372073347086,1896.0,
2015-07-06,1269005.0,25361747.0,18.26691716926132,18.446444610728257,17.503925543026813,17.503925543026813,-0.8078734866012377,693.0,
2015-07-07,934723.0,18340289.0,17.8629804259607,17.907862286327433,17.369279961926612,17.414161822293345,-0.08976372073347086,487.0,
2015-07-08,1456182.0,27214207.0,17.45904368266008,17.68345298449376,16.067706011291282,16.42676089422517,-0.9874009280681794,785.0,
2015-07-09,1199843.0,21346942.0,16.067706011291282,16.336997173491692,15.349596245423516,16.292115313124956,-0.13464558110020625,575.0,
2015-07-13,1074178.0,19666474.0,16.516524614958637,16.606288335692106,16.292115313124956,16.516524614958637,0.22440930183367713,488.0,
2015-07-14,541299.0,10104250.0,16.69605205642558,16.96534321862599,16.516524614958637,16.516524614958637,0.0,334.0,
2015-07-15,554000.0,10131400.0,16.69605205642558,16.740933916792315,16.202351592391494,16.202351592391494,-0.31417302256714796,296.0,
2015-07-16,370001.0,6732269.0,16.292115313124956,16.4716427545919,16.247233452758223,16.336997173491692,0.13464558110020625,203.0,
2015-07-17,707200.0,13103357.0,16.42676089422517,16.785815777159048,16.381879033858432,16.606288335692106,0.2692911622004125,389.0,
2015-07-20,1016007.0,19060526.0,16.740933916792315,17.144870660092934,16.516524614958637,16.56140647532537,-0.04488186036673543,503.0,
2015-07-21,710645.0,13280281.0,16.651170196058843,17.05510693935946,16.651170196058843,16.651170196058843,0.08976372073347086,345.0,
2015-07-22,537000.0,9842300.0,16.516524614958637,16.69605205642558,16.247233452758223,16.381879033858432,-0.2692911622004125,240.0,
2015-07-23,1077073.0,19051904.0,16.42676089422517,16.4716427545919,15.52912368689046,15.933060430191075,-0.44881860366735427,499.0,
2015-07-24,615810.0,10734882.0,15.97794229055781,16.022824150924546,15.259832524690044,15.7086511283574,-0.22440930183367713,328.0,
2015-07-27,1671002.0,27807430.0,15.52912368689046,15.888178569824342,14.137786015521659,14.137786015521659,-1.5708651128357398,711.0,
2015-07-28,862000.0,13757850.0,14.137786015521659,14.81101392102269,13.958258574054716,14.721250200289218,0.5834641847675606,486.0,
2015-07-29,684000.0,10953450.0,14.63148647955575,14.81101392102269,14.092904155154923,14.362195317355336,-0.35905488293388343,346.0,
2015-07-30,505835.0,8286651.0,14.451959038088809,15.035423222856366,14.451959038088809,14.676368339922487,0.31417302256714796,300.0,
2015-07-31,541543.0,8691613.0,14.63148647955575,14.63148647955575,14.272431596621866,14.362195317355336,-0.31417302256714796,278.0,
2015-08-03,990239.0,15020859.0,14.20786072797794,14.20786072797794,13.572365359953368,13.572365359953368,0.0,503.0,
2015-08-04,1826027.0,25638964.0,13.39079525480349,13.753935465103245,12.255982097616753,12.255982097616753,-1.3163832623366143,814.0,
2015-08-05,969008.0,13474408.0,12.255982097616753,12.846084939353856,12.255982097616753,12.709907360491448,0.4539252628746946,525.0,
2015-08-06,1732002.0,24636328.0,12.755299886778918,13.118440097078672,12.709907360491448,12.755299886778918,0.04539252628746946,692.0,
2015-08-07,401000.0,5668100.0,12.664514834203978,13.073047570791203,12.437552202766629,12.891477465641325,0.1361775788624084,237.0,
2015-08-10,716000.0,10406350.0,12.891477465641325,13.526972833665896,12.891477465641325,13.436187781090961,0.5447103154496336,341.0,
2015-08-11,753103.0,11064441.0,13.708542938815775,13.799327991390713,12.846084939353856,12.891477465641325,-0.5447103154496336,413.0,
2015-08-12,438000.0,6135750.0,12.709907360491448,12.936869991928795,12.573729781629039,12.800692413066386,-0.09078505257493892,257.0,
2015-08-13,574000.0,8207350.0,12.982262518216263,13.25461767594108,12.800692413066386,12.936869991928795,0.1361775788624084,303.0,
2015-08-14,250000.0,3543400.0,12.936869991928795,12.982262518216263,12.755299886778918,12.800692413066386,-0.1361775788624084,169.0,
2015-08-17,316514.0,4481582.0,12.800692413066386,12.982262518216263,12.664514834203978,12.664514834203978,-0.1361775788624084,183.0,
2015-08-18,226257.0,3152593.0,12.755299886778918,12.846084939353856,12.52833725534157,12.61912230791651,-0.04539252628746946,147.0,
2015-08-19,1345298.0,17223804.0,12.61912230791651,12.709907360491448,11.393524098154835,11.484309150729771,-1.1348131571867364,718.0,
2015-08-20,654737.0,8225622.0,11.166561466717486,11.66587925587965,11.121168940430016,11.302739045579894,-0.18157010514987784,399.0,
2015-08-21,1433125.0,16426805.0,10.89420630899267,10.89420630899267,10.213318414680629,10.213318414680629,-1.089420630899267,568.0,
2015-08-24,861757.0,8784781.0,9.26007536264377,9.532430520368585,9.214682836356298,9.214682836356298,-0.9986355783243281,334.0,
2015-08-25,2173241.0,20835070.0,8.297753805349418,9.214682836356298,8.297753805349418,9.05126974172141,-0.16341309463489007,843.0,
2015-08-26,1308225.0,13439362.0,9.05126974172141,9.75939315180593,8.760757573481605,9.714000625518462,0.662730883797054,653.0,
2015-08-27,1264000.0,14138600.0,9.986355783243281,10.349495993543037,9.94096325695581,10.077140835818218,0.3631402102997557,541.0,
2015-08-28,1010073.0,11433640.0,10.213318414680629,10.440281046117974,10.213318414680629,10.304103467255565,0.2269626314373473,460.0,
2015-08-31,559111.0,6382080.0,10.304103467255565,10.485673572405444,10.122533362105688,10.304103467255565,0.0,281.0,
2015-09-01,1040500.0,12274795.0,10.258710940968097,11.030383887855079,10.167925888393157,10.89420630899267,0.5901028417371029,498.0,
2015-09-02,671158.0,8017624.0,10.531066098692914,10.984991361567607,10.531066098692914,10.89420630899267,0.0,295.0,
2015-09-03,1694011.0,21473045.0,10.984991361567607,11.802056834742059,10.984991361567607,11.529701677017242,0.6354953680245723,801.0,
2015-09-04,831192.0,10357890.0,11.575094203304712,11.620486729592182,10.984991361567607,11.166561466717486,-0.3631402102997557,417.0,
2015-09-07,431110.0,5276229.0,10.89420630899267,11.302739045579894,10.89420630899267,11.075776414142547,-0.09078505257493892,210.0,
2015-09-08,464461.0,5768319.0,11.302739045579894,11.438916624442303,11.121168940430016,11.257346519292424,0.18157010514987784,229.0,
2015-09-09,2470300.0,32727429.0,11.620486729592182,12.346767150191692,11.620486729592182,11.802056834742059,0.5447103154496336,877.0,
2015-09-10,830055.0,10899320.0,11.620486729592182,12.165197045041815,11.620486729592182,11.983626939891936,0.18157010514987784,407.0,
2015-09-11,1607558.0,21320308.0,11.892841887316996,12.346767150191692,11.847449361029529,11.938234413604468,-0.04539252628746946,606.0,
2015-09-14,568402.0,7348150.0,11.983626939891936,12.074411992466876,11.484309150729771,11.756664308454589,-0.18157010514987784,330.0,
2015-09-15,301842.0,3875300.0,11.756664308454589,11.756664308454589,11.575094203304712,11.575094203304712,-0.18157010514987784,178.0,
2015-09-16,593073.0,7585016.0,11.71127178216712,11.802056834742059,11.438916624442303,11.438916624442303,-0.1361775788624084,265.0,
2015-09-17,2849244.0,37772220.0,11.620486729592182,12.255982097616753,11.575094203304712,12.029019466179404,0.5901028417371029,1052.0,
2015-09-18,998165.0,13259593.0,11.938234413604468,12.165197045041815,11.847449361029529,12.165197045041815,0.1361775788624084,401.0,
2015-09-21,818215.0,10582431.0,12.029019466179404,12.029019466179404,11.620486729592182,11.620486729592182,-0.5447103154496336,440.0,
2015-09-22,719505.0,9412015.0,11.756664308454589,12.029019466179404,11.756664308454589,11.802056834742059,0.18157010514987784,356.0,
2015-09-23,618024.0,7893749.0,11.66587925587965,11.802056834742059,11.484309150729771,11.484309150729771,-0.31774768401228615,322.0,
2015-09-24,1221086.0,15131235.0,11.620486729592182,11.756664308454589,10.8488137827052,10.939598835280139,-0.5447103154496336,518.0,
2015-09-25,488300.0,5904994.0,10.984991361567607,11.121168940430016,10.8488137827052,11.030383887855079,0.09078505257493892,237.0,
2015-09-30,308015.0,3698380.0,10.712636203842791,11.075776414142547,10.712636203842791,10.89420630899267,-0.1361775788624084,182.0,
2015-10-01,1124401.0,14044672.0,11.257346519292424,11.438916624442303,11.075776414142547,11.257346519292424,0.3631402102997557,447.0,
2015-10-02,1490343.0,18820454.0,11.211953993004956,11.66587925587965,11.166561466717486,11.393524098154835,0.1361775788624084,577.0,
2015-10-05,1594002.0,20859876.0,11.66587925587965,12.119804518754345,11.529701677017242,11.802056834742059,0.4085327365872251,714.0,
2015-10-06,1050038.0,13730284.0,12.074411992466876,12.210589571329283,11.620486729592182,11.620486729592182,-0.18157010514987784,473.0,
2015-10-07,1565186.0,20579045.0,11.71127178216712,12.119804518754345,11.620486729592182,11.983626939891936,0.3631402102997557,615.0,
2015-10-08,827440.0,10679592.0,12.165197045041815,12.165197045041815,11.529701677017242,11.529701677017242,-0.4539252628746946,426.0,
2015-10-12,394557.0,5079326.0,11.71127178216712,11.802056834742059,11.575094203304712,11.66587925587965,0.1361775788624084,218.0,
2015-10-13,346819.0,4478923.0,11.756664308454589,11.847449361029529,11.66587925587965,11.71127178216712,0.04539252628746946,195.0,
2015-10-14,1075800.0,14139529.0,11.71127178216712,12.119804518754345,11.71127178216712,11.892841887316996,0.18157010514987784,530.0,
2015-10-15,608155.0,7969141.0,11.983626939891936,12.119804518754345,11.756664308454589,11.756664308454589,-0.1361775788624084,312.0,
2015-10-16,562361.0,7359577.0,11.847449361029529,11.938234413604468,11.802056834742059,11.938234413604468,0.18157010514987784,277.0,
2015-10-19,2604002.0,37069927.0,12.074411992466876,13.118440097078672,12.074411992466876,13.118440097078672,1.1802056834742058,828.0,
2015-10-20,8509851.0,132195487.0,13.935505570253122,14.389430833127816,13.799327991390713,14.389430833127816,1.2709907360491446,2619.0,
2015-10-21,5814999.0,93714282.0,14.843356096002514,14.888748622289981,14.253253254265408,14.661785990852634,0.2723551577248168,2304.0,
2015-10-22,1767029.0,28131614.0,14.661785990852634,14.661785990852634,14.29864578055288,14.661785990852634,0.0,777.0,
2015-10-23,3062525.0,48980189.0,15.070318727439862,15.251888832589739,14.071683149115529,14.253253254265408,-0.4085327365872251,1286.0,
2015-10-26,1231002.0,19179830.0,14.344038306840348,14.434823359415287,13.980898096540594,14.02629062282806,-0.2269626314373473,535.0,
2015-10-27,1360119.0,21316115.0,14.02629062282806,14.434823359415287,13.980898096540594,14.344038306840348,0.31774768401228615,619.0,
2015-10-28,1349205.0,21161515.0,14.389430833127816,14.434823359415287,14.071683149115529,14.071683149115529,-0.2723551577248168,530.0,
2015-10-29,1698680.0,26440121.0,14.16246820169047,14.29864578055288,13.799327991390713,14.02629062282806,-0.04539252628746946,696.0,
2015-10-30,1081079.0,16223396.0,14.117075675403003,14.117075675403003,13.25461767594108,13.617757886240836,-0.4085327365872251,539.0,
2015-11-02,593563.0,8997827.0,13.708542938815775,13.890113043965654,13.617757886240836,13.844720517678184,0.2269626314373473,318.0,
2015-11-03,1468059.0,22968411.0,13.890113043965654,14.480215885702755,13.890113043965654,14.071683149115529,0.2269626314373473,609.0,
2015-11-04,732000.0,11379850.0,14.16246820169047,14.253253254265408,13.980898096540594,14.16246820169047,0.09078505257493892,346.0,
2015-11-05,6498212.0,108206583.0,14.253253254265408,15.56963651660202,14.253253254265408,15.56963651660202,1.407168314911553,1903.0,
2015-11-06,4691493.0,77799183.0,15.433458937739614,15.478851464027086,14.661785990852634,14.888748622289981,-0.6808878943120419,1968.0,
2015-11-09,1378086.0,22097110.0,14.888748622289981,15.024926201152388,14.253253254265408,14.253253254265408,-0.6354953680245723,612.0,
2015-11-10,6644072.0,105941544.0,14.16246820169047,14.661785990852634,13.935505570253122,14.480215885702755,0.2269626314373473,1470.0,
2015-11-11,1577209.0,24059735.0,14.253253254265408,14.389430833127816,13.526972833665896,13.526972833665896,-0.9532430520368587,753.0,
2015-11-12,1052017.0,15813455.0,13.526972833665896,13.844720517678184,13.436187781090961,13.572365359953368,0.04539252628746946,529.0,
2015-11-13,676006.0,10080240.0,13.30001020222855,13.799327991390713,13.30001020222855,13.572365359953368,0.0,286.0,
2015-11-16,687014.0,10009201.0,12.982262518216263,13.436187781090961,12.936869991928795,13.436187781090961,-0.1361775788624084,364.0,
2015-11-17,498381.0,7555452.0,13.890113043965654,13.890113043965654,13.617757886240836,13.799327991390713,0.3631402102997557,255.0,
2015-11-18,1079657.0,16645477.0,13.890113043965654,14.344038306840348,13.708542938815775,14.253253254265408,0.4539252628746946,428.0,
2015-11-19,1388238.0,21838923.0,14.616393464565164,14.616393464565164,13.935505570253122,13.935505570253122,-0.31774768401228615,594.0,
2015-11-20,472457.0,7295852.0,13.980898096540594,14.253253254265408,13.890113043965654,13.980898096540594,0.04539252628746946,292.0,
2015-11-23,585645.0,9015065.0,13.980898096540594,14.16246820169047,13.890113043965654,13.890113043965654,-0.09078505257493892,254.0,
2015-11-24,394015.0,5956525.0,13.890113043965654,14.02629062282806,13.526972833665896,13.617757886240836,-0.2723551577248168,252.0,
2015-11-25,657802.0,9579561.0,13.526972833665896,13.572365359953368,12.982262518216263,13.027655044503735,-0.5901028417371029,384.0,
2015-11-26,3137347.0,48782889.0,13.30001020222855,14.29864578055288,13.30001020222855,13.890113043965654,0.8624579994619196,1313.0,
2015-11-27,1194210.0,17800774.0,13.617757886240836,13.799327991390713,13.30001020222855,13.30001020222855,-0.5901028417371029,606.0,
2015-11-30,560000.0,8139200.0,13.027655044503735,13.39079525480349,13.027655044503735,13.25461767594108,-0.04539252628746946,283.0,
2015-12-01,2448152.0,37836443.0,13.526972833665896,14.480215885702755,13.526972833665896,14.480215885702755,1.2255982097616755,1200.0,
2015-12-02,1333412.0,20740009.0,14.389430833127816,14.389430833127816,13.935505570253122,14.02629062282806,-0.4539252628746946,645.0,
2015-12-03,1154720.0,18133708.0,14.16246820169047,14.480215885702755,14.071683149115529,14.117075675403003,0.09078505257493892,635.0,
2015-12-04,3802800.0,61083939.0,14.02629062282806,14.888748622289981,14.02629062282806,14.661785990852634,0.5447103154496336,1635.0,
2015-12-07,1196011.0,19054970.0,14.752571043427572,14.843356096002514,14.253253254265408,14.389430833127816,-0.2723551577248168,581.0,
2015-12-08,884346.0,13765372.0,14.344038306840348,14.480215885702755,13.935505570253122,13.935505570253122,-0.4539252628746946,454.0,
2015-12-09,887370.0,13433273.0,13.890113043965654,14.16246820169047,13.345402728516019,13.526972833665896,-0.4085327365872251,518.0,
2015-12-10,619002.0,9153730.0,13.526972833665896,13.753935465103245,13.118440097078672,13.753935465103245,0.2269626314373473,339.0,
2015-12-11,916513.0,13374282.0,13.708542938815775,13.799327991390713,12.664514834203978,12.709907360491448,-1.0440281046117974,486.0,
2015-12-14,536329.0,7269280.0,12.029019466179404,12.573729781629039,11.983626939891936,12.573729781629039,-0.1361775788624084,340.0,
2015-12-15,463854.0,6540540.0,12.846084939353856,12.982262518216263,12.664514834203978,12.709907360491448,0.1361775788624084,302.0,
2015-12-16,399209.0,5689338.0,12.982262518216263,13.073047570791203,12.755299886778918,12.936869991928795,0.2269626314373473,221.0,
2015-12-17,446002.0,6479928.0,13.073047570791203,13.345402728516019,13.073047570791203,13.163832623366142,0.2269626314373473,242.0,
2015-12-18,274003.0,3994592.0,13.118440097078672,13.345402728516019,13.073047570791203,13.163832623366142,0.0,169.0,
2015-12-21,267020.0,3908580.0,12.846084939353856,13.39079525480349,12.846084939353856,13.345402728516019,0.18157010514987784,170.0,
2015-12-22,729138.0,11017232.0,13.526972833665896,14.071683149115529,13.481580307378428,13.481580307378428,0.1361775788624084,435.0,
2015-12-23,291488.0,4377695.0,13.799327991390713,13.890113043965654,13.436187781090961,13.436187781090961,-0.04539252628746946,180.0,
2015-12-24,256013.0,3764185.0,13.663150412528307,13.708542938815775,13.118440097078672,13.118440097078672,-0.31774768401228615,168.0,
2015-12-25,280682.0,4128474.0,13.163832623366142,13.572365359953368,13.163832623366142,13.436187781090961,0.31774768401228615,176.0,
2015-12-28,1130626.0,16880240.0,13.572365359953368,13.890113043965654,13.25461767594108,13.39079525480349,-0.04539252628746946,423.0,
2015-12-29,238738.0,3486208.0,13.25461767594108,13.39079525480349,13.163832623366142,13.209225149653612,-0.18157010514987784,155.0,
2015-12-30,259085.0,3771170.0,13.39079525480349,13.39079525480349,13.118440097078672,13.118440097078672,-0.09078505257493892,127.0,
2015-12-31,404405.0,5955677.0,13.163832623366142,13.617757886240836,13.118440097078672,13.617757886240836,0.49931778916216407,225.0,
2016-01-04,7693425.0,122988588.0,13.980898096540594,14.752571043427572,13.980898096540594,14.616393464565164,0.9986355783243281,3712.0,
2016-01-05,3368647.0,53511319.0,14.434823359415287,14.752571043427572,14.117075675403003,14.434823359415287,-0.18157010514987784,1576.0,
2016-01-06,1937799.0,30342613.0,14.525608411990227,14.661785990852634,13.799327991390713,13.799327991390713,-0.6354953680245723,1026.0,
2016-01-07,1876174.0,27039136.0,13.799327991390713,14.02629062282806,12.437552202766629,12.755299886778918,-1.0440281046117974,946.0,
2016-01-08,815002.0,11833478.0,12.664514834203978,13.39079525480349,12.573729781629039,13.39079525480349,0.6354953680245723,455.0,
2016-01-11,748017.0,10594488.0,12.891477465641325,13.118440097078672,12.709907360491448,12.709907360491448,-0.6808878943120419,442.0,
2016-01-12,719665.0,9973807.0,12.982262518216263,12.982262518216263,12.074411992466876,12.255982097616753,-0.4539252628746946,396.0,
2016-01-13,470006.0,6437478.0,12.52833725534157,12.61912230791651,12.255982097616753,12.482944729054102,0.2269626314373473,265.0,
2016-01-14,460014.0,6104184.0,11.983626939891936,12.210589571329283,11.892841887316996,12.119804518754345,-0.3631402102997557,256.0,
2016-01-15,619398.0,8170524.0,12.392159676479162,12.437552202766629,11.71127178216712,11.71127178216712,-0.4085327365872251,332.0,
2016-01-18,599000.0,7934300.0,11.348131571867363,12.346767150191692,11.257346519292424,12.346767150191692,0.6354953680245723,328.0,
2016-01-19,558284.0,7754526.0,12.210589571329283,12.755299886778918,12.210589571329283,12.755299886778918,0.4085327365872251,302.0,
2016-01-20,365007.0,5018592.0,12.709907360491448,12.891477465641325,12.210589571329283,12.210589571329283,-0.5447103154496336,248.0,
2016-01-21,423106.0,5678919.0,12.346767150191692,12.392159676479162,11.983626939891936,12.029019466179404,-0.18157010514987784,228.0,
2016-01-22,253000.0,3407200.0,12.301374623904223,12.392159676479162,12.074411992466876,12.074411992466876,0.04539252628746946,151.0,
2016-01-25,251000.0,3419800.0,12.437552202766629,12.437552202766629,12.255982097616753,12.346767150191692,0.2723551577248168,146.0,
2016-01-26,196005.0,2640720.0,12.210589571329283,12.392159676479162,12.119804518754345,12.119804518754345,-0.2269626314373473,138.0,
2016-01-27,244773.0,3293330.0,12.255982097616753,12.346767150191692,12.119804518754345,12.346767150191692,0.2269626314373473,140.0,
2016-01-28,592678.0,8145231.0,12.392159676479162,12.709907360491448,12.165197045041815,12.664514834203978,0.31774768401228615,273.0,
2016-01-29,1508433.0,21334452.0,12.755299886778918,12.982262518216263,12.709907360491448,12.709907360491448,0.04539252628746946,645.0,
2016-01-30,406003.0,5755545.0,12.846084939353856,13.027655044503735,12.755299886778918,12.755299886778918,0.04539252628746946,206.0,
2016-02-01,999030.0,14406633.0,12.800692413066386,13.39079525480349,12.755299886778918,13.209225149653612,0.4539252628746946,438.0,
2016-02-02,3617300.0,54810450.0,13.708542938815775,14.071683149115529,13.481580307378428,13.481580307378428,0.2723551577248168,1551.0,
2016-02-03,971407.0,14113978.0,13.345402728516019,13.436187781090961,12.982262518216263,13.027655044503735,-0.4539252628746946,461.0,
2016-02-15,1042190.0,15281750.0,12.755299886778918,13.708542938815775,12.755299886778918,13.526972833665896,0.49931778916216407,492.0,
2016-02-16,910886.0,13442219.0,13.526972833665896,13.572365359953368,13.30001020222855,13.39079525480349,-0.1361775788624084,382.0,
2016-02-17,1305055.0,19603589.0,13.526972833665896,13.753935465103245,13.436187781090961,13.708542938815775,0.31774768401228615,550.0,
2016-02-18,2533000.0,38723650.0,13.890113043965654,14.02629062282806,13.663150412528307,13.708542938815775,0.0,1056.0,
2016-02-19,703671.0,10562118.0,13.617757886240836,13.844720517678184,13.481580307378428,13.481580307378428,-0.2269626314373473,367.0,
2016-02-22,586010.0,8784450.0,13.708542938815775,13.799327991390713,13.481580307378428,13.526972833665896,0.04539252628746946,321.0,
2016-02-23,794490.0,11882318.0,13.663150412528307,13.753935465103245,13.436187781090961,13.481580307378428,-0.04539252628746946,354.0,
2016-02-24,513401.0,7602673.0,13.526972833665896,13.617757886240836,13.30001020222855,13.30001020222855,-0.18157010514987784,275.0,
2016-02-25,635029.0,9405109.0,13.345402728516019,13.572365359953368,13.345402728516019,13.345402728516019,0.04539252628746946,308.0,
2016-02-26,468570.0,6926624.0,13.481580307378428,13.526972833665896,13.345402728516019,13.526972833665896,0.18157010514987784,215.0,
2016-03-01,659711.0,9933026.0,13.436187781090961,13.799327991390713,13.436187781090961,13.617757886240836,0.09078505257493892,343.0,
2016-03-02,922352.0,13967445.0,13.799327991390713,13.844720517678184,13.617757886240836,13.799327991390713,0.18157010514987784,415.0,
2016-03-03,3352288.0,51861009.0,13.935505570253122,14.253253254265408,13.753935465103245,13.753935465103245,-0.04539252628746946,1189.0,
2016-03-04,600090.0,9121962.0,13.799327991390713,13.890113043965654,13.753935465103245,13.799327991390713,0.04539252628746946,325.0,
2016-03-07,606035.0,9219875.0,13.799327991390713,13.935505570253122,13.663150412528307,13.663150412528307,-0.1361775788624084,321.0,
2016-03-08,547007.0,8208205.0,13.708542938815775,13.799327991390713,13.526972833665896,13.572365359953368,-0.09078505257493892,264.0,
2016-03-09,1663122.0,25441965.0,13.526972833665896,14.071683149115529,13.436187781090961,13.890113043965654,0.31774768401228615,775.0,
2016-03-10,917257.0,13920572.0,13.980898096540594,13.980898096540594,13.617757886240836,13.617757886240836,-0.2723551577248168,428.0,
2016-03-11,471033.0,7095245.0,13.708542938815775,13.753935465103245,13.617757886240836,13.663150412528307,0.04539252628746946,271.0,
2016-03-14,773095.0,11748681.0,13.753935465103245,13.980898096540594,13.617757886240836,13.799327991390713,0.1361775788624084,424.0,
2016-03-15,971126.0,14491637.0,13.799327991390713,13.935505570253122,13.30001020222855,13.436187781090961,-0.3631402102997557,513.0,
2016-03-16,316012.0,4700423.0,13.481580307378428,13.572365359953368,13.436187781090961,13.526972833665896,0.09078505257493892,189.0,
2016-03-17,618110.0,9137448.0,13.617757886240836,13.708542938815775,13.209225149653612,13.209225149653612,-0.31774768401228615,311.0,
2016-03-18,5777162.0,90925203.0,13.844720517678184,14.525608411990227,13.663150412528307,14.117075675403003,0.9078505257493892,2301.0,
2016-03-21,1516317.0,23137153.0,14.16246820169047,14.20786072797794,13.663150412528307,13.844720517678184,-0.2723551577248168,718.0,
2016-03-22,1246099.0,18602567.0,13.844720517678184,13.844720517678184,13.345402728516019,13.436187781090961,-0.4085327365872251,585.0,
2016-03-23,442120.0,6567754.0,13.436187781090961,13.617757886240836,13.39079525480349,13.39079525480349,-0.04539252628746946,268.0,
2016-03-24,812007.0,12048498.0,13.436187781090961,13.663150412528307,13.25461767594108,13.39079525480349,0.0,352.0,
2016-03-25,309101.0,4580982.0,13.572365359953368,13.572365359953368,13.39079525480349,13.436187781090961,0.04539252628746946,165.0,
2016-03-28,418725.0,6148050.0,13.481580307378428,13.526972833665896,13.163832623366142,13.163832623366142,-0.2723551577248168,435.0,
2016-03-29,583224.0,8350889.0,13.25461767594108,13.30001020222855,12.800692413066386,12.800692413066386,-0.3631402102997557,483.0,
2016-03-30,930107.0,13623006.0,13.027655044503735,13.526972833665896,12.891477465641325,13.345402728516019,0.5447103154496336,536.0,
2016-03-31,372040.0,5451265.0,13.39079525480349,13.436187781090961,13.209225149653612,13.39079525480349,0.04539252628746946,241.0,
2016-04-01,3053150.0,46393539.0,13.844720517678184,14.071683149115529,13.526972833665896,13.572365359953368,0.18157010514987784,1435.0,
2016-04-06,520088.0,7724002.0,13.436187781090961,13.617757886240836,13.345402728516019,13.39079525480349,-0.18157010514987784,324.0,
2016-04-07,3259489.0,49945317.0,13.617757886240836,14.20786072797794,13.526972833665896,13.526972833665896,0.1361775788624084,1394.0,
2016-04-08,711829.0,10580090.0,13.526972833665896,13.708542938815775,13.345402728516019,13.526972833665896,0.0,410.0,
2016-04-11,410335.0,6050523.0,13.481580307378428,13.617757886240836,13.25461767594108,13.39079525480349,-0.1361775788624084,301.0,
2016-04-12,577364.0,8368725.0,13.526972833665896,13.526972833665896,12.982262518216263,12.982262518216263,-0.4085327365872251,345.0,
2016-04-13,324689.0,4695894.0,13.073047570791203,13.25461767594108,13.027655044503735,13.073047570791203,0.09078505257493892,298.0,
2016-04-14,325277.0,4704700.0,13.163832623366142,13.25461767594108,13.073047570791203,13.163832623366142,0.09078505257493892,155.0,
2016-04-15,291028.0,4201348.0,13.209225149653612,13.209225149653612,13.027655044503735,13.027655044503735,-0.1361775788624084,146.0,
2016-04-18,215099.0,3086208.0,13.027655044503735,13.118440097078672,12.936869991928795,13.118440097078672,0.09078505257493892,120.0,
2016-04-19,300001.0,4329215.0,13.209225149653612,13.30001020222855,13.027655044503735,13.027655044503735,-0.09078505257493892,136.0,
2016-04-20,737073.0,10371278.0,13.118440097078672,13.118440097078672,12.61912230791651,12.664514834203978,-0.3631402102997557,268.0,
2016-04-21,1002243.0,14273674.0,12.709907360491448,13.163832623366142,12.709907360491448,12.891477465641325,0.2269626314373473,322.0,
2016-04-22,520000.0,7251300.0,12.936869991928795,12.936869991928795,12.346767150191692,12.573729781629039,-0.31774768401228615,201.0,
2016-04-25,282000.0,3901700.0,12.573729781629039,12.664514834203978,12.437552202766629,12.52833725534157,-0.04539252628746946,123.0,
2016-04-26,254276.0,3558464.0,12.573729781629039,12.800692413066386,12.573729781629039,12.755299886778918,0.2269626314373473,144.0,
2016-04-27,492597.0,6993645.0,12.891477465641325,13.073047570791203,12.664514834203978,12.664514834203978,-0.09078505257493892,253.0,
2016-04-28,337832.0,4647597.0,12.709907360491448,12.709907360491448,12.392159676479162,12.437552202766629,-0.2269626314373473,175.0,
2016-04-29,208002.0,2850276.0,12.301374623904223,12.573729781629039,12.255982097616753,12.482944729054102,0.04539252628746946,119.0,
2016-05-03,205793.0,2819063.0,12.573729781629039,12.573729781629039,12.301374623904223,12.301374623904223,-0.18157010514987784,92.0,
2016-05-04,351251.0,4709350.0,12.301374623904223,12.392159676479162,11.802056834742059,11.847449361029529,-0.4539252628746946,160.0,
2016-05-05,339100.0,4412705.0,12.074411992466876,12.074411992466876,11.620486729592182,11.847449361029529,0.0,192.0,
2016-05-06,162000.0,2118000.0,11.847449361029529,11.938234413604468,11.756664308454589,11.938234413604468,0.09078505257493892,93.0,
2016-05-09,350349.0,4726837.0,12.165197045041815,12.709907360491448,11.983626939891936,11.983626939891936,0.04539252628746946,209.0,
2016-05-10,202002.0,2671776.0,11.983626939891936,12.119804518754345,11.802056834742059,11.983626939891936,0.0,132.0,
2016-05-11,254430.0,3394576.0,12.074411992466876,12.255982097616753,11.938234413604468,12.074411992466876,0.09078505257493892,121.0,
2016-05-12,207090.0,2718429.0,12.074411992466876,12.074411992466876,11.802056834742059,11.847449361029529,-0.2269626314373473,113.0,
2016-05-13,488379.0,6205874.0,11.847449361029529,11.892841887316996,11.075776414142547,11.348131571867363,-0.49931778916216407,196.0,
2016-05-16,658070.0,8222774.0,11.348131571867363,11.484309150729771,10.984991361567607,11.257346519292424,-0.09078505257493892,198.0,
2016-05-17,242204.0,3049919.0,11.393524098154835,11.529701677017242,11.348131571867363,11.484309150729771,0.2269626314373473,138.0,
2016-05-18,331717.0,4251591.0,11.438916624442303,11.892841887316996,11.348131571867363,11.892841887316996,0.4085327365872251,176.0,
2016-05-19,347235.0,4471910.0,11.802056834742059,11.938234413604468,11.438916624442303,11.484309150729771,-0.4085327365872251,186.0,
2016-05-20,218055.0,2780398.0,11.66587925587965,11.66587925587965,11.484309150729771,11.620486729592182,0.1361775788624084,116.0,
2016-05-23,337000.0,4409400.0,11.575094203304712,12.029019466179404,11.575094203304712,11.983626939891936,0.3631402102997557,173.0,
2016-05-24,172100.0,2280919.0,11.983626939891936,12.119804518754345,11.983626939891936,12.029019466179404,0.04539252628746946,103.0,
2016-05-25,317359.0,4217370.0,12.165197045041815,12.165197045041815,11.938234413604468,11.938234413604468,-0.09078505257493892,162.0,
2016-05-26,182477.0,2423195.0,11.983626939891936,12.165197045041815,11.983626939891936,12.029019466179404,0.09078505257493892,119.0,
2016-05-27,883002.0,11921626.0,12.074411992466876,12.52833725534157,12.074411992466876,12.119804518754345,0.09078505257493892,344.0,
2016-05-30,166238.0,2212391.0,12.210589571329283,12.210589571329283,12.029019466179404,12.029019466179404,-0.09078505257493892,91.0,
2016-05-31,310000.0,4111700.0,12.029019466179404,12.210589571329283,11.983626939891936,12.029019466179404,0.0,114.0,
2016-06-01,523240.0,7013466.0,12.074411992466876,12.301374623904223,11.983626939891936,12.255982097616753,0.2269626314373473,165.0,
2016-06-02,1726240.0,23587166.0,12.255982097616753,12.52833725534157,12.210589571329283,12.210589571329283,-0.04539252628746946,516.0,
2016-06-03,263595.0,3529662.0,12.165197045041815,12.301374623904223,12.119804518754345,12.165197045041815,-0.04539252628746946,122.0,
2016-06-04,99183.0,1326983.0,12.119804518754345,12.301374623904223,12.074411992466876,12.119804518754345,-0.04539252628746946,59.0,
2016-06-06,116000.0,1539750.0,12.255982097616753,12.255982097616753,11.983626939891936,11.983626939891936,-0.1361775788624084,72.0,
2016-06-07,119155.0,1585295.0,12.029019466179404,12.119804518754345,12.029019466179404,12.029019466179404,0.04539252628746946,86.0,
2016-06-08,212001.0,2810913.0,12.165197045041815,12.165197045041815,11.983626939891936,12.029019466179404,0.0,90.0,
2016-06-13,223110.0,2897655.0,11.983626939891936,11.983626939891936,11.66587925587965,11.71127178216712,-0.31774768401228615,144.0,
2016-06-14,155000.0,1996450.0,11.575094203304712,11.756664308454589,11.575094203304712,11.756664308454589,0.04539252628746946,82.0,
2016-06-15,89004.0,1152852.0,11.66587925587965,11.802056834742059,11.66587925587965,11.802056834742059,0.04539252628746946,61.0,
2016-06-16,151229.0,1940781.0,11.71127178216712,11.802056834742059,11.575094203304712,11.575094203304712,-0.2269626314373473,85.0,
2016-06-17,129123.0,1651912.0,11.756664308454589,11.756664308454589,11.529701677017242,11.529701677017242,-0.04539252628746946,78.0,
2016-06-20,102827.0,1322516.0,11.71127178216712,11.756664308454589,11.620486729592182,11.71127178216712,0.18157010514987784,78.0,
2016-06-21,109565.0,1414536.0,11.66587925587965,11.847449361029529,11.66587925587965,11.71127178216712,0.0,68.0,
2016-06-22,248302.0,3233035.0,11.802056834742059,11.892841887316996,11.71127178216712,11.892841887316996,0.18157010514987784,117.0,
2016-06-23,140000.0,1830550.0,11.983626939891936,11.983626939891936,11.802056834742059,11.847449361029529,-0.04539252628746946,72.0,
2016-06-24,490010.0,6201374.0,11.983626939891936,11.983626939891936,11.166561466717486,11.348131571867363,-0.49931778916216407,232.0,
2016-06-27,125556.0,1572849.0,11.257346519292424,11.438916624442303,11.257346519292424,11.393524098154835,0.04539252628746946,87.0,
2016-06-28,210073.0,2613406.0,11.166561466717486,11.393524098154835,11.166561466717486,11.302739045579894,-0.09078505257493892,113.0,
2016-06-29,218002.0,2729725.0,11.348131571867363,11.529701677017242,11.302739045579894,11.302739045579894,0.0,119.0,
2016-06-30,660443.0,8421996.0,11.348131571867363,11.756664308454589,11.348131571867363,11.575094203304712,0.2723551577248168,268.0,
2016-07-01,224574.0,2857881.0,11.71127178216712,11.71127178216712,11.484309150729771,11.484309150729771,-0.09078505257493892,107.0,
2016-07-04,237155.0,3026856.0,11.484309150729771,11.71127178216712,11.438916624442303,11.71127178216712,0.2269626314373473,104.0,
2016-07-05,1015421.0,13278873.0,11.71127178216712,12.029019466179404,11.71127178216712,11.847449361029529,0.1361775788624084,333.0,
2016-07-06,159007.0,2042339.0,11.71127178216712,11.802056834742059,11.575094203304712,11.575094203304712,-0.2723551577248168,99.0,
2016-07-07,165820.0,2113421.0,11.620486729592182,11.620486729592182,11.484309150729771,11.529701677017242,-0.04539252628746946,82.0,
2016-07-11,179275.0,2280678.0,11.620486729592182,11.71127178216712,11.393524098154835,11.484309150729771,-0.04539252628746946,88.0,
2016-07-12,161199.0,2041657.0,11.484309150729771,11.575094203304712,11.438916624442303,11.529701677017242,0.04539252628746946,69.0,
2016-07-13,211000.0,2683950.0,11.529701677017242,11.620486729592182,11.438916624442303,11.575094203304712,0.04539252628746946,84.0,
2016-07-14,242312.0,3100094.0,11.66587925587965,11.71127178216712,11.529701677017242,11.529701677017242,-0.04539252628746946,104.0,
2016-07-15,847000.0,10896800.0,11.575094203304712,11.802056834742059,11.575094203304712,11.620486729592182,0.09078505257493892,242.0,
2016-07-18,2106861.0,28030199.0,11.620486729592182,12.255982097616753,11.620486729592182,12.119804518754345,0.49931778916216407,861.0,
2016-07-19,1261223.0,17031548.0,12.074411992466876,12.482944729054102,12.074411992466876,12.255982097616753,0.1361775788624084,556.0,
2016-07-20,362486.0,4811889.0,12.255982097616753,12.255982097616753,11.938234413604468,11.938234413604468,-0.31774768401228615,204.0,
2016-07-21,307274.0,4076766.0,12.029019466179404,12.165197045041815,11.983626939891936,11.983626939891936,0.04539252628746946,158.0,
2016-07-22,416810.0,5497690.0,11.983626939891936,12.029019466179404,11.892841887316996,12.029019466179404,0.04539252628746946,129.0,
2016-07-25,1401004.0,18918452.0,12.210589571329283,12.482944729054102,11.802056834742059,12.255982097616753,0.2269626314373473,682.0,
2016-07-26,356211.0,4770105.0,12.074411992466876,12.346767150191692,12.074411992466876,12.119804518754345,-0.1361775788624084,143.0,
2016-07-27,1211003.0,16576234.0,12.301374623904223,12.664514834203978,12.255982097616753,12.255982097616753,0.1361775788624084,528.0,
2016-07-28,624961.0,8339134.0,12.346767150191692,12.346767150191692,11.938234413604468,11.983626939891936,-0.2723551577248168,227.0,
2016-07-29,647709.0,8484378.0,12.165197045041815,12.165197045041815,11.802056834742059,11.802056834742059,-0.18157010514987784,286.0,
2016-08-01,369004.0,4743748.0,11.820598950743225,12.006020110754882,11.820598950743225,11.86695424074614,0.0,184.0,
2016-08-02,336541.0,4353295.0,11.95966482075197,12.098730690760712,11.913309530749052,11.913309530749052,0.046355290002914606,154.0,
2016-08-03,137090.0,1758243.0,11.774243660740309,11.95966482075197,11.774243660740309,11.913309530749052,0.0,85.0,
2016-08-04,258460.0,3334702.0,12.006020110754882,12.006020110754882,11.913309530749052,11.95966482075197,0.046355290002914606,124.0,
2016-08-05,1038938.0,13647341.0,12.052375400757796,12.28415185077237,12.006020110754882,12.052375400757796,0.09271058000582921,364.0,
2016-08-08,3472197.0,48677316.0,12.423217720781116,13.257612940833578,12.376862430778198,13.257612940833578,1.2052375400757798,1287.0,
2016-08-09,8418387.0,124135838.0,13.628455260856894,13.99929758088021,13.257612940833578,13.628455260856894,0.37084232002331685,2888.0,
2016-08-10,1711668.0,24738650.0,13.721165840862723,13.767521130865637,13.164902360827748,13.30396823083649,-0.32448703002040225,697.0,
2016-08-11,1002012.0,14252419.0,13.164902360827748,13.396678810842321,13.025836490819005,13.072191780821917,-0.23177645001457303,383.0,
2016-08-12,689409.0,9645700.0,13.164902360827748,13.257612940833578,12.701349460798601,12.701349460798601,-0.37084232002331685,334.0,
2016-08-15,355105.0,4893010.0,12.933125910813175,12.933125910813175,12.654994170795687,12.840415330807344,0.1390658700087438,186.0,
2016-08-16,577009.0,8045817.0,12.840415330807344,13.164902360827748,12.701349460798601,12.747704750801516,-0.09271058000582921,280.0,
2016-08-17,390279.0,5343278.0,12.840415330807344,12.933125910813175,12.608638880792771,12.608638880792771,-0.1390658700087438,210.0,
2016-08-18,910111.0,12204825.0,12.654994170795687,12.654994170795687,12.330507140775286,12.330507140775286,-0.2781317400174876,410.0,
2016-08-19,506977.0,6774543.0,12.330507140775286,12.515928300786943,12.330507140775286,12.330507140775286,0.0,226.0,
2016-08-22,402215.0,5274745.0,12.330507140775286,12.376862430778198,12.052375400757796,12.098730690760712,-0.23177645001457303,227.0,
2016-08-23,538140.0,7018039.0,12.145085980763625,12.191441270766543,12.006020110754882,12.191441270766543,0.09271058000582921,243.0,
2016-08-24,312110.0,4086305.0,12.191441270766543,12.237796560769455,12.052375400757796,12.052375400757796,-0.1390658700087438,125.0,
2016-08-25,304102.0,4002792.0,12.052375400757796,12.28415185077237,12.052375400757796,12.28415185077237,0.23177645001457303,197.0,
2016-08-26,488015.0,6461044.0,12.28415185077237,12.423217720781116,12.145085980763625,12.145085980763625,-0.1390658700087438,241.0,
2016-08-29,830204.0,11012247.0,12.237796560769455,12.469573010784028,12.052375400757796,12.469573010784028,0.32448703002040225,356.0,
2016-08-30,511246.0,6827646.0,12.469573010784028,12.469573010784028,12.28415185077237,12.330507140775286,-0.1390658700087438,232.0,
2016-08-31,303037.0,4004081.0,12.376862430778198,12.376862430778198,12.191441270766543,12.191441270766543,-0.1390658700087438,171.0,
2016-09-01,1108500.0,14776949.0,12.237796560769455,12.515928300786943,12.145085980763625,12.330507140775286,0.1390658700087438,359.0,
2016-09-02,412027.0,5478556.0,12.376862430778198,12.469573010784028,12.237796560769455,12.330507140775286,0.0,195.0,
2016-09-05,396011.0,5298946.0,12.469573010784028,12.469573010784028,12.330507140775286,12.423217720781116,0.09271058000582921,162.0,
2016-09-06,490004.0,6615702.0,12.469573010784028,12.654994170795687,12.423217720781116,12.469573010784028,0.046355290002914606,215.0,
2016-09-07,564542.0,7638911.0,12.515928300786943,12.654994170795687,12.469573010784028,12.469573010784028,0.0,204.0,
2016-09-08,491112.0,6642955.0,12.654994170795687,12.654994170795687,12.469573010784028,12.515928300786943,0.046355290002914606,202.0,
2016-09-09,1244055.0,16958043.0,12.562283590789859,12.747704750801516,12.376862430778198,12.562283590789859,0.046355290002914606,431.0,
2016-09-10,409256.0,5476277.0,12.469573010784028,12.515928300786943,12.28415185077237,12.330507140775286,-0.23177645001457303,183.0,
2016-09-12,520000.0,7014250.0,12.608638880792771,12.608638880792771,12.237796560769455,12.237796560769455,-0.09271058000582921,224.0,
2016-09-13,312949.0,4126932.0,12.423217720781116,12.423217720781116,12.145085980763625,12.145085980763625,-0.09271058000582921,164.0,
2016-09-14,445000.0,5769150.0,12.052375400757796,12.237796560769455,11.913309530749052,11.95966482075197,-0.18542116001165843,162.0,
2016-09-19,408000.0,5385250.0,12.006020110754882,12.330507140775286,12.006020110754882,12.237796560769455,0.2781317400174876,173.0,
2016-09-20,5128819.0,73906572.0,12.88677062081026,13.443034100845235,12.88677062081026,13.443034100845235,1.2052375400757798,1573.0,
2016-09-21,10751466.0,160967783.0,13.906587000874381,14.231074030894783,13.535744680851064,13.813876420868553,0.37084232002331685,4230.0,
2016-09-22,2516461.0,37227570.0,13.860231710871467,13.906587000874381,13.58209997085398,13.767521130865637,-0.046355290002914606,1026.0,
2016-09-23,8707667.0,137618218.0,13.906587000874381,15.065469250947247,13.860231710871467,14.69462693092393,0.9271058000582921,3713.0,
2016-09-26,3674160.0,58691641.0,14.648271640921015,15.158179830953076,14.462850480909356,14.69462693092393,0.0,1618.0,
2016-09-29,1708979.0,26901117.0,14.833692800932674,14.833692800932674,14.462850480909356,14.509205770912272,-0.18542116001165843,758.0,
2016-09-30,3217600.0,51408409.0,14.370139900903528,15.158179830953076,14.370139900903528,14.69462693092393,0.18542116001165843,1421.0,
2016-10-03,1713580.0,26826366.0,14.740982220926846,14.833692800932674,14.323784610900612,14.416495190906442,-0.2781317400174876,724.0,
2016-10-04,1874506.0,28666690.0,14.462850480909356,14.509205770912272,14.045652870883126,14.045652870883126,-0.37084232002331685,769.0,
2016-10-05,3727223.0,58672167.0,14.184718740891869,14.926403380938503,14.184718740891869,14.462850480909356,0.41719761002623146,1592.0,
2016-10-06,963270.0,14962748.0,14.509205770912272,14.601916350918101,14.323784610900612,14.323784610900612,-0.1390658700087438,438.0,
2016-10-07,917721.0,14171153.0,14.416495190906442,14.462850480909356,14.138363450888955,14.323784610900612,0.0,378.0,
2016-10-11,1933477.0,28160339.0,14.231074030894783,14.2774293208977,13.025836490819005,13.396678810842321,-0.9271058000582921,855.0,
2016-10-12,888828.0,13101736.0,13.721165840862723,13.860231710871467,13.257612940833578,13.58209997085398,0.18542116001165843,412.0,
2016-10-13,429000.0,6223397.0,13.396678810842321,13.58209997085398,13.350323520839407,13.48938939084815,-0.09271058000582921,210.0,
2016-10-14,989665.0,13963287.0,13.48938939084815,13.48938939084815,12.794060040804432,12.979481200816089,-0.5099081900320607,463.0,
2016-10-17,489010.0,6864040.0,13.164902360827748,13.164902360827748,12.701349460798601,13.118547070824834,0.1390658700087438,260.0,
2016-10-18,407201.0,5707414.0,13.118547070824834,13.164902360827748,12.933125910813175,12.979481200816089,-0.1390658700087438,216.0,
2016-10-19,717688.0,10251999.0,13.118547070824834,13.48938939084815,13.072191780821917,13.211257650830662,0.23177645001457303,349.0,
2016-10-20,732501.0,10610514.0,13.350323520839407,13.674810550859808,13.211257650830662,13.396678810842321,0.18542116001165843,334.0,
2016-10-21,496625.0,7094674.0,13.396678810842321,13.48938939084815,13.118547070824834,13.164902360827748,-0.23177645001457303,270.0,
2016-10-24,242110.0,3461061.0,13.30396823083649,13.396678810842321,13.164902360827748,13.211257650830662,0.046355290002914606,134.0,
2016-10-25,411302.0,5878423.0,13.211257650830662,13.396678810842321,13.164902360827748,13.164902360827748,-0.046355290002914606,195.0,
2016-10-26,330469.0,4694334.0,13.118547070824834,13.257612940833578,13.072191780821917,13.164902360827748,0.0,169.0,
2016-10-27,339272.0,4831124.0,13.164902360827748,13.30396823083649,13.118547070824834,13.211257650830662,0.046355290002914606,131.0,
2016-10-28,255005.0,3609520.0,13.118547070824834,13.211257650830662,13.072191780821917,13.118547070824834,-0.09271058000582921,120.0,
2016-10-31,294978.0,4099343.0,13.118547070824834,13.118547070824834,12.794060040804432,12.933125910813175,-0.18542116001165843,170.0,
2016-11-01,265825.0,3695329.0,12.979481200816089,12.979481200816089,12.840415330807344,12.88677062081026,-0.046355290002914606,103.0,
2016-11-02,391040.0,5409343.0,12.979481200816089,13.118547070824834,12.608638880792771,12.654994170795687,-0.23177645001457303,202.0,
2016-11-03,637076.0,8592318.0,12.701349460798601,12.701349460798601,12.330507140775286,12.423217720781116,-0.23177645001457303,229.0,
2016-11-04,261399.0,3463616.0,12.330507140775286,12.423217720781116,12.098730690760712,12.237796560769455,-0.18542116001165843,157.0,
2016-11-07,161160.0,2154625.0,12.237796560769455,12.469573010784028,12.237796560769455,12.376862430778198,0.1390658700087438,99.0,
2016-11-08,161377.0,2148426.0,12.469573010784028,12.562283590789859,12.145085980763625,12.330507140775286,-0.046355290002914606,91.0,
2016-11-09,1149352.0,14634334.0,12.145085980763625,12.515928300786943,11.26433547070825,11.635177790731566,-0.6953293500437191,435.0,
2016-11-10,397866.0,5161070.0,12.052375400757796,12.145085980763625,11.86695424074614,12.098730690760712,0.46355290002914606,202.0,
2016-11-11,340204.0,4346357.0,11.820598950743225,11.95966482075197,11.774243660740309,11.774243660740309,-0.32448703002040225,156.0,
2016-11-14,383003.0,4831136.0,11.681533080734479,11.86695424074614,11.542467210725736,11.820598950743225,0.046355290002914606,127.0,
2016-11-15,159003.0,2033236.0,11.774243660740309,11.913309530749052,11.774243660740309,11.86695424074614,0.046355290002914606,99.0,
2016-11-16,383673.0,4934628.0,12.052375400757796,12.052375400757796,11.820598950743225,11.820598950743225,-0.046355290002914606,172.0,
2016-11-17,175612.0,2236460.0,11.86695424074614,12.006020110754882,11.727888370737396,11.727888370737396,-0.09271058000582921,86.0,
2016-11-18,715004.0,9023849.0,11.86695424074614,11.86695424074614,11.588822500728652,11.727888370737396,0.0,246.0,
2016-11-21,267367.0,3382640.0,11.727888370737396,11.774243660740309,11.681533080734479,11.774243660740309,0.046355290002914606,135.0,
2016-11-22,771426.0,10029349.0,11.774243660740309,12.191441270766543,11.774243660740309,12.145085980763625,0.37084232002331685,354.0,
2016-11-23,316000.0,4128200.0,12.330507140775286,12.330507140775286,11.95966482075197,11.95966482075197,-0.18542116001165843,140.0,
2016-11-24,651876.0,8278024.0,12.006020110754882,12.006020110754882,11.635177790731566,11.681533080734479,-0.2781317400174876,294.0,
2016-11-25,408712.0,5265010.0,11.727888370737396,12.052375400757796,11.727888370737396,11.95966482075197,0.2781317400174876,216.0,
2016-11-28,525847.0,6807174.0,11.95966482075197,12.145085980763625,11.913309530749052,12.006020110754882,0.046355290002914606,253.0,
2016-11-29,3644346.0,51514213.0,12.794060040804432,13.164902360827748,12.794060040804432,13.164902360827748,1.158882250072865,1241.0,
2016-11-30,5194598.0,74734180.0,13.628455260856894,13.674810550859808,12.701349460798601,12.701349460798601,-0.46355290002914606,2131.0,
2016-12-01,869490.0,12057158.0,12.840415330807344,13.025836490819005,12.747704750801516,12.747704750801516,0.046355290002914606,416.0,
2016-12-02,1554001.0,21913714.0,12.747704750801516,13.257612940833578,12.701349460798601,13.025836490819005,0.2781317400174876,686.0,
2016-12-05,718012.0,10039768.0,13.025836490819005,13.118547070824834,12.840415330807344,12.933125910813175,-0.09271058000582921,289.0,
2016-12-06,950000.0,13327250.0,13.072191780821917,13.164902360827748,12.840415330807344,12.933125910813175,0.0,362.0,
2016-12-07,1602000.0,22894850.0,13.025836490819005,13.443034100845235,12.979481200816089,13.164902360827748,0.23177645001457303,628.0,
2016-12-08,892818.0,12718430.0,13.396678810842321,13.396678810842321,13.072191780821917,13.118547070824834,-0.046355290002914606,386.0,
2016-12-09,514110.0,7250893.0,13.257612940833578,13.257612940833578,12.979481200816089,13.072191780821917,-0.046355290002914606,248.0,
2016-12-12,355710.0,5031475.0,13.072191780821917,13.211257650830662,13.025836490819005,13.072191780821917,0.0,179.0,
2016-12-13,583304.0,8297416.0,13.072191780821917,13.396678810842321,13.025836490819005,13.164902360827748,0.09271058000582921,267.0,
2016-12-14,428550.0,6097232.0,13.30396823083649,13.30396823083649,13.118547070824834,13.164902360827748,0.0,211.0,
2016-12-15,528190.0,7536616.0,13.164902360827748,13.350323520839407,13.118547070824834,13.30396823083649,0.1390658700087438,234.0,
2016-12-16,2131690.0,31276868.0,13.396678810842321,13.813876420868553,13.30396823083649,13.628455260856894,0.32448703002040225,891.0,
2016-12-19,1428196.0,20484359.0,13.674810550859808,13.674810550859808,12.88677062081026,13.628455260856894,0.0,579.0,
2016-12-20,1338554.0,19459212.0,13.628455260856894,13.721165840862723,13.30396823083649,13.58209997085398,-0.046355290002914606,423.0,
2016-12-21,426160.0,6176403.0,13.535744680851064,13.58209997085398,13.30396823083649,13.443034100845235,-0.1390658700087438,172.0,
2016-12-22,418602.0,5996577.0,13.350323520839407,13.535744680851064,13.164902360827748,13.350323520839407,-0.09271058000582921,179.0,
2016-12-23,379110.0,5396000.0,13.396678810842321,13.443034100845235,13.072191780821917,13.118547070824834,-0.23177645001457303,162.0,
2016-12-26,310217.0,4354657.0,13.025836490819005,13.211257650830662,12.979481200816089,12.979481200816089,-0.1390658700087438,155.0,
2016-12-27,301235.0,4196752.0,13.025836490819005,13.072191780821917,12.840415330807344,12.88677062081026,-0.09271058000582921,163.0,
2016-12-28,451009.0,6289676.0,12.88677062081026,13.025836490819005,12.88677062081026,12.88677062081026,0.0,197.0,
2016-12-29,404574.0,5593390.0,12.88677062081026,12.933125910813175,12.747704750801516,12.794060040804432,-0.09271058000582921,184.0,
2016-12-30,449387.0,6290906.0,12.840415330807344,13.118547070824834,12.840415330807344,13.118547070824834,0.32448703002040225,228.0,
2017-01-03,1551025.0,22319655.0,13.164902360827748,13.48938939084815,13.118547070824834,13.350323520839407,0.23177645001457303,615.0,
2017-01-04,297329.0,4256770.0,13.350323520839407,13.350323520839407,13.211257650830662,13.211257650830662,-0.1390658700087438,157.0,
2017-01-05,357965.0,5084303.0,13.30396823083649,13.30396823083649,13.118547070824834,13.118547070824834,-0.09271058000582921,177.0,
2017-01-06,371006.0,5275784.0,13.164902360827748,13.257612940833578,13.118547070824834,13.164902360827748,0.046355290002914606,152.0,
2017-01-09,684275.0,9742102.0,13.257612940833578,13.350323520839407,13.072191780821917,13.257612940833578,0.09271058000582921,229.0,
2017-01-10,1551005.0,22362020.0,13.30396823083649,13.535744680851064,13.118547070824834,13.118547070824834,-0.1390658700087438,571.0,
2017-01-11,824192.0,11516645.0,13.072191780821917,13.118547070824834,12.840415330807344,12.88677062081026,-0.23177645001457303,343.0,
2017-01-12,293032.0,4092986.0,12.88677062081026,13.025836490819005,12.88677062081026,12.88677062081026,0.0,142.0,
2017-01-13,275837.0,3805499.0,12.747704750801516,12.88677062081026,12.747704750801516,12.794060040804432,-0.09271058000582921,154.0,
2017-01-16,142073.0,1954528.0,12.794060040804432,12.794060040804432,12.701349460798601,12.701349460798601,-0.09271058000582921,100.0,
2017-01-17,269039.0,3697307.0,12.794060040804432,12.794060040804432,12.701349460798601,12.701349460798601,0.0,152.0,
2017-01-18,255445.0,3546280.0,12.701349460798601,13.025836490819005,12.701349460798601,12.933125910813175,0.23177645001457303,154.0,
2017-01-19,195045.0,2716663.0,12.933125910813175,13.025836490819005,12.840415330807344,12.88677062081026,-0.046355290002914606,106.0,
2017-01-20,285007.0,3956542.0,12.88677062081026,12.979481200816089,12.794060040804432,12.794060040804432,-0.09271058000582921,131.0,
2017-01-23,263017.0,3615323.0,12.88677062081026,12.88677062081026,12.701349460798601,12.701349460798601,-0.09271058000582921,152.0,
2017-01-24,174005.0,2394515.0,12.747704750801516,12.794060040804432,12.701349460798601,12.794060040804432,0.09271058000582921,102.0,
2017-02-02,241244.0,3339752.0,12.88677062081026,12.933125910813175,12.747704750801516,12.840415330807344,0.046355290002914606,153.0,
2017-02-03,553249.0,7778542.0,12.933125910813175,13.118547070824834,12.88677062081026,13.118547070824834,0.2781317400174876,258.0,
2017-02-06,7427819.0,112617935.0,13.30396823083649,14.416495190906442,13.30396823083649,14.416495190906442,1.297948120081609,2481.0,
2017-02-07,9897982.0,159004602.0,14.787337510929758,15.111824540950161,14.555561060915185,15.019113960944331,0.6026187700378899,3991.0,
2017-02-08,3628864.0,58189628.0,15.111824540950161,15.158179830953076,14.69462693092393,14.880048090935588,-0.1390658700087438,1458.0,
2017-02-09,9911036.0,162706851.0,14.880048090935588,15.946219761002622,14.555561060915185,14.555561060915185,-0.32448703002040225,3738.0,
2017-02-10,3009761.0,48262076.0,15.20453512095599,15.20453512095599,14.555561060915185,14.926403380938503,0.37084232002331685,1164.0,
2017-02-13,4906603.0,80410592.0,15.111824540950161,15.529022150976392,14.880048090935588,15.158179830953076,0.23177645001457303,1841.0,
2017-02-14,2577950.0,41358784.0,15.20453512095599,15.29724570096182,14.69462693092393,14.740982220926846,-0.41719761002623146,887.0,
2017-02-15,1205955.0,19137773.0,14.926403380938503,14.926403380938503,14.601916350918101,14.740982220926846,0.0,507.0,
2017-02-16,3067590.0,50065690.0,15.111824540950161,15.389956280967649,14.833692800932674,14.833692800932674,0.09271058000582921,1264.0,
2017-02-17,1161321.0,18495243.0,14.926403380938503,14.972758670941417,14.648271640921015,14.787337510929758,-0.046355290002914606,512.0,
2017-02-18,998768.0,16122261.0,14.833692800932674,15.065469250947247,14.833692800932674,14.972758670941417,0.18542116001165843,419.0,
2017-02-20,2983713.0,48884807.0,15.019113960944331,15.343600990964735,14.880048090935588,15.019113960944331,0.046355290002914606,1166.0,
2017-02-21,1247662.0,19890960.0,15.019113960944331,15.019113960944331,14.648271640921015,14.740982220926846,-0.2781317400174876,537.0,
2017-02-22,1628461.0,26382155.0,14.833692800932674,15.158179830953076,14.833692800932674,15.111824540950161,0.37084232002331685,670.0,
2017-02-23,1141528.0,18343369.0,15.20453512095599,15.20453512095599,14.787337510929758,14.787337510929758,-0.32448703002040225,480.0,
2017-02-24,897044.0,14250974.0,14.740982220926846,14.926403380938503,14.601916350918101,14.601916350918101,-0.18542116001165843,439.0,
2017-03-01,597605.0,9430552.0,14.555561060915185,14.787337510929758,14.509205770912272,14.509205770912272,-0.09271058000582921,338.0,
2017-03-02,481016.0,7555290.0,14.601916350918101,14.69462693092393,14.509205770912272,14.601916350918101,0.09271058000582921,246.0,
2017-03-03,1395119.0,22231766.0,14.601916350918101,14.926403380938503,14.462850480909356,14.740982220926846,0.1390658700087438,503.0,
2017-03-06,657438.0,10317822.0,14.833692800932674,14.880048090935588,14.462850480909356,14.462850480909356,-0.2781317400174876,394.0,
2017-03-07,488094.0,7620845.0,14.462850480909356,14.555561060915185,14.416495190906442,14.462850480909356,0.0,224.0,
2017-03-08,354417.0,5530952.0,14.462850480909356,14.509205770912272,14.416495190906442,14.416495190906442,-0.046355290002914606,189.0,
2017-03-09,530119.0,8152156.0,14.416495190906442,14.462850480909356,14.184718740891869,14.184718740891869,-0.23177645001457303,282.0,
2017-03-10,1100942.0,16426474.0,14.231074030894783,14.231074030894783,13.721165840862723,13.767521130865637,-0.41719761002623146,479.0,
2017-03-13,339532.0,5104703.0,13.767521130865637,14.045652870883126,13.767521130865637,13.952942290877296,0.18542116001165843,209.0,
2017-03-14,274232.0,4155300.0,14.045652870883126,14.138363450888955,13.99929758088021,14.045652870883126,0.09271058000582921,159.0,
2017-03-15,1385637.0,21130418.0,14.045652870883126,14.323784610900612,13.813876420868553,14.2774293208977,0.23177645001457303,559.0,
2017-03-16,477047.0,7280056.0,14.2774293208977,14.323784610900612,13.952942290877296,13.99929758088021,-0.2781317400174876,272.0,
2017-03-17,410287.0,6209680.0,14.045652870883126,14.092008160886039,13.952942290877296,14.045652870883126,0.046355290002914606,204.0,
2017-03-20,299102.0,4573499.0,14.045652870883126,14.323784610900612,14.045652870883126,14.184718740891869,0.1390658700087438,186.0,
2017-03-21,325546.0,4975364.0,14.323784610900612,14.370139900903528,13.99929758088021,13.99929758088021,-0.18542116001165843,184.0,
2017-03-22,408063.0,6153002.0,13.99929758088021,14.092008160886039,13.906587000874381,13.99929758088021,0.0,222.0,
2017-03-23,2059288.0,31785133.0,13.99929758088021,14.555561060915185,13.952942290877296,14.416495190906442,0.41719761002623146,777.0,
2017-03-24,604306.0,9389140.0,14.416495190906442,14.509205770912272,14.2774293208977,14.2774293208977,-0.1390658700087438,297.0,
2017-03-27,423830.0,6540436.0,14.416495190906442,14.462850480909356,14.045652870883126,14.045652870883126,-0.23177645001457303,273.0,
2017-03-28,804498.0,11961603.0,14.184718740891869,14.323784610900612,13.48938939084815,13.860231710871467,-0.18542116001165843,403.0,
2017-03-29,331070.0,4948500.0,13.860231710871467,13.952942290877296,13.767521130865637,13.860231710871467,0.0,207.0,
2017-03-30,305502.0,4569497.0,13.952942290877296,13.952942290877296,13.813876420868553,13.860231710871467,0.0,302.0,
2017-03-31,581069.0,8837985.0,13.906587000874381,14.2774293208977,13.906587000874381,14.045652870883126,0.18542116001165843,336.0,
2017-04-05,434948.0,6687133.0,14.138363450888955,14.370139900903528,14.092008160886039,14.231074030894783,0.18542116001165843,466.0,
2017-04-06,3237938.0,51163458.0,14.231074030894783,15.111824540950161,14.045652870883126,14.833692800932674,0.6026187700378899,1096.0,
2017-04-07,1988755.0,31665230.0,14.972758670941417,15.019113960944331,14.509205770912272,14.787337510929758,-0.046355290002914606,837.0,
2017-04-10,827594.0,13153299.0,14.833692800932674,14.972758670941417,14.601916350918101,14.69462693092393,-0.09271058000582921,382.0,
2017-04-11,1604039.0,25331294.0,14.740982220926846,14.926403380938503,14.231074030894783,14.2774293208977,-0.41719761002623146,576.0,
2017-04-12,518133.0,8092260.0,14.2774293208977,14.648271640921015,14.2774293208977,14.416495190906442,0.1390658700087438,294.0,
2017-04-13,579545.0,8899601.0,14.370139900903528,14.509205770912272,14.092008160886039,14.092008160886039,-0.32448703002040225,299.0,
2017-04-14,1061209.0,15692855.0,13.99929758088021,13.99929758088021,13.48938939084815,13.48938939084815,-0.6026187700378899,470.0,
2017-04-17,440036.0,6435955.0,13.674810550859808,13.813876420868553,13.350323520839407,13.48938939084815,0.0,244.0,
2017-04-18,218238.0,3220822.0,13.628455260856894,13.721165840862723,13.628455260856894,13.721165840862723,0.23177645001457303,163.0,
2017-04-19,241654.0,3533865.0,13.628455260856894,13.674810550859808,13.48938939084815,13.48938939084815,-0.23177645001457303,173.0,
2017-04-20,232053.0,3374251.0,13.396678810842321,13.58209997085398,13.396678810842321,13.443034100845235,-0.046355290002914606,154.0,
2017-04-21,264065.0,3865113.0,13.48938939084815,13.674810550859808,13.48938939084815,13.48938939084815,0.046355290002914606,187.0,
2017-04-24,165339.0,2404524.0,13.535744680851064,13.58209997085398,13.443034100845235,13.443034100845235,-0.046355290002914606,224.0,
2017-04-25,167330.0,2445739.0,13.628455260856894,13.628455260856894,13.443034100845235,13.628455260856894,0.18542116001165843,378.0,
2017-04-26,422157.0,6261512.0,13.628455260856894,13.860231710871467,13.535744680851064,13.721165840862723,0.09271058000582921,349.0,
2017-04-27,803001.0,12054416.0,13.721165840862723,14.184718740891869,13.628455260856894,13.906587000874381,0.18542116001165843,353.0,
2017-04-28,8856148.0,143302218.0,14.092008160886039,15.29724570096182,14.092008160886039,14.69462693092393,0.7880399300495482,2954.0,
2017-05-02,1730458.0,27025984.0,14.880048090935588,14.880048090935588,14.231074030894783,14.323784610900612,-0.37084232002331685,738.0,
2017-05-03,830931.0,12845744.0,14.370139900903528,14.555561060915185,14.184718740891869,14.184718740891869,-0.1390658700087438,399.0,
2017-05-04,1994608.0,31645887.0,14.2774293208977,14.880048090935588,14.2774293208977,14.648271640921015,0.46355290002914606,869.0,
2017-05-05,596604.0,9400668.0,14.555561060915185,14.787337510929758,14.462850480909356,14.555561060915185,-0.09271058000582921,299.0,
2017-05-08,481125.0,7517384.0,14.740982220926846,14.740982220926846,14.370139900903528,14.370139900903528,-0.18542116001165843,213.0,
2017-05-09,1298251.0,19558125.0,14.370139900903528,14.462850480909356,13.628455260856894,13.721165840862723,-0.6489740600408045,539.0,
2017-05-10,300442.0,4516822.0,13.721165840862723,14.045652870883126,13.721165840862723,14.045652870883126,0.32448703002040225,188.0,
2017-05-11,573478.0,8526499.0,13.99929758088021,14.184718740891869,13.628455260856894,13.721165840862723,-0.32448703002040225,285.0,
2017-05-12,363360.0,5432100.0,13.767521130865637,13.99929758088021,13.767521130865637,13.813876420868553,0.09271058000582921,144.0,
2017-05-15,279164.0,4184591.0,13.99929758088021,14.092008160886039,13.721165840862723,13.721165840862723,-0.09271058000582921,132.0,
2017-05-16,238055.0,3529116.0,13.906587000874381,13.906587000874381,13.674810550859808,13.767521130865637,0.046355290002914606,113.0,
2017-05-17,620957.0,9232055.0,13.813876420868553,13.99929758088021,13.58209997085398,13.99929758088021,0.23177645001457303,243.0,
2017-05-18,5969246.0,92692124.0,13.906587000874381,14.833692800932674,13.860231710871467,14.555561060915185,0.5562634800349752,2154.0,
2017-05-19,950310.0,14697854.0,14.509205770912272,14.555561060915185,14.184718740891869,14.2774293208977,-0.2781317400174876,452.0,
2017-05-22,1757140.0,27894445.0,14.370139900903528,15.019113960944331,14.323784610900612,14.601916350918101,0.32448703002040225,775.0,
2017-05-23,1533177.0,24156760.0,14.601916350918101,14.880048090935588,14.370139900903528,14.370139900903528,-0.23177645001457303,633.0,
2017-05-24,799794.0,12540822.0,14.370139900903528,14.648271640921015,14.370139900903528,14.601916350918101,0.23177645001457303,346.0,
2017-05-25,603706.0,9457818.0,14.601916350918101,14.69462693092393,14.462850480909356,14.462850480909356,-0.1390658700087438,270.0,
2017-05-26,849014.0,13268415.0,14.462850480909356,14.69462693092393,14.323784610900612,14.370139900903528,-0.09271058000582921,322.0,
2017-05-31,524069.0,8071950.0,14.370139900903528,14.416495190906442,14.184718740891869,14.231074030894783,-0.1390658700087438,211.0,
2017-06-01,323426.0,4967266.0,14.231074030894783,14.370139900903528,14.184718740891869,14.231074030894783,0.0,170.0,
2017-06-02,1688372.0,26654216.0,14.231074030894783,14.833692800932674,14.231074030894783,14.555561060915185,0.32448703002040225,683.0,
2017-06-03,423287.0,6653638.0,14.601916350918101,14.69462693092393,14.509205770912272,14.509205770912272,-0.046355290002914606,248.0,
2017-06-05,2583524.0,41322534.0,14.740982220926846,14.972758670941417,14.648271640921015,14.787337510929758,0.2781317400174876,943.0,
2017-06-06,680552.0,10839092.0,14.833692800932674,14.880048090935588,14.648271640921015,14.740982220926846,-0.046355290002914606,321.0,
2017-06-07,3208002.0,51980330.0,14.833692800932674,15.29724570096182,14.601916350918101,14.601916350918101,-0.1390658700087438,1130.0,
2017-06-08,991422.0,15568710.0,14.69462693092393,14.740982220926846,14.370139900903528,14.462850480909356,-0.1390658700087438,405.0,
2017-06-09,470385.0,7308675.0,14.555561060915185,14.601916350918101,14.323784610900612,14.323784610900612,-0.1390658700087438,260.0,
2017-06-12,1157544.0,17888672.0,14.184718740891869,14.462850480909356,14.092008160886039,14.231074030894783,-0.09271058000582921,321.0,
2017-06-13,1503050.0,23386726.0,14.2774293208977,14.555561060915185,14.184718740891869,14.323784610900612,0.09271058000582921,394.0,
2017-06-14,776321.0,11835560.0,14.416495190906442,14.416495190906442,13.99929758088021,14.045652870883126,-0.2781317400174876,340.0,
2017-06-15,371442.0,5640694.0,14.045652870883126,14.231074030894783,13.99929758088021,14.092008160886039,0.046355290002914606,169.0,
2017-06-16,346005.0,5269425.0,14.092008160886039,14.231074030894783,14.045652870883126,14.092008160886039,0.0,155.0,
2017-06-19,290256.0,4444225.0,14.138363450888955,14.2774293208977,14.138363450888955,14.138363450888955,0.046355290002914606,150.0,
2017-06-20,884179.0,13759237.0,14.231074030894783,14.648271640921015,14.231074030894783,14.231074030894783,0.09271058000582921,401.0,
2017-06-21,260306.0,4004396.0,14.231074030894783,14.323784610900612,14.184718740891869,14.2774293208977,0.046355290002914606,138.0,
2017-06-22,230119.0,3551031.0,14.370139900903528,14.370139900903528,14.231074030894783,14.323784610900612,0.046355290002914606,126.0,
2017-06-23,272424.0,4204508.0,14.2774293208977,14.416495190906442,14.2774293208977,14.2774293208977,-0.046355290002914606,105.0,
2017-06-26,477332.0,7307945.0,14.231074030894783,14.323784610900612,14.092008160886039,14.138363450888955,-0.1390658700087438,232.0,
2017-06-27,337641.0,5175306.0,14.184718740891869,14.323784610900612,14.184718740891869,14.184718740891869,0.046355290002914606,144.0,
2017-06-28,251302.0,3838423.0,14.138363450888955,14.2774293208977,14.092008160886039,14.092008160886039,-0.09271058000582921,122.0,
2017-06-29,258984.0,3958905.0,14.184718740891869,14.2774293208977,14.092008160886039,14.184718740891869,0.09271058000582921,123.0,
2017-06-30,317003.0,4833195.0,14.184718740891869,14.370139900903528,13.99929758088021,14.092008160886039,-0.09271058000582921,126.0,
2017-07-03,160892.0,2458407.0,14.092008160886039,14.2774293208977,14.092008160886039,14.184718740891869,0.09271058000582921,88.0,
2017-07-04,326235.0,4959498.0,14.138363450888955,14.231074030894783,13.99929758088021,14.045652870883126,-0.1390658700087438,142.0,
2017-07-05,339266.0,5117790.0,14.092008160886039,14.092008160886039,13.906587000874381,13.952942290877296,-0.09271058000582921,160.0,
2017-07-06,158163.0,2383103.0,13.99929758088021,14.045652870883126,13.906587000874381,13.952942290877296,0.0,80.0,
2017-07-07,400330.0,5971466.0,13.952942290877296,13.952942290877296,13.721165840862723,13.721165840862723,-0.23177645001457303,198.0,
2017-07-10,422002.0,6273728.0,13.767521130865637,13.99929758088021,13.674810550859808,13.674810550859808,-0.046355290002914606,162.0,
2017-07-11,341337.0,5032983.0,13.767521130865637,13.813876420868553,13.58209997085398,13.628455260856894,-0.046355290002914606,185.0,
2017-07-12,137855.0,2037407.0,13.721165840862723,13.767521130865637,13.628455260856894,13.721165840862723,0.09271058000582921,94.0,
2017-07-13,245653.0,3653293.0,13.767521130865637,13.906587000874381,13.674810550859808,13.813876420868553,0.09271058000582921,105.0,
2017-07-14,162110.0,2425088.0,13.952942290877296,13.952942290877296,13.813876420868553,13.906587000874381,0.09271058000582921,92.0,
2017-07-17,2330123.0,35544595.0,13.906587000874381,14.2774293208977,13.767521130865637,13.952942290877296,0.046355290002914606,592.0,
2017-07-18,443463.0,6714095.0,13.99929758088021,14.184718740891869,13.952942290877296,13.952942290877296,0.0,191.0,
2017-07-19,413421.0,6224729.0,13.952942290877296,14.092008160886039,13.813876420868553,13.813876420868553,-0.1390658700087438,179.0,
2017-07-20,238936.0,3598290.0,13.860231710871467,13.99929758088021,13.860231710871467,13.952942290877296,0.1390658700087438,116.0,
2017-07-21,533999.0,7927930.0,14.045652870883126,14.045652870883126,13.674810550859808,13.721165840862723,-0.23177645001457303,211.0,
2017-07-24,587644.0,8590986.0,13.721165840862723,13.813876420868553,13.443034100845235,13.535744680851064,-0.18542116001165843,232.0,
2017-07-25,362174.0,5288263.0,13.48938939084815,13.628455260856894,13.443034100845235,13.58209997085398,0.046355290002914606,149.0,
2017-07-26,289602.0,4270995.0,13.674810550859808,13.767521130865637,13.535744680851064,13.721165840862723,0.1390658700087438,158.0,
2017-07-27,302346.0,4485840.0,13.813876420868553,13.860231710871467,13.674810550859808,13.721165840862723,0.0,133.0,
2017-07-28,331110.0,4944200.0,13.860231710871467,13.906587000874381,13.813876420868553,13.906587000874381,0.18542116001165843,153.0,
2017-07-31,227002.0,3403730.0,13.952942290877296,13.99929758088021,13.813876420868553,13.813876420868553,-0.09271058000582921,91.0,
2017-08-01,220586.0,3294529.0,13.813876420868553,13.952942290877296,13.813876420868553,13.813876420868553,0.0,109.0,
2017-08-02,230644.0,3455993.0,13.906587000874381,13.99929758088021,13.860231710871467,13.860231710871467,0.046355290002914606,114.0,
2017-08-03,240610.0,3612250.0,13.952942290877296,13.99929758088021,13.860231710871467,13.860231710871467,0.0,129.0,
2017-08-04,126128.0,1887348.0,13.860231710871467,13.952942290877296,13.813876420868553,13.813876420868553,-0.046355290002914606,72.0,
2017-08-07,1956733.0,29898226.0,13.813876420868553,14.323784610900612,13.813876420868553,14.138363450888955,0.32448703002040225,570.0,
2017-08-08,596095.0,9092492.0,14.2774293208977,14.323784610900612,13.99929758088021,14.138363450888955,0.0,217.0,
2017-08-09,372849.0,5585649.0,14.045652870883126,14.045652870883126,13.813876420868553,13.813876420868553,-0.32448703002040225,184.0,
2017-08-10,694396.0,10142069.0,13.906587000874381,13.906587000874381,13.443034100845235,13.443034100845235,-0.37084232002331685,269.0,
2017-08-11,281093.0,4068541.0,13.443034100845235,13.58209997085398,13.257612940833578,13.443034100845235,0.0,129.0,
2017-08-14,383874.0,5472272.0,13.443034100845235,13.443034100845235,13.072191780821917,13.072191780821917,-0.37084232002331685,166.0,
2017-08-15,269300.0,3826309.0,13.164902360827748,13.30396823083649,13.072191780821917,13.257612940833578,0.18542116001165843,103.0,
2017-08-16,133621.0,1917722.0,13.257612940833578,13.396678810842321,13.257612940833578,13.30396823083649,0.046355290002914606,87.0,
2017-08-17,210371.0,3044603.0,13.30396823083649,13.48938939084815,13.30396823083649,13.350323520839407,0.046355290002914606,133.0,
2017-08-18,890677.0,13048325.0,13.443034100845235,13.767521130865637,13.396678810842321,13.535744680851064,0.18542116001165843,375.0,
2017-08-21,2263620.0,32993573.0,13.702127659574467,14.534042553191489,13.702127659574467,14.485106382978724,0.0,940.0,
2017-08-22,2677379.0,40080211.0,14.87659574468085,14.87659574468085,14.38723404255319,14.38723404255319,-0.09787234042553192,1021.0,
2017-08-23,668018.0,9800010.0,14.38723404255319,14.680851063829786,14.240425531914894,14.240425531914894,-0.14680851063829786,294.0,
2017-08-24,576457.0,8461041.0,14.289361702127659,14.436170212765957,14.240425531914894,14.38723404255319,0.14680851063829786,227.0,
2017-08-25,1165019.0,17389773.0,14.38723404255319,14.778723404255318,14.38723404255319,14.582978723404254,0.19574468085106383,401.0,
2017-08-28,7179810.0,112663091.0,14.729787234042554,15.708510638297872,14.729787234042554,15.219148936170212,0.6361702127659574,2677.0,
2017-08-29,8770939.0,143223612.0,15.659574468085106,16.344680851063828,15.659574468085106,15.85531914893617,0.6361702127659574,3454.0,
2017-08-30,3356603.0,53699810.0,16.051063829787232,16.148936170212764,15.36595744680851,15.414893617021276,-0.4404255319148936,1377.0,
2017-08-31,1798502.0,28584675.0,15.659574468085106,15.75744680851064,15.268085106382978,15.414893617021276,0.0,770.0,
2017-09-01,3040192.0,48401961.0,15.561702127659574,15.953191489361702,15.268085106382978,15.36595744680851,-0.04893617021276596,1017.0,
2017-09-04,1384263.0,21830536.0,15.414893617021276,15.659574468085106,15.170212765957446,15.170212765957446,-0.19574468085106383,585.0,
2017-09-05,777716.0,12090501.0,15.170212765957446,15.317021276595744,15.12127659574468,15.268085106382978,0.09787234042553192,369.0,
2017-09-06,1837188.0,28915361.0,15.268085106382978,15.561702127659574,15.12127659574468,15.219148936170212,-0.04893617021276596,704.0,
2017-09-07,735002.0,11367930.0,15.268085106382978,15.414893617021276,14.925531914893616,14.925531914893616,-0.2936170212765957,348.0,
2017-09-08,710500.0,10893349.0,14.925531914893616,15.12127659574468,14.87659574468085,15.12127659574468,0.19574468085106383,290.0,
2017-09-11,1800672.0,28059580.0,15.219148936170212,15.463829787234042,14.974468085106384,15.219148936170212,0.09787234042553192,517.0,
2017-09-12,9701088.0,158877164.0,15.36595744680851,16.54042553191489,15.36595744680851,16.442553191489363,1.2234042553191489,3307.0,
2017-09-13,22856656.0,404702350.0,16.931914893617023,17.812765957446807,16.834042553191487,17.176595744680853,0.7340425531914894,8044.0,
2017-09-14,6399109.0,109997223.0,17.078723404255317,17.372340425531913,16.29574468085106,16.834042553191487,-0.3425531914893617,2472.0,
2017-09-15,5718899.0,99103729.0,16.834042553191487,17.22553191489362,16.49148936170213,17.22553191489362,0.39148936170212767,2105.0,
2017-09-18,18325798.0,338808456.0,17.22553191489362,18.840425531914892,16.931914893617023,18.4,1.174468085106383,6378.0,
2017-09-19,4345661.0,79926996.0,18.302127659574467,18.351063829787233,17.617021276595743,17.71489361702128,-0.6851063829787234,1753.0,
2017-09-20,3288961.0,60363389.0,17.71489361702128,18.2531914893617,17.71489361702128,17.812765957446807,0.09787234042553192,1464.0,
2017-09-21,6800931.0,128107783.0,17.812765957446807,18.693617021276598,17.812765957446807,18.546808510638296,0.7340425531914894,2734.0,
2017-09-22,3010708.0,55558904.0,18.4,18.4,17.91063829787234,18.00851063829787,-0.5382978723404256,1319.0,
2017-09-25,4548111.0,83776586.0,18.106382978723403,18.546808510638296,17.323404255319147,18.4,0.39148936170212767,2103.0,
2017-09-26,3130816.0,56603218.0,18.106382978723403,18.2531914893617,17.127659574468083,17.176595744680853,-1.2234042553191489,1381.0,
2017-09-27,1542244.0,27384266.0,17.421276595744683,17.568085106382977,17.078723404255317,17.323404255319147,0.14680851063829786,711.0,
2017-09-28,9627143.0,179321614.0,17.617021276595743,18.693617021276598,17.617021276595743,17.95957446808511,0.6361702127659574,3859.0,
2017-09-29,2594064.0,47593862.0,18.057446808510637,18.2531914893617,17.665957446808513,17.91063829787234,-0.04893617021276596,1190.0,
2017-09-30,8117103.0,152831560.0,18.15531914893617,18.74255319148936,18.00851063829787,18.00851063829787,0.09787234042553192,3187.0,
2017-10-02,4140888.0,77677157.0,18.106382978723403,18.64468085106383,18.106382978723403,18.2531914893617,0.24468085106382978,1779.0,
2017-10-03,2615554.0,48490164.0,18.302127659574467,18.49787234042553,17.91063829787234,18.00851063829787,-0.24468085106382978,1040.0,
2017-10-05,1607527.0,29638291.0,17.95957446808511,18.20425531914894,17.95957446808511,18.00851063829787,0.0,692.0,
2017-10-06,1680590.0,30402495.0,18.20425531914894,18.20425531914894,17.47021276595745,17.665957446808513,-0.3425531914893617,846.0,
2017-10-11,4232406.0,71908045.0,17.27446808510638,17.27446808510638,16.051063829787232,16.148936170212764,-1.5170212765957447,1973.0,
2017-10-12,2859131.0,48150610.0,16.2468085106383,16.78510638297872,16.051063829787232,16.638297872340424,0.48936170212765956,1259.0,
2017-10-13,8451968.0,152125456.0,17.127659574468083,18.00851063829787,16.98085106382979,17.812765957446807,1.174468085106383,3794.0,
2017-10-16,3205153.0,58072949.0,17.812765957446807,17.91063829787234,17.421276595744683,17.665957446808513,-0.14680851063829786,1433.0,
2017-10-17,2229002.0,40478986.0,17.861702127659573,18.20425531914894,17.421276595744683,17.421276595744683,-0.24468085106382978,1026.0,
2017-10-18,1338715.0,23585473.0,17.421276595744683,17.617021276595743,17.02978723404255,17.078723404255317,-0.3425531914893617,644.0,
2017-10-19,1004001.0,17629418.0,17.323404255319147,17.372340425531913,17.078723404255317,17.127659574468083,0.04893617021276596,493.0,
2017-10-20,1319136.0,22905728.0,16.931914893617023,17.27446808510638,16.73617021276596,16.834042553191487,-0.2936170212765957,605.0,
2017-10-23,766279.0,13152055.0,17.078723404255317,17.078723404255317,16.687234042553193,16.687234042553193,-0.14680851063829786,391.0,
2017-10-24,606964.0,10379535.0,16.78510638297872,16.834042553191487,16.638297872340424,16.73617021276596,0.04893617021276596,322.0,
2017-10-25,1074916.0,18319884.0,16.78510638297872,16.931914893617023,16.442553191489363,16.49148936170213,-0.24468085106382978,504.0,
2017-10-26,1366784.0,23704112.0,16.638297872340424,17.176595744680853,16.589361702127658,17.02978723404255,0.5382978723404256,667.0,
2017-10-27,1108140.0,18959994.0,17.176595744680853,17.323404255319147,16.442553191489363,16.442553191489363,-0.5872340425531914,554.0,
2017-10-30,711010.0,11950213.0,16.638297872340424,16.834042553191487,16.2468085106383,16.442553191489363,0.0,399.0,
2017-10-31,630524.0,10608525.0,16.49148936170213,16.589361702127658,16.29574468085106,16.54042553191489,0.09787234042553192,312.0,
2017-11-01,3018612.0,52479237.0,16.638297872340424,17.176595744680853,16.638297872340424,17.02978723404255,0.48936170212765956,1127.0,
2017-11-02,790300.0,13655344.0,17.078723404255317,17.27446808510638,16.73617021276596,16.882978723404253,-0.14680851063829786,411.0,
2017-11-03,1652367.0,28677630.0,17.02978723404255,17.176595744680853,16.638297872340424,16.931914893617023,0.04893617021276596,798.0,
2017-11-06,4982506.0,89236409.0,17.176595744680853,17.91063829787234,16.834042553191487,17.617021276595743,0.6851063829787234,2406.0,
2017-11-07,8917276.0,166265543.0,17.665957446808513,18.693617021276598,17.665957446808513,17.71489361702128,0.09787234042553192,3761.0,
2017-11-08,2343309.0,41766066.0,17.76382978723404,17.95957446808511,17.176595744680853,17.372340425531913,-0.3425531914893617,1184.0,
2017-11-09,2156096.0,37333340.0,17.617021276595743,17.617021276595743,16.54042553191489,16.687234042553193,-0.6851063829787234,1029.0,
2017-11-10,784257.0,13351871.0,16.78510638297872,16.98085106382979,16.148936170212764,16.98085106382979,0.2936170212765957,450.0,
2017-11-13,1299647.0,21767087.0,16.54042553191489,16.589361702127658,16.2468085106383,16.29574468085106,-0.6851063829787234,587.0,
2017-11-14,786500.0,12989998.0,16.29574468085106,16.442553191489363,15.953191489361702,16.099999999999998,-0.19574468085106383,423.0,
2017-11-15,485261.0,7949127.0,16.099999999999998,16.2468085106383,15.85531914893617,16.00212765957447,-0.09787234042553192,280.0,
2017-11-16,333099.0,5499530.0,15.953191489361702,16.29574468085106,15.953191489361702,16.197872340425533,0.19574468085106383,211.0,
2017-11-17,551773.0,9113235.0,16.344680851063828,16.442553191489363,16.00212765957447,16.00212765957447,-0.19574468085106383,323.0,
2017-11-20,711877.0,11511282.0,16.197872340425533,16.197872340425533,15.708510638297872,15.708510638297872,-0.2936170212765957,341.0,
2017-11-21,848003.0,13820998.0,15.75744680851064,16.148936170212764,15.708510638297872,16.148936170212764,0.4404255319148936,397.0,
2017-11-22,6361278.0,111721659.0,16.687234042553193,17.76382978723404,16.393617021276594,16.442553191489363,0.2936170212765957,2218.0,
2017-11-23,916980.0,15407809.0,16.2468085106383,16.638297872340424,16.2468085106383,16.638297872340424,0.19574468085106383,424.0,
2017-11-24,695251.0,11913028.0,16.687234042553193,16.882978723404253,16.54042553191489,16.73617021276596,0.09787234042553192,371.0,
2017-11-27,439202.0,7463072.0,16.882978723404253,16.931914893617023,16.49148936170213,16.49148936170213,-0.24468085106382978,266.0,
2017-11-28,439388.0,7434514.0,16.638297872340424,16.78510638297872,16.442553191489363,16.49148936170213,0.0,224.0,
2017-11-29,693218.0,11706866.0,16.834042553191487,16.834042553191487,16.2468085106383,16.344680851063828,-0.14680851063829786,310.0,
2017-11-30,1049506.0,17476248.0,16.344680851063828,16.589361702127658,16.051063829787232,16.099999999999998,-0.24468085106382978,442.0,
2017-12-01,634281.0,10314972.0,16.197872340425533,16.29574468085106,15.708510638297872,15.806382978723402,-0.2936170212765957,333.0,
2017-12-04,459294.0,7410044.0,15.75744680851064,15.904255319148936,15.659574468085106,15.806382978723402,0.0,241.0,
2017-12-05,892564.0,14117736.0,15.85531914893617,15.85531914893617,15.170212765957446,15.170212765957446,-0.6361702127659574,479.0,
2017-12-06,562183.0,8684462.0,15.170212765957446,15.414893617021276,14.729787234042554,14.87659574468085,-0.2936170212765957,302.0,
2017-12-07,370010.0,5649101.0,14.974468085106384,15.072340425531914,14.827659574468084,14.87659574468085,0.0,198.0,
2017-12-08,426230.0,6481379.0,14.925531914893616,15.072340425531914,14.680851063829786,15.072340425531914,0.19574468085106383,195.0,
2017-12-11,431250.0,6687161.0,15.170212765957446,15.36595744680851,14.87659574468085,15.36595744680851,0.2936170212765957,226.0,
2017-12-12,1243918.0,19691429.0,15.463829787234042,15.659574468085106,15.12127659574468,15.170212765957446,-0.19574468085106383,388.0,
2017-12-13,648148.0,10290057.0,15.512765957446808,15.75744680851064,15.317021276595744,15.317021276595744,0.14680851063829786,391.0,
2017-12-14,327075.0,5141131.0,15.317021276595744,15.561702127659574,15.268085106382978,15.268085106382978,-0.04893617021276596,199.0,
2017-12-15,159005.0,2462726.0,15.36595744680851,15.36595744680851,15.12127659574468,15.12127659574468,-0.14680851063829786,108.0,
2017-12-18,406003.0,6272198.0,15.219148936170212,15.219148936170212,14.974468085106384,15.12127659574468,0.0,154.0,
2017-12-19,256304.0,3990396.0,15.463829787234042,15.463829787234042,15.170212765957446,15.170212765957446,0.04893617021276596,133.0,
2017-12-20,215001.0,3331566.0,15.170212765957446,15.219148936170212,15.12127659574468,15.219148936170212,0.04893617021276596,108.0,
2017-12-21,926272.0,14700952.0,15.268085106382978,15.708510638297872,15.268085106382978,15.463829787234042,0.24468085106382978,319.0,
2017-12-22,324077.0,5100046.0,15.561702127659574,15.561702127659574,15.268085106382978,15.317021276595744,-0.14680851063829786,162.0,
2017-12-25,169013.0,2661202.0,15.414893617021276,15.512765957446808,15.36595744680851,15.414893617021276,0.09787234042553192,97.0,
2017-12-26,329341.0,5081298.0,15.414893617021276,15.414893617021276,14.87659574468085,14.974468085106384,-0.4404255319148936,194.0,
2017-12-27,281798.0,4315175.0,15.023404255319148,15.12127659574468,14.925531914893616,14.925531914893616,-0.04893617021276596,150.0,
2017-12-28,172009.0,2650485.0,14.974468085106384,15.170212765957446,14.974468085106384,15.023404255319148,0.09787234042553192,103.0,
2017-12-29,177055.0,2744049.0,15.023404255319148,15.268085106382978,15.023404255319148,15.219148936170212,0.19574468085106383,102.0,
2018-01-02,185165.0,2871606.0,15.12127659574468,15.268085106382978,14.974468085106384,15.219148936170212,0.0,114.0,
2018-01-03,377003.0,5942301.0,15.317021276595744,15.61063829787234,15.317021276595744,15.463829787234042,0.24468085106382978,221.0,
2018-01-04,422200.0,6686209.0,15.463829787234042,15.659574468085106,15.36595744680851,15.659574468085106,0.19574468085106383,212.0,
2018-01-05,349187.0,5569860.0,15.659574468085106,15.806382978723402,15.463829787234042,15.463829787234042,-0.19574468085106383,169.0,
2018-01-08,984299.0,15710384.0,15.512765957446808,15.85531914893617,15.268085106382978,15.414893617021276,-0.04893617021276596,318.0,
2018-01-09,206626.0,3248793.0,15.512765957446808,15.512765957446808,15.317021276595744,15.36595744680851,-0.04893617021276596,116.0,
2018-01-10,348020.0,5366509.0,15.36595744680851,15.36595744680851,14.974468085106384,15.072340425531914,-0.2936170212765957,187.0,
2018-01-11,329851.0,5024284.0,14.974468085106384,14.974468085106384,14.827659574468084,14.827659574468084,-0.24468085106382978,170.0,
2018-01-12,258515.0,3959302.0,14.87659574468085,15.072340425531914,14.87659574468085,14.925531914893616,0.09787234042553192,139.0,
2018-01-15,230000.0,3550600.0,15.170212765957446,15.219148936170212,15.023404255319148,15.023404255319148,0.09787234042553192,116.0,
2018-01-16,145204.0,2236699.0,15.170212765957446,15.219148936170212,15.023404255319148,15.12127659574468,0.09787234042553192,86.0,
2018-01-17,169166.0,2605159.0,15.12127659574468,15.12127659574468,15.023404255319148,15.12127659574468,0.0,104.0,
2018-01-18,961775.0,15028081.0,15.12127659574468,15.512765957446808,15.023404255319148,15.12127659574468,0.0,309.0,
2018-01-19,361866.0,5607883.0,15.170212765957446,15.36595744680851,15.072340425531914,15.170212765957446,0.04893617021276596,182.0,
2018-01-22,593005.0,9233625.0,15.170212765957446,15.36595744680851,14.974468085106384,15.072340425531914,-0.09787234042553192,205.0,
2018-01-23,288510.0,4450649.0,15.268085106382978,15.268085106382978,14.974468085106384,15.023404255319148,-0.04893617021276596,136.0,
2018-01-24,245477.0,3745984.0,15.072340425531914,15.072340425531914,14.87659574468085,14.925531914893616,-0.09787234042553192,176.0,
2018-01-25,259324.0,3949074.0,14.974468085106384,15.072340425531914,14.827659574468084,14.827659574468084,-0.09787234042553192,146.0,
2018-01-26,179304.0,2711610.0,14.87659574468085,14.87659574468085,14.729787234042554,14.778723404255318,-0.04893617021276596,119.0,
2018-01-29,322309.0,4861135.0,14.827659574468084,14.87659574468085,14.680851063829786,14.729787234042554,-0.04893617021276596,167.0,
2018-01-30,327577.0,4913554.0,14.827659574468084,14.827659574468084,14.534042553191489,14.534042553191489,-0.19574468085106383,178.0,
2018-01-31,341005.0,5023420.0,14.485106382978724,14.485106382978724,14.38723404255319,14.436170212765957,-0.09787234042553192,160.0,
2018-02-01,163003.0,2418242.0,14.534042553191489,14.582978723404254,14.436170212765957,14.485106382978724,0.04893617021276596,86.0,
2018-02-02,255011.0,3731906.0,14.38723404255319,14.485106382978724,14.191489361702127,14.289361702127659,-0.19574468085106383,136.0,
2018-02-05,311089.0,4433064.0,14.191489361702127,14.191489361702127,13.799999999999999,13.946808510638297,-0.3425531914893617,168.0,
2018-02-06,1239023.0,16215738.0,13.702127659574467,13.702127659574467,12.57659574468085,12.57659574468085,-1.3702127659574468,513.0,
2018-02-07,669307.0,8619723.0,12.870212765957447,12.870212765957447,12.33191489361702,12.429787234042552,-0.14680851063829786,316.0,
2018-02-08,266362.0,3398863.0,12.47872340425532,12.625531914893617,12.380851063829788,12.527659574468085,0.09787234042553192,132.0,
2018-02-09,1164003.0,13637139.0,11.304255319148936,11.793617021276596,11.304255319148936,11.646808510638298,-0.8808510638297872,486.0,
2018-02-12,475124.0,5725899.0,11.940425531914892,12.038297872340426,11.646808510638298,11.940425531914892,0.2936170212765957,266.0,
2018-02-21,447133.0,5703632.0,12.185106382978722,12.674468085106382,12.038297872340426,12.57659574468085,0.6361702127659574,237.0,
2018-02-22,270115.0,3518161.0,12.72340425531915,12.870212765957447,12.57659574468085,12.82127659574468,0.24468085106382978,166.0,
2018-02-23,200714.0,2651172.0,12.82127659574468,13.06595744680851,12.82127659574468,12.82127659574468,0.0,147.0,
2018-02-26,2998303.0,42321012.0,13.06595744680851,14.093617021276595,13.017021276595745,14.093617021276595,1.2723404255319148,1064.0,
2018-02-27,3449521.0,51410133.0,14.827659574468084,14.974468085106384,14.093617021276595,14.289361702127659,0.19574468085106383,1655.0,
2018-03-01,1996181.0,28905370.0,13.751063829787235,14.485106382978724,13.751063829787235,14.240425531914894,-0.04893617021276596,669.0,
2018-03-02,640027.0,9196778.0,14.093617021276595,14.289361702127659,13.946808510638297,13.995744680851065,-0.24468085106382978,318.0,
2018-03-05,10198181.0,156412515.0,14.191489361702127,15.36595744680851,14.044680851063829,14.582978723404254,0.5872340425531914,2937.0,
2018-03-06,1493065.0,22219646.0,14.680851063829786,14.87659574468085,14.338297872340425,14.485106382978724,-0.09787234042553192,733.0,
2018-03-07,732385.0,10934529.0,14.436170212765957,14.87659574468085,14.436170212765957,14.485106382978724,0.0,354.0,
2018-03-08,2050515.0,31040037.0,14.680851063829786,14.974468085106384,14.485106382978724,14.582978723404254,0.09787234042553192,693.0,
2018-03-09,685347.0,10224714.0,14.63191489361702,14.87659574468085,14.485106382978724,14.534042553191489,-0.04893617021276596,262.0,
2018-03-12,6580359.0,102308464.0,14.63191489361702,15.463829787234042,14.582978723404254,15.072340425531914,0.5382978723404256,1470.0,
2018-03-13,988885.0,15157741.0,14.87659574468085,15.170212765957446,14.827659574468084,15.072340425531914,0.0,561.0,
2018-03-14,524144.0,8033541.0,15.072340425531914,15.170212765957446,14.925531914893616,14.974468085106384,-0.09787234042553192,221.0,
2018-03-15,1552550.0,24203100.0,15.072340425531914,15.36595744680851,15.072340425531914,15.12127659574468,0.14680851063829786,513.0,
2018-03-16,619250.0,9596016.0,15.317021276595744,15.36595744680851,15.072340425531914,15.072340425531914,-0.04893617021276596,266.0,
2018-03-19,384100.0,5871551.0,15.072340425531914,15.219148936170212,14.87659574468085,14.87659574468085,-0.19574468085106383,249.0,
2018-03-20,872026.0,13173790.0,14.778723404255318,14.87659574468085,14.729787234042554,14.729787234042554,-0.14680851063829786,169.0,
2018-03-21,344540.0,5195800.0,14.87659574468085,14.87659574468085,14.680851063829786,14.729787234042554,0.0,181.0,
2018-03-22,453195.0,6826275.0,14.680851063829786,14.87659574468085,14.680851063829786,14.729787234042554,0.0,192.0,
2018-03-23,733065.0,11004925.0,14.729787234042554,14.778723404255318,14.534042553191489,14.778723404255318,0.04893617021276596,280.0,
2018-03-26,904502.0,13796094.0,14.778723404255318,15.023404255319148,14.729787234042554,14.87659574468085,0.09787234042553192,373.0,
2018-03-27,1715123.0,26510474.0,15.072340425531914,15.268085106382978,14.827659574468084,15.072340425531914,0.19574468085106383,518.0,
2018-03-28,748202.0,11534245.0,15.072340425531914,15.317021276595744,14.827659574468084,14.827659574468084,-0.24468085106382978,416.0,
2018-03-29,223256.0,3377663.0,14.778723404255318,14.974468085106384,14.729787234042554,14.778723404255318,-0.04893617021276596,131.0,
2018-03-30,292014.0,4408360.0,14.925531914893616,14.925531914893616,14.680851063829786,14.827659574468084,0.04893617021276596,171.0,
2018-03-31,153319.0,2299179.0,14.778723404255318,14.778723404255318,14.63191489361702,14.680851063829786,-0.14680851063829786,112.0,
2018-04-02,557380.0,8187564.0,14.680851063829786,14.680851063829786,14.191489361702127,14.240425531914894,-0.4404255319148936,369.0,
2018-04-03,146528.0,2108694.0,14.240425531914894,14.240425531914894,13.946808510638297,14.14255319148936,-0.09787234042553192,130.0,
2018-04-09,220139.0,3181024.0,14.534042553191489,14.534042553191489,14.044680851063829,14.093617021276595,-0.04893617021276596,163.0,
2018-04-10,343452.0,4932543.0,14.093617021276595,14.093617021276595,13.89787234042553,14.093617021276595,0.0,206.0,
2018-04-11,276933.0,3953826.0,14.093617021276595,14.14255319148936,13.848936170212767,13.848936170212767,-0.24468085106382978,192.0,
2018-04-12,267577.0,3815198.0,14.044680851063829,14.14255319148936,13.848936170212767,14.044680851063829,0.19574468085106383,149.0,
2018-04-13,222649.0,3187632.0,14.191489361702127,14.240425531914894,13.89787234042553,13.89787234042553,-0.14680851063829786,124.0,
2018-04-16,390330.0,5499035.0,13.89787234042553,13.946808510638297,13.604255319148937,13.653191489361701,-0.24468085106382978,191.0,
2018-04-17,262774.0,3587411.0,13.653191489361701,13.653191489361701,13.163829787234041,13.163829787234041,-0.48936170212765956,178.0,
2018-04-18,202000.0,2724650.0,13.31063829787234,13.506382978723405,13.017021276595745,13.114893617021277,-0.04893617021276596,142.0,
2018-04-19,331750.0,4615432.0,13.359574468085107,13.848936170212767,13.31063829787234,13.604255319148937,0.48936170212765956,216.0,
2018-04-20,125644.0,1730390.0,13.604255319148937,13.653191489361701,13.31063829787234,13.408510638297871,-0.19574468085106383,68.0,
2018-04-23,167301.0,2263333.0,13.408510638297871,13.408510638297871,13.114893617021277,13.114893617021277,-0.2936170212765957,98.0,
2018-04-24,467120.0,6017811.0,13.31063829787234,13.31063829787234,12.429787234042552,12.429787234042552,-0.6851063829787234,210.0,
2018-04-25,213004.0,2716598.0,12.429787234042552,12.57659574468085,12.136170212765958,12.57659574468085,0.14680851063829786,107.0,
2018-04-26,249030.0,3243686.0,12.625531914893617,12.919148936170211,12.625531914893617,12.72340425531915,0.14680851063829786,136.0,
2018-04-27,201158.0,2644554.0,12.772340425531915,13.06595744680851,12.72340425531915,12.82127659574468,0.09787234042553192,90.0,
2018-04-30,150689.0,1978974.0,12.82127659574468,12.96808510638298,12.72340425531915,12.96808510638298,0.14680851063829786,79.0,
2018-05-02,33081.0,437717.0,13.017021276595745,13.017021276595745,12.919148936170211,12.919148936170211,-0.04893617021276596,28.0,
2018-05-03,70001.0,915713.0,12.870212765957447,12.96808510638298,12.72340425531915,12.772340425531915,-0.14680851063829786,50.0,
2018-05-04,166440.0,2168403.0,12.72340425531915,12.919148936170211,12.625531914893617,12.625531914893617,-0.14680851063829786,92.0,
2018-05-07,218001.0,2914463.0,13.212765957446807,13.212765957446807,12.96808510638298,12.96808510638298,0.3425531914893617,136.0,
2018-05-08,176056.0,2364202.0,13.212765957446807,13.212765957446807,12.96808510638298,13.212765957446807,0.24468085106382978,110.0,
2018-05-09,120128.0,1601551.0,13.212765957446807,13.212765957446807,12.96808510638298,12.96808510638298,-0.24468085106382978,85.0,
2018-05-10,348481.0,4582898.0,12.82127659574468,13.06595744680851,12.72340425531915,12.919148936170211,-0.04893617021276596,174.0,
2018-05-11,166012.0,2200406.0,13.114893617021277,13.114893617021277,12.82127659574468,12.82127659574468,-0.09787234042553192,94.0,
2018-05-14,353183.0,4686497.0,12.870212765957447,13.212765957446807,12.772340425531915,12.919148936170211,0.09787234042553192,133.0,
2018-05-15,213354.0,2835320.0,12.919148936170211,13.163829787234041,12.82127659574468,13.06595744680851,0.14680851063829786,123.0,
2018-05-16,236342.0,3136046.0,13.06595744680851,13.261702127659575,12.82127659574468,12.82127659574468,-0.24468085106382978,139.0,
2018-05-17,286730.0,3816557.0,12.919148936170211,13.212765957446807,12.82127659574468,13.114893617021277,0.2936170212765957,186.0,
2018-05-18,221000.0,2969900.0,13.017021276595745,13.261702127659575,13.017021276595745,13.163829787234041,0.04893617021276596,129.0,
2018-05-21,256067.0,3493003.0,13.261702127659575,13.506382978723405,13.261702127659575,13.31063829787234,0.14680851063829786,144.0,
2018-05-22,299106.0,4095331.0,13.408510638297871,13.555319148936169,13.31063829787234,13.31063829787234,0.0,166.0,
2018-05-23,837107.0,11798936.0,13.31063829787234,14.14255319148936,13.31063829787234,13.702127659574467,0.39148936170212767,463.0,
2018-05-24,212578.0,2962074.0,13.799999999999999,13.799999999999999,13.555319148936169,13.604255319148937,-0.09787234042553192,124.0,
2018-05-25,187478.0,2625438.0,13.555319148936169,13.799999999999999,13.555319148936169,13.702127659574467,0.09787234042553192,83.0,
2018-05-28,927097.0,13248641.0,13.799999999999999,14.289361702127659,13.653191489361701,14.044680851063829,0.3425531914893617,294.0,
2018-05-29,294733.0,4205470.0,14.044680851063829,14.14255319148936,13.848936170212767,13.89787234042553,-0.14680851063829786,144.0,
2018-05-30,276004.0,3859752.0,13.848936170212767,13.89787234042553,13.555319148936169,13.653191489361701,-0.24468085106382978,130.0,
2018-05-31,182787.0,2566037.0,13.702127659574467,13.848936170212767,13.653191489361701,13.702127659574467,0.04893617021276596,111.0,
2018-06-01,551500.0,7932923.0,13.89787234042553,14.289361702127659,13.848936170212767,14.044680851063829,0.3425531914893617,229.0,
2018-06-04,343368.0,4961998.0,14.289361702127659,14.289361702127659,13.995744680851065,14.14255319148936,0.09787234042553192,128.0,
2018-06-05,788310.0,11499662.0,14.14255319148936,14.485106382978724,13.995744680851065,14.191489361702127,0.04893617021276596,243.0,
2018-06-06,175000.0,2513800.0,14.191489361702127,14.191489361702127,13.946808510638297,13.946808510638297,-0.24468085106382978,96.0,
2018-06-07,251369.0,3604326.0,13.995744680851065,14.191489361702127,13.89787234042553,14.093617021276595,0.14680851063829786,128.0,
2018-06-08,157305.0,2244865.0,14.093617021276595,14.093617021276595,13.848936170212767,13.848936170212767,-0.24468085106382978,86.0,
2018-06-11,675398.0,9559500.0,13.751063829787235,13.995744680851065,13.653191489361701,13.653191489361701,-0.19574468085106383,210.0,
2018-06-12,183018.0,2545499.0,13.702127659574467,13.751063829787235,13.555319148936169,13.604255319148937,-0.04893617021276596,104.0,
2018-06-13,1056130.0,14930370.0,13.604255319148937,13.995744680851065,13.457446808510637,13.751063829787235,0.14680851063829786,378.0,
2018-06-14,262381.0,3684934.0,13.653191489361701,13.89787234042553,13.653191489361701,13.702127659574467,-0.04893617021276596,102.0,
2018-06-15,1432533.0,20712770.0,13.799999999999999,14.289361702127659,13.751063829787235,14.044680851063829,0.3425531914893617,378.0,
2018-06-19,375003.0,5350392.0,14.14255319148936,14.14255319148936,13.751063829787235,13.751063829787235,-0.2936170212765957,158.0,
2018-06-20,233001.0,3274014.0,13.751063829787235,13.848936170212767,13.604255319148937,13.799999999999999,0.04893617021276596,124.0,
2018-06-21,96390.0,1361748.0,13.995744680851065,13.995744680851065,13.751063829787235,13.848936170212767,0.04893617021276596,58.0,
2018-06-22,145000.0,2032700.0,13.702127659574467,13.946808510638297,13.604255319148937,13.751063829787235,-0.09787234042553192,72.0,
2018-06-25,162502.0,2281428.0,13.653191489361701,13.799999999999999,13.653191489361701,13.751063829787235,0.0,55.0,
2018-06-26,111908.0,1559378.0,13.702127659574467,13.702127659574467,13.555319148936169,13.604255319148937,-0.14680851063829786,79.0,
2018-06-27,180011.0,2513402.0,13.604255319148937,13.751063829787235,13.555319148936169,13.604255319148937,0.0,83.0,
2018-06-28,636048.0,8934422.0,13.604255319148937,13.946808510638297,13.506382978723405,13.799999999999999,0.19574468085106383,187.0,
2018-06-29,191502.0,2699552.0,13.848936170212767,13.848936170212767,13.751063829787235,13.751063829787235,-0.04893617021276596,106.0,
2018-07-02,266758.0,3694556.0,13.89787234042553,13.946808510638297,13.017021276595745,13.212765957446807,-0.5382978723404256,153.0,
2018-07-03,347110.0,4620690.0,13.408510638297871,13.506382978723405,12.72340425531915,12.870212765957447,-0.3425531914893617,157.0,
2018-07-04,124001.0,1606862.0,12.772340425531915,12.870212765957447,12.527659574468085,12.625531914893617,-0.24468085106382978,80.0,
2018-07-05,109046.0,1424086.0,12.625531914893617,13.017021276595745,12.625531914893617,12.625531914893617,0.0,62.0,
2018-07-06,252201.0,3207692.0,12.82127659574468,12.82127659574468,12.282978723404256,12.429787234042552,-0.19574468085106383,119.0,
2018-07-09,116388.0,1506865.0,12.47872340425532,12.82127659574468,12.47872340425532,12.625531914893617,0.19574468085106383,56.0,
2018-07-10,72593.0,949559.0,12.674468085106382,12.919148936170211,12.674468085106382,12.772340425531915,0.14680851063829786,51.0,
2018-07-11,92490.0,1198168.0,12.72340425531915,12.772340425531915,12.57659574468085,12.72340425531915,-0.04893617021276596,71.0,
2018-07-12,91666.0,1181339.0,12.57659574468085,12.72340425531915,12.527659574468085,12.674468085106382,-0.04893617021276596,60.0,
2018-07-13,305837.0,4048412.0,12.72340425531915,13.114893617021277,12.72340425531915,12.96808510638298,0.2936170212765957,156.0,
2018-07-16,1272001.0,17116763.0,12.96808510638298,13.31063829787234,12.772340425531915,13.212765957446807,0.24468085106382978,264.0,
2018-07-17,208274.0,2820625.0,13.31063829787234,13.31063829787234,13.212765957446807,13.261702127659575,0.04893617021276596,105.0,
2018-07-18,225781.0,3043175.0,13.408510638297871,13.408510638297871,13.114893617021277,13.114893617021277,-0.14680851063829786,105.0,
2018-07-19,102220.0,1373947.0,13.163829787234041,13.31063829787234,13.114893617021277,13.114893617021277,0.0,46.0,
2018-07-20,98526.0,1306844.0,13.06595744680851,13.06595744680851,12.870212765957447,12.870212765957447,-0.24468085106382978,46.0,
2018-07-23,76934.0,1014938.0,13.212765957446807,13.212765957446807,12.82127659574468,12.82127659574468,-0.04893617021276596,49.0,
2018-07-24,58431.0,763295.0,12.82127659574468,12.919148936170211,12.674468085106382,12.772340425531915,-0.04893617021276596,44.0,
2018-07-25,176455.0,2292469.0,12.72340425531915,12.919148936170211,12.625531914893617,12.72340425531915,-0.04893617021276596,93.0,
2018-07-26,248005.0,3208365.0,12.57659574468085,12.772340425531915,12.57659574468085,12.625531914893617,-0.09787234042553192,118.0,
2018-07-27,643433.0,8344483.0,12.72340425531915,12.82127659574468,12.625531914893617,12.674468085106382,0.04893617021276596,177.0,
2018-07-30,247096.0,3157974.0,12.674468085106382,12.674468085106382,12.429787234042552,12.47872340425532,-0.19574468085106383,124.0,
2018-07-31,209200.0,2653399.0,12.47872340425532,12.47872340425532,12.33191489361702,12.429787234042552,-0.04893617021276596,97.0,
2018-08-01,138001.0,1763712.0,12.47872340425532,12.674468085106382,12.429787234042552,12.47872340425532,0.04893617021276596,74.0,
2018-08-02,247000.0,3131250.0,12.625531914893617,12.625531914893617,12.23404255319149,12.282978723404256,-0.19574468085106383,132.0,
2018-08-03,127715.0,1615708.0,12.282978723404256,12.429787234042552,12.282978723404256,12.429787234042552,0.14680851063829786,70.0,
2018-08-06,74279.0,940755.0,12.429787234042552,12.47872340425532,12.33191489361702,12.380851063829788,-0.04893617021276596,47.0,
2018-08-07,293000.0,3663000.0,12.185106382978722,12.282978723404256,12.185106382978722,12.282978723404256,-0.09787234042553192,139.0,
2018-08-08,119187.0,1483650.0,12.185106382978722,12.33191489361702,12.08723404255319,12.08723404255319,-0.19574468085106383,75.0,
2018-08-09,215001.0,2668812.0,12.23404255319149,12.33191489361702,11.98936170212766,12.08723404255319,0.0,96.0,
2018-08-10,155005.0,1917660.0,12.136170212765958,12.185106382978722,12.038297872340426,12.08723404255319,0.0,74.0,
2018-08-13,767967.0,8812370.0,11.940425531914892,11.98936170212766,10.912765957446808,11.108510638297872,-0.9787234042553191,381.0,
2018-08-14,1187110.0,12535488.0,11.108510638297872,11.25531914893617,10.03191489361702,10.129787234042553,-0.9787234042553191,550.0,
2018-08-15,804999.0,8144539.0,10.325531914893617,10.325531914893617,9.640425531914893,9.982978723404255,-0.14680851063829786,374.0,
2018-08-16,279003.0,2838760.0,9.787234042553191,10.129787234042553,9.748085106382979,10.080851063829787,0.09787234042553192,149.0,
2018-08-17,194320.0,1992776.0,10.129787234042553,10.178723404255319,9.982978723404255,10.080851063829787,0.0,106.0,
2018-08-20,438183.0,4413790.0,10.080851063829787,10.080851063829787,9.748085106382979,9.885106382978723,-0.19574468085106383,170.0,
2018-08-21,166000.0,1680398.0,9.836170212765959,9.982978723404255,9.836170212765959,9.934042553191489,0.04893617021276596,107.0,
2018-08-22,228205.0,2320750.0,9.982978723404255,10.080851063829787,9.836170212765959,9.836170212765959,-0.09787234042553192,103.0,
2018-08-23,182268.0,1851406.0,9.885106382978723,10.03191489361702,9.885106382978723,9.982978723404255,0.14680851063829786,104.0,
2018-08-24,97163.0,990646.0,9.982978723404255,10.03191489361702,9.934042553191489,9.982978723404255,0.0,54.0,
2018-08-27,829770.0,8645780.0,9.982978723404255,10.374468085106383,9.982978723404255,10.178723404255319,0.19574468085106383,261.0,
2018-08-28,266005.0,2759700.0,10.27659574468085,10.325531914893617,9.982978723404255,10.129787234042553,-0.04893617021276596,131.0,
2018-08-29,125000.0,1298150.0,10.129787234042553,10.227659574468085,10.129787234042553,10.178723404255319,0.04893617021276596,80.0,
2018-08-30,201100.0,2106860.0,10.227659574468085,10.325531914893617,10.129787234042553,10.27659574468085,0.09787234042553192,108.0,
2018-08-31,87001.0,915210.0,10.178723404255319,10.374468085106383,10.178723404255319,10.374468085106383,0.09787234042553192,55.0,
2018-09-03,81461.0,853097.0,10.27659574468085,10.374468085106383,10.178723404255319,10.178723404255319,-0.19574468085106383,54.0,
2018-09-04,1192166.0,13240092.0,10.178723404255319,11.157446808510638,10.178723404255319,11.157446808510638,0.9787234042553191,528.0,
2018-09-05,1885695.0,21837682.0,11.157446808510638,11.548936170212766,11.01063829787234,11.01063829787234,-0.14680851063829786,866.0,
2018-09-06,477024.0,5352766.0,10.961702127659574,11.157446808510638,10.814893617021276,10.961702127659574,-0.04893617021276596,203.0,
2018-09-07,632459.0,6875369.0,10.961702127659574,11.059574468085106,10.178723404255319,10.27659574468085,-0.6851063829787234,267.0,
2018-09-10,491146.0,4972224.0,10.27659574468085,10.374468085106383,9.777446808510637,9.787234042553191,-0.48936170212765956,217.0,
2018-09-11,200268.0,2034408.0,9.787234042553191,10.03191489361702,9.787234042553191,9.982978723404255,0.19574468085106383,107.0,
2018-09-12,245025.0,2466763.0,10.03191489361702,10.03191489361702,9.777446808510637,9.836170212765959,-0.14680851063829786,126.0,
2018-09-13,206883.0,2112305.0,9.934042553191489,10.080851063829787,9.836170212765959,10.03191489361702,0.19574468085106383,88.0,
2018-09-14,523000.0,5415100.0,10.080851063829787,10.178723404255319,9.934042553191489,10.129787234042553,0.09787234042553192,152.0,
2018-09-17,53152.0,547449.0,10.129787234042553,10.129787234042553,9.982978723404255,10.03191489361702,-0.09787234042553192,44.0,
2018-09-18,406698.0,4263164.0,9.934042553191489,10.570212765957447,9.934042553191489,10.52127659574468,0.48936170212765956,238.0,
2018-09-19,217094.0,2320184.0,10.668085106382978,10.668085106382978,10.325531914893617,10.325531914893617,-0.19574468085106383,152.0,
2018-09-20,170774.0,1769193.0,10.374468085106383,10.374468085106383,10.03191489361702,10.03191489361702,-0.2936170212765957,93.0,
2018-09-21,94001.0,975260.0,10.129787234042553,10.227659574468085,10.080851063829787,10.178723404255319,0.14680851063829786,53.0,
2018-09-25,85003.0,885280.0,10.178723404255319,10.325531914893617,10.129787234042553,10.129787234042553,-0.04893617021276596,60.0,
2018-09-26,619380.0,6525839.0,10.129787234042553,10.472340425531915,10.03191489361702,10.325531914893617,0.19574468085106383,317.0,
2018-09-27,253113.0,2677347.0,10.227659574468085,10.472340425531915,10.227659574468085,10.27659574468085,-0.04893617021276596,121.0,
2018-09-28,119000.0,1243750.0,10.27659574468085,10.374468085106383,10.129787234042553,10.178723404255319,-0.09787234042553192,59.0,
2018-10-01,160385.0,1653532.0,10.080851063829787,10.227659574468085,9.982978723404255,10.03191489361702,-0.14680851063829786,110.0,
2018-10-02,97110.0,996427.0,10.080851063829787,10.129787234042553,9.982978723404255,10.080851063829787,0.04893617021276596,58.0,
2018-10-03,170039.0,1727797.0,10.080851063829787,10.080851063829787,9.885106382978723,9.982978723404255,-0.09787234042553192,87.0,
2018-10-04,225003.0,2260483.0,9.982978723404255,9.982978723404255,9.787234042553191,9.787234042553191,-0.19574468085106383,112.0,
2018-10-05,274030.0,2689880.0,9.787234042553191,9.787234042553191,9.415319148936169,9.454468085106383,-0.33276595744680854,171.0,
2018-10-08,218027.0,2094584.0,9.395744680851063,9.57191489361702,9.297872340425531,9.425106382978724,-0.029361702127659574,104.0,
2018-10-09,274000.0,2575550.0,9.454468085106383,9.464255319148936,9.111914893617021,9.131489361702128,-0.2936170212765957,120.0,
2018-10-11,880501.0,7418316.0,8.426808510638297,8.426808510638297,8.221276595744682,8.221276595744682,-0.9102127659574468,281.0,
2018-10-12,333001.0,2746999.0,7.927659574468085,8.280000000000001,7.917872340425531,8.182127659574467,-0.03914893617021276,193.0,
2018-10-15,305228.0,2639675.0,8.377872340425531,8.671489361702127,8.280000000000001,8.671489361702127,0.48936170212765956,128.0,
2018-10-16,126012.0,1107945.0,8.524680851063831,8.710638297872341,8.514893617021276,8.55404255319149,-0.1174468085106383,70.0,
2018-10-17,245146.0,2182761.0,8.98468085106383,8.994468085106382,8.514893617021276,8.514893617021276,-0.03914893617021276,135.0,
2018-10-18,29000.0,254440.0,8.61276595744681,8.642127659574468,8.534468085106383,8.563829787234042,0.04893617021276596,19.0,
2018-10-19,140000.0,1192490.0,8.328936170212765,8.397446808510638,8.270212765957446,8.377872340425531,-0.18595744680851065,78.0,
2018-10-22,130093.0,1141819.0,8.446382978723404,8.749787234042552,8.446382978723404,8.65191489361702,0.2740425531914894,70.0,
2018-10-23,55877.0,482770.0,8.456170212765958,8.475744680851063,8.43659574468085,8.446382978723404,-0.205531914893617,42.0,
2018-10-24,120026.0,1034840.0,8.34851063829787,8.505106382978722,8.328936170212765,8.456170212765958,0.00978723404255319,61.0,
2018-10-25,280000.0,2370210.0,8.36808510638298,8.36808510638298,7.976595744680851,7.976595744680851,-0.47957446808510634,70.0,
2018-10-26,258000.0,2107930.0,8.074468085106382,8.172340425531914,7.859148936170212,7.8689361702127645,-0.1076595744680851,105.0,
2018-10-29,130195.0,1045840.0,7.8885106382978725,7.966808510638298,7.829787234042553,7.829787234042553,-0.03914893617021276,62.0,
2018-10-30,124400.0,1002896.0,7.859148936170212,7.986382978723404,7.810212765957447,7.898297872340425,0.06851063829787235,76.0,
2018-10-31,135000.0,1106640.0,7.908085106382979,8.06468085106383,7.908085106382979,7.976595744680851,0.07829787234042553,72.0,
2018-11-01,157000.0,1303500.0,8.00595744680851,8.182127659574467,8.00595744680851,8.10382978723404,0.12723404255319148,75.0,
2018-11-02,122000.0,1028000.0,8.113617021276594,8.36808510638298,8.113617021276594,8.201702127659575,0.09787234042553192,78.0,
2018-11-05,50409.0,417906.0,8.10382978723404,8.201702127659575,8.025531914893616,8.133191489361703,-0.06851063829787235,44.0,
2018-11-06,64001.0,540908.0,8.152765957446809,8.417021276595744,8.152765957446809,8.172340425531914,0.03914893617021276,44.0,
2018-11-07,70002.0,599878.0,8.602978723404254,8.602978723404254,8.299574468085106,8.387659574468085,0.2153191489361702,52.0,
2018-11-08,98004.0,847146.0,8.465957446808511,8.534468085106383,8.426808510638297,8.426808510638297,0.03914893617021276,69.0,
2018-11-09,38001.0,325158.0,8.397446808510638,8.446382978723404,8.260425531914892,8.319148936170212,-0.1076595744680851,27.0,
2018-11-12,81002.0,682788.0,8.182127659574467,8.34851063829787,8.182127659574467,8.191914893617021,-0.12723404255319148,54.0,
2018-11-13,46797.0,385373.0,8.074468085106382,8.12340425531915,8.025531914893616,8.074468085106382,-0.1174468085106383,40.0,
2018-11-14,65010.0,542864.0,8.074468085106382,8.319148936170212,8.074468085106382,8.12340425531915,0.04893617021276596,45.0,
2018-11-15,40001.0,333408.0,8.152765957446809,8.172340425531914,8.133191489361703,8.152765957446809,0.029361702127659574,25.0,
2018-11-16,149003.0,1264084.0,8.182127659574467,8.36808510638298,8.182127659574467,8.299574468085106,0.14680851063829786,73.0,
2018-11-19,117000.0,1007390.0,8.299574468085106,8.485531914893617,8.299574468085106,8.465957446808511,0.16638297872340427,74.0,
2018-11-20,40000.0,345270.0,8.417021276595744,8.505106382978722,8.407234042553192,8.49531914893617,0.029361702127659574,25.0,
2018-11-21,72459.0,629560.0,8.465957446808511,8.55404255319149,8.34851063829787,8.55404255319149,0.05872340425531915,55.0,
2018-11-22,273339.0,2397198.0,8.319148936170212,8.76936170212766,8.319148936170212,8.514893617021276,-0.03914893617021276,122.0,
2018-11-23,113000.0,978520.0,8.514893617021276,8.583404255319149,8.397446808510638,8.534468085106383,0.01957446808510638,65.0,
2018-11-26,575016.0,5111290.0,8.514893617021276,8.808510638297872,8.514893617021276,8.622553191489361,0.08808510638297871,154.0,
2018-11-27,236201.0,2128779.0,8.622553191489361,9.04340425531915,8.61276595744681,8.808510638297872,0.18595744680851065,120.0,
2018-11-28,201370.0,1839502.0,8.98468085106383,9.04340425531915,8.808510638297872,9.023829787234042,0.2153191489361702,112.0,
2018-11-29,288090.0,2700935.0,9.062978723404255,9.28808510638298,9.062978723404255,9.219574468085106,0.19574468085106383,135.0,
2018-11-30,195255.0,1874798.0,9.297872340425531,9.464255319148936,9.239148936170212,9.464255319148936,0.24468085106382978,104.0,
2018-12-03,201005.0,1974865.0,9.503404255319149,9.728510638297871,9.503404255319149,9.57191489361702,0.1076595744680851,109.0,
2018-12-04,131759.0,1278715.0,9.611063829787234,9.650212765957447,9.415319148936169,9.493617021276595,-0.07829787234042553,99.0,
2018-12-05,88627.0,839625.0,9.219574468085106,9.376170212765958,9.160851063829787,9.219574468085106,-0.2740425531914894,54.0,
2018-12-06,112012.0,1046028.0,9.2,9.297872340425531,8.85744680851064,8.85744680851064,-0.3621276595744681,70.0,
2018-12-07,83316.0,766292.0,9.08255319148936,9.092340425531914,8.916170212765957,8.925957446808509,0.06851063829787235,54.0,
2018-12-10,117002.0,1052257.0,8.779148936170213,8.965106382978723,8.749787234042552,8.808510638297872,-0.1174468085106383,58.0,
2018-12-11,77001.0,701739.0,9.14127659574468,9.14127659574468,8.83787234042553,8.89659574468085,0.08808510638297871,45.0,
2018-12-12,71030.0,653436.0,8.906382978723403,9.04340425531915,8.906382978723403,9.04340425531915,0.14680851063829786,47.0,
2018-12-13,39001.0,360609.0,9.10212765957447,9.10212765957447,9.004255319148935,9.033617021276596,-0.00978723404255319,29.0,
2018-12-14,54009.0,499133.0,9.248936170212765,9.248936170212765,8.98468085106383,9.04340425531915,0.00978723404255319,40.0,
2018-12-17,81024.0,753899.0,9.04340425531915,9.160851063829787,9.04340425531915,9.072765957446808,0.029361702127659574,58.0,
2018-12-18,95874.0,876466.0,8.965106382978723,9.04340425531915,8.906382978723403,8.906382978723403,-0.16638297872340427,61.0,
2018-12-19,65553.0,597267.0,9.04340425531915,9.04340425531915,8.89659574468085,8.916170212765957,0.00978723404255319,42.0,
2018-12-20,58001.0,517989.0,8.916170212765957,8.916170212765957,8.632340425531915,8.74,-0.17617021276595743,30.0,
2018-12-21,65002.0,580418.0,8.661702127659574,9.004255319148935,8.661702127659574,8.749787234042552,0.00978723404255319,29.0,
2018-12-22,16009.0,142111.0,8.632340425531915,8.808510638297872,8.632340425531915,8.74,-0.00978723404255319,16.0,
2018-12-24,32000.0,289280.0,8.74,8.906382978723403,8.74,8.808510638297872,0.06851063829787235,16.0,
2018-12-25,37593.0,331395.0,8.642127659574468,8.710638297872341,8.563829787234042,8.691063829787234,-0.1174468085106383,30.0,
2018-12-26,70003.0,626854.0,8.691063829787234,8.85744680851064,8.632340425531915,8.632340425531915,-0.05872340425531915,40.0,
2018-12-27,41373.0,369062.0,8.808510638297872,8.808510638297872,8.65191489361702,8.661702127659574,0.029361702127659574,25.0,
2018-12-28,23014.0,205118.0,8.671489361702127,8.76936170212766,8.671489361702127,8.710638297872341,0.04893617021276596,19.0,
2019-01-02,67007.0,595936.0,8.710638297872341,8.788936170212766,8.642127659574468,8.691063829787234,-0.01957446808510638,34.0,
2019-01-03,35478.0,312743.0,8.691063829787234,8.691063829787234,8.61276595744681,8.622553191489361,-0.06851063829787235,21.0,
2019-01-04,62002.0,536136.0,8.622553191489361,8.622553191489361,8.338723404255319,8.446382978723404,-0.17617021276595743,46.0,
2019-01-07,42287.0,369325.0,8.602978723404254,8.602978723404254,8.475744680851063,8.55404255319149,0.1076595744680851,27.0,
2019-01-08,54000.0,473040.0,8.759574468085106,8.759574468085106,8.544255319148936,8.544255319148936,-0.00978723404255319,36.0,
2019-01-09,27005.0,237802.0,8.583404255319149,8.68127659574468,8.583404255319149,8.661702127659574,0.1174468085106383,17.0,
2019-01-10,110004.0,971492.0,8.661702127659574,8.720425531914893,8.563829787234042,8.642127659574468,-0.01957446808510638,49.0,
2019-01-11,64490.0,566382.0,8.61276595744681,8.691063829787234,8.534468085106383,8.602978723404254,-0.03914893617021276,46.0,
2019-01-14,81209.0,712332.0,8.61276595744681,8.622553191489361,8.514893617021276,8.514893617021276,-0.08808510638297871,41.0,
2019-01-15,52121.0,458979.0,8.534468085106383,8.68127659574468,8.534468085106383,8.573617021276595,0.05872340425531915,34.0,
2019-01-16,130329.0,1151064.0,8.61276595744681,8.759574468085106,8.563829787234042,8.61276595744681,0.03914893617021276,66.0,
2019-01-17,94225.0,834529.0,8.632340425531915,8.710638297872341,8.622553191489361,8.632340425531915,0.01957446808510638,53.0,
2019-01-18,75815.0,667776.0,8.534468085106383,8.79872340425532,8.534468085106383,8.661702127659574,0.029361702127659574,57.0,
2019-01-21,718458.0,6640261.0,8.83787234042553,9.2,8.808510638297872,9.08255319148936,0.4208510638297872,309.0,
2019-01-22,177038.0,1623108.0,9.180425531914894,9.180425531914894,8.83787234042553,8.85744680851064,-0.2251063829787234,107.0,
2019-01-23,126616.0,1137163.0,8.808510638297872,8.925957446808509,8.759574468085106,8.759574468085106,-0.09787234042553192,76.0,
2019-01-24,51024.0,456366.0,8.759574468085106,8.818297872340425,8.730212765957447,8.730212765957447,-0.029361702127659574,47.0,
2019-01-25,70002.0,629216.0,8.89659574468085,8.89659574468085,8.759574468085106,8.759574468085106,0.029361702127659574,56.0,
2019-01-28,781018.0,7103102.0,8.788936170212766,8.95531914893617,8.788936170212766,8.877021276595745,0.1174468085106383,159.0,
2019-01-29,135012.0,1220558.0,8.85744680851064,8.916170212765957,8.788936170212766,8.808510638297872,-0.06851063829787235,50.0,
2019-01-30,47325.0,425833.0,8.808510638297872,8.85744680851064,8.779148936170213,8.779148936170213,-0.029361702127659574,34.0,
2019-02-11,35021.0,314459.0,8.749787234042552,8.89659574468085,8.749787234042552,8.808510638297872,0.029361702127659574,44.0,
2019-02-12,115323.0,1038337.0,8.788936170212766,8.867234042553191,8.710638297872341,8.867234042553191,0.05872340425531915,56.0,
2019-02-13,762563.0,6972885.0,8.886808510638298,9.10212765957447,8.867234042553191,8.965106382978723,0.09787234042553192,194.0,
2019-02-14,254319.0,2328951.0,8.867234042553191,9.023829787234042,8.867234042553191,9.004255319148935,0.03914893617021276,105.0,
2019-02-15,608406.0,5771494.0,9.552340425531915,9.57191489361702,9.10212765957447,9.151063829787233,0.14680851063829786,287.0,
2019-02-18,719307.0,6859527.0,9.278297872340426,9.454468085106383,9.258723404255319,9.32723404255319,0.17617021276595743,254.0,
2019-02-19,318501.0,3019829.0,9.317446808510638,9.38595744680851,9.2,9.268510638297872,-0.05872340425531915,111.0,
2019-02-20,1379018.0,13317678.0,9.268510638297872,9.591489361702129,9.258723404255319,9.434893617021277,0.16638297872340427,307.0,
2019-02-21,548006.0,5355404.0,9.493617021276595,9.640425531914893,9.44468085106383,9.60127659574468,0.16638297872340427,234.0,
2019-02-22,1866047.0,19805731.0,9.650212765957447,10.52127659574468,9.650212765957447,10.52127659574468,0.9199999999999999,787.0,
2019-02-25,2150116.0,25355764.0,11.548936170212766,11.548936170212766,11.353191489361702,11.548936170212766,1.0276595744680852,632.0,
2019-02-26,3327625.0,39536602.0,11.842553191489362,12.08723404255319,11.353191489361702,11.451063829787232,-0.09787234042553192,1449.0,
2019-02-27,1184752.0,13746758.0,11.597872340425532,11.597872340425532,11.108510638297872,11.548936170212766,0.09787234042553192,548.0,
2019-03-04,751023.0,8716003.0,11.646808510638298,11.646808510638298,11.059574468085106,11.304255319148936,-0.24468085106382978,423.0,
2019-03-05,1558203.0,18450675.0,11.304255319148936,11.842553191489362,11.25531914893617,11.304255319148936,0.0,702.0,
2019-03-06,470180.0,5381393.0,11.25531914893617,11.451063829787232,11.01063829787234,11.206382978723402,-0.09787234042553192,298.0,
2019-03-07,533273.0,5973653.0,11.206382978723402,11.206382978723402,10.76595744680851,10.814893617021276,-0.39148936170212767,268.0,
2019-03-08,4437000.0,53027500.0,11.206382978723402,11.891489361702128,11.157446808510638,11.891489361702128,1.0765957446808512,1713.0,
2019-03-11,7504188.0,96490656.0,11.98936170212766,13.06595744680851,11.793617021276596,13.017021276595745,1.125531914893617,3127.0,
2019-03-12,2774952.0,35909126.0,12.772340425531915,12.870212765957447,12.429787234042552,12.82127659574468,-0.19574468085106383,1277.0,
2019-03-13,2661382.0,35619246.0,12.772340425531915,13.555319148936169,12.57659574468085,13.31063829787234,0.48936170212765956,1251.0,
2019-03-14,2259372.0,29807538.0,13.555319148936169,13.555319148936169,12.527659574468085,12.527659574468085,-0.7829787234042553,1087.0,
2019-03-15,872257.0,11146657.0,12.47872340425532,12.674468085106382,12.282978723404256,12.527659574468085,0.0,449.0,
2019-03-18,564492.0,7116739.0,12.429787234042552,12.527659574468085,12.282978723404256,12.380851063829788,-0.14680851063829786,318.0,
2019-03-19,1155822.0,14768685.0,12.47872340425532,12.625531914893617,12.33191489361702,12.33191489361702,-0.04893617021276596,497.0,
2019-03-20,681517.0,8524604.0,12.527659574468085,12.527659574468085,11.98936170212766,12.380851063829788,0.04893617021276596,358.0,
2019-03-21,509083.0,6461141.0,12.527659574468085,12.527659574468085,12.23404255319149,12.282978723404256,-0.09787234042553192,280.0,
2019-03-22,1612644.0,20561011.0,12.47872340425532,12.72340425531915,12.23404255319149,12.23404255319149,-0.04893617021276596,625.0,
2019-03-25,883418.0,10537181.0,11.891489361702128,11.940425531914892,11.5,11.5,-0.7340425531914894,584.0,
2019-03-26,318703.0,3783413.0,11.5,11.74468085106383,11.5,11.548936170212766,0.04893617021276596,229.0,
2019-03-27,472060.0,5609696.0,11.597872340425532,11.74468085106383,11.5,11.646808510638298,0.09787234042553192,225.0,
2019-03-28,996187.0,11717783.0,11.646808510638298,11.74468085106383,11.25531914893617,11.25531914893617,-0.39148936170212767,403.0,
2019-03-29,409358.0,4656936.0,11.25531914893617,11.353191489361702,11.01063829787234,11.157446808510638,-0.09787234042553192,254.0,
2019-04-01,949510.0,10592310.0,11.206382978723402,11.304255319148936,10.76595744680851,10.76595744680851,-0.39148936170212767,461.0,
2019-04-02,918731.0,10176441.0,10.76595744680851,11.01063829787234,10.76595744680851,10.76595744680851,0.0,398.0,
2019-04-03,1368305.0,15927791.0,10.863829787234042,11.793617021276596,10.814893617021276,11.5,0.7340425531914894,809.0,
2019-04-08,734608.0,8694861.0,11.793617021276596,11.793617021276596,11.451063829787232,11.548936170212766,0.04893617021276596,440.0,
2019-04-09,454055.0,5295423.0,11.646808510638298,11.646808510638298,11.353191489361702,11.402127659574468,-0.14680851063829786,216.0,
2019-04-10,334222.0,3860040.0,11.25531914893617,11.451063829787232,11.206382978723402,11.353191489361702,-0.04893617021276596,223.0,
2019-04-11,357076.0,4132010.0,11.451063829787232,11.548936170212766,11.157446808510638,11.157446808510638,-0.19574468085106383,201.0,
2019-04-12,203016.0,2310279.0,11.157446808510638,11.206382978723402,11.059574468085106,11.108510638297872,-0.04893617021276596,97.0,
2019-04-15,320645.0,3681315.0,11.157446808510638,11.402127659574468,11.059574468085106,11.304255319148936,0.19574468085106383,164.0,
2019-04-16,1226786.0,14549817.0,11.353191489361702,11.74468085106383,11.353191489361702,11.646808510638298,0.3425531914893617,449.0,
2019-04-17,700119.0,8300428.0,11.793617021276596,11.842553191489362,11.402127659574468,11.402127659574468,-0.24468085106382978,327.0,
2019-04-18,383187.0,4429826.0,11.402127659574468,11.548936170212766,11.108510638297872,11.25531914893617,-0.14680851063829786,207.0,
2019-04-19,155007.0,1780027.0,11.25531914893617,11.304255319148936,11.157446808510638,11.206382978723402,-0.04893617021276596,97.0,
2019-04-22,463011.0,5268972.0,11.25531914893617,11.304255319148936,11.01063829787234,11.108510638297872,-0.09787234042553192,201.0,
2019-04-23,1150857.0,13380124.0,11.25531914893617,11.548936170212766,11.108510638297872,11.5,0.39148936170212767,391.0,
2019-04-24,638000.0,7447150.0,11.5,11.548936170212766,11.25531914893617,11.25531914893617,-0.24468085106382978,294.0,
2019-04-25,282601.0,3287961.0,11.353191489361702,11.5,11.25531914893617,11.25531914893617,0.0,166.0,
2019-04-26,199001.0,2259061.0,11.25531914893617,11.25531914893617,11.059574468085106,11.059574468085106,-0.19574468085106383,108.0,
2019-04-29,335004.0,3723244.0,11.01063829787234,11.059574468085106,10.717021276595744,10.912765957446808,-0.14680851063829786,181.0,
2019-04-30,174735.0,1963894.0,10.961702127659574,11.108510638297872,10.912765957446808,10.961702127659574,0.04893617021276596,80.0,
2019-05-02,244281.0,2739709.0,10.961702127659574,11.059574468085106,10.912765957446808,11.01063829787234,0.04893617021276596,111.0,
2019-05-03,435073.0,4972581.0,11.206382978723402,11.25531914893617,11.059574468085106,11.206382978723402,0.19574468085106383,205.0,
2019-05-06,385882.0,4293052.0,11.206382978723402,11.206382978723402,10.76595744680851,10.814893617021276,-0.39148936170212767,171.0,
2019-05-07,279001.0,3115811.0,10.76595744680851,11.059574468085106,10.76595744680851,10.912765957446808,0.09787234042553192,129.0,
2019-05-08,539171.0,5832477.0,10.76595744680851,10.912765957446808,10.423404255319149,10.472340425531915,-0.4404255319148936,271.0,
2019-05-09,647002.0,6670320.0,10.423404255319149,10.472340425531915,9.757872340425532,9.934042553191489,-0.5382978723404256,309.0,
2019-05-10,366002.0,3720920.0,10.080851063829787,10.129787234042553,9.787234042553191,9.885106382978723,-0.04893617021276596,166.0,
2019-05-13,304003.0,3008167.0,9.982978723404255,9.982978723404255,9.591489361702129,9.699148936170213,-0.18595744680851065,146.0,
2019-05-14,266051.0,2617436.0,9.591489361702129,9.738297872340425,9.395744680851063,9.738297872340425,0.03914893617021276,124.0,
2019-05-15,171002.0,1708678.0,9.738297872340425,9.836170212765959,9.738297872340425,9.787234042553191,0.04893617021276596,91.0,
2019-05-16,162324.0,1589721.0,9.787234042553191,9.787234042553191,9.493617021276595,9.581702127659574,-0.205531914893617,104.0,
2019-05-17,270001.0,2585059.0,9.708936170212766,9.718723404255318,9.190212765957448,9.297872340425531,-0.2838297872340425,113.0,
2019-05-20,102061.0,963304.0,9.346808510638299,9.38595744680851,9.111914893617021,9.180425531914894,-0.1174468085106383,61.0,
2019-05-21,422409.0,4146650.0,9.32723404255319,10.03191489361702,9.219574468085106,9.836170212765959,0.6557446808510639,217.0,
2019-05-22,186129.0,1860025.0,9.787234042553191,9.836170212765959,9.699148936170213,9.757872340425532,-0.07829787234042553,102.0,
2019-05-23,198030.0,1972006.0,9.757872340425532,9.836170212765959,9.669787234042554,9.738297872340425,-0.01957446808510638,88.0,
2019-05-24,125001.0,1237869.0,9.708936170212766,9.787234042553191,9.620851063829788,9.620851063829788,-0.1174468085106383,56.0,
2019-05-27,247315.0,2426365.0,9.620851063829788,9.767659574468086,9.474042553191488,9.503404255319149,-0.1174468085106383,137.0,
2019-05-28,65387.0,643289.0,9.679574468085107,9.689361702127659,9.591489361702129,9.689361702127659,0.18595744680851065,39.0,
2019-05-29,1196005.0,12153239.0,9.689361702127659,10.080851063829787,9.611063829787234,9.728510638297871,0.03914893617021276,328.0,
2019-05-30,185528.0,1859480.0,9.836170212765959,9.885106382978723,9.787234042553191,9.787234042553191,0.05872340425531915,88.0,
2019-05-31,237203.0,2401350.0,9.885106382978723,10.03191489361702,9.787234042553191,9.934042553191489,0.14680851063829786,148.0,
2019-06-03,149006.0,1494610.0,9.836170212765959,9.934042553191489,9.738297872340425,9.767659574468086,-0.16638297872340427,75.0,
2019-06-04,133070.0,1328327.0,9.787234042553191,9.885106382978723,9.699148936170213,9.708936170212766,-0.05872340425531915,72.0,
2019-06-05,96146.0,960571.0,9.787234042553191,9.885106382978723,9.708936170212766,9.748085106382979,0.03914893617021276,52.0,
2019-06-06,114205.0,1133448.0,9.689361702127659,9.767659574468086,9.63063829787234,9.659999999999998,-0.08808510638297871,64.0,
2019-06-10,125185.0,1241085.0,9.738297872340425,9.738297872340425,9.650212765957447,9.669787234042554,0.00978723404255319,62.0,
2019-06-11,134875.0,1346679.0,9.708936170212766,9.836170212765959,9.689361702127659,9.757872340425532,0.08808510638297871,75.0,
2019-06-12,297161.0,3005048.0,9.787234042553191,10.080851063829787,9.787234042553191,9.787234042553191,0.029361702127659574,176.0,
2019-06-13,94760.0,951474.0,9.885106382978723,9.982978723404255,9.787234042553191,9.787234042553191,0.0,42.0,
2019-06-14,83023.0,832292.0,9.787234042553191,9.885106382978723,9.777446808510637,9.777446808510637,-0.00978723404255319,56.0,
2019-06-17,174275.0,1765575.0,9.934042553191489,9.982978723404255,9.748085106382979,9.982978723404255,0.205531914893617,100.0,
2019-06-18,357002.0,3646168.0,10.03191489361702,10.080851063829787,9.787234042553191,9.787234042553191,-0.19574468085106383,138.0,
2019-06-19,290001.0,2914219.0,9.934042553191489,9.934042553191489,9.777446808510637,9.787234042553191,0.0,130.0,
2019-06-20,122180.0,1234691.0,9.885106382978723,9.934042553191489,9.787234042553191,9.787234042553191,0.0,48.0,
2019-06-21,212322.0,2141857.0,9.885106382978723,9.982978723404255,9.787234042553191,9.787234042553191,0.0,83.0,
2019-06-24,359171.0,3641226.0,9.787234042553191,9.982978723404255,9.787234042553191,9.934042553191489,0.14680851063829786,159.0,
2019-06-25,172633.0,1750930.0,9.934042553191489,10.03191489361702,9.836170212765959,9.885106382978723,-0.04893617021276596,75.0,
2019-06-26,66709.0,666344.0,9.885106382978723,9.885106382978723,9.738297872340425,9.748085106382979,-0.1370212765957447,47.0,
2019-06-27,70002.0,700348.0,9.787234042553191,9.836170212765959,9.777446808510637,9.787234042553191,0.03914893617021276,32.0,
2019-06-28,70002.0,699488.0,9.836170212765959,9.836170212765959,9.738297872340425,9.738297872340425,-0.04893617021276596,42.0,
2019-07-01,178076.0,1781648.0,9.885106382978723,9.885106382978723,9.748085106382979,9.748085106382979,0.00978723404255319,80.0,
2019-07-02,721010.0,7290750.0,9.787234042553191,9.982978723404255,9.787234042553191,9.787234042553191,0.03914893617021276,186.0,
2019-07-03,138018.0,1385629.0,9.934042553191489,9.934042553191489,9.787234042553191,9.787234042553191,0.0,77.0,
2019-07-04,144348.0,1453930.0,9.787234042553191,9.885106382978723,9.787234042553191,9.885106382978723,0.09787234042553192,71.0,
2019-07-05,274128.0,2794305.0,9.885106382978723,10.080851063829787,9.836170212765959,10.080851063829787,0.19574468085106383,103.0,
2019-07-08,341282.0,3467983.0,10.080851063829787,10.080851063829787,9.836170212765959,9.836170212765959,-0.24468085106382978,148.0,
2019-07-09,211000.0,2103580.0,9.836170212765959,9.836170212765959,9.699148936170213,9.728510638297871,-0.1076595744680851,90.0,
2019-07-10,121279.0,1210018.0,9.836170212765959,9.836170212765959,9.708936170212766,9.708936170212766,-0.01957446808510638,79.0,
2019-07-11,2153881.0,22954891.0,9.787234042553191,10.668085106382978,9.728510638297871,10.668085106382978,0.9591489361702127,890.0,
2019-07-12,1878311.0,20829521.0,10.668085106382978,11.157446808510638,10.52127659574468,10.76595744680851,0.09787234042553192,1015.0,
2019-07-15,306052.0,3363624.0,10.76595744680851,10.912765957446808,10.619148936170212,10.717021276595744,-0.04893617021276596,162.0,
2019-07-16,816391.0,9068978.0,10.668085106382978,11.01063829787234,10.619148936170212,10.863829787234042,0.14680851063829786,326.0,
2019-07-17,245012.0,2683726.0,10.863829787234042,10.863829787234042,10.619148936170212,10.619148936170212,-0.24468085106382978,147.0,
2019-07-18,248119.0,2690577.0,10.570212765957447,10.76595744680851,10.472340425531915,10.52127659574468,-0.09787234042553192,138.0,
2019-07-19,111263.0,1208463.0,10.570212765957447,10.76595744680851,10.570212765957447,10.570212765957447,0.04893617021276596,73.0,
2019-07-22,422960.0,4587610.0,10.570212765957447,10.814893617021276,10.374468085106383,10.814893617021276,0.24468085106382978,175.0,
2019-07-23,1081688.0,12007193.0,10.863829787234042,11.059574468085106,10.668085106382978,10.717021276595744,-0.09787234042553192,293.0,
2019-07-24,633000.0,7057800.0,10.668085106382978,11.059574468085106,10.668085106382978,10.863829787234042,0.14680851063829786,293.0,
2019-07-25,329010.0,3634302.0,10.912765957446808,10.961702127659574,10.717021276595744,10.717021276595744,-0.14680851063829786,132.0,
2019-07-26,103625.0,1129198.0,10.717021276595744,10.717021276595744,10.619148936170212,10.619148936170212,-0.09787234042553192,68.0,
2019-07-29,117975.0,1280322.0,10.619148936170212,10.668085106382978,10.570212765957447,10.668085106382978,0.04893617021276596,77.0,
2019-07-30,237002.0,2574520.0,10.76595744680851,10.863829787234042,10.472340425531915,10.472340425531915,-0.19574468085106383,133.0,
2019-07-31,197661.0,2145854.0,10.472340425531915,10.76595744680851,10.472340425531915,10.570212765957447,0.09787234042553192,99.0,
2019-08-01,148623.0,1621478.0,10.668085106382978,10.76595744680851,10.52127659574468,10.668085106382978,0.09787234042553192,91.0,
2019-08-02,234300.0,2483919.0,10.668085106382978,10.668085106382978,10.227659574468085,10.227659574468085,-0.4404255319148936,132.0,
2019-08-05,313003.0,3202907.0,10.227659574468085,10.227659574468085,9.748085106382979,9.787234042553191,-0.4404255319148936,145.0,
2019-08-06,208009.0,2057855.0,9.493617021276595,9.836170212765959,9.493617021276595,9.757872340425532,-0.029361702127659574,112.0,
2019-08-07,81002.0,810728.0,9.836170212765959,9.885106382978723,9.738297872340425,9.738297872340425,-0.01957446808510638,43.0,
2019-08-08,123518.0,1249320.0,9.757872340425532,10.03191489361702,9.757872340425532,9.934042553191489,0.19574468085106383,71.0,
2019-08-12,468110.0,4789166.0,9.934042553191489,10.080851063829787,9.787234042553191,9.982978723404255,0.04893617021276596,139.0,
2019-08-13,107420.0,1078833.0,9.982978723404255,9.982978723404255,9.787234042553191,9.787234042553191,-0.19574468085106383,67.0,
2019-08-14,173002.0,1735128.0,9.934042553191489,9.934042553191489,9.767659574468086,9.767659574468086,-0.01957446808510638,79.0,
2019-08-15,131136.0,1304507.0,9.591489361702129,9.885106382978723,9.57191489361702,9.708936170212766,-0.05872340425531915,88.0,
2019-08-16,130000.0,1306660.0,9.757872340425532,9.934042553191489,9.738297872340425,9.787234042553191,0.07829787234042553,63.0,
2019-08-19,276411.0,2807410.0,9.885106382978723,10.03191489361702,9.836170212765959,9.885106382978723,0.09787234042553192,110.0,
2019-08-20,1408477.0,14894507.0,10.03191489361702,10.76595744680851,9.934042553191489,10.374468085106383,0.48936170212765956,441.0,
2019-08-21,351905.0,3617483.0,10.27659574468085,10.325531914893617,9.934042553191489,9.934042553191489,-0.4404255319148936,152.0,
2019-08-22,265452.0,2733659.0,10.080851063829787,10.227659574468085,9.982978723404255,10.03191489361702,0.09787234042553192,138.0,
2019-08-23,127583.0,1315793.0,10.03191489361702,10.178723404255319,10.03191489361702,10.03191489361702,0.0,76.0,
2019-08-26,213025.0,2139401.0,9.885106382978723,9.885106382978723,9.767659574468086,9.885106382978723,-0.14680851063829786,96.0,
2019-08-27,152323.0,1554762.0,9.885106382978723,10.178723404255319,9.885106382978723,9.934042553191489,0.04893617021276596,85.0,
2019-08-28,46177.0,470463.0,9.934042553191489,10.03191489361702,9.934042553191489,9.934042553191489,0.0,29.0,
2019-08-29,62581.0,635167.0,9.934042553191489,9.982978723404255,9.885106382978723,9.982978723404255,0.04893617021276596,46.0,
2019-08-30,1082007.0,11404520.0,10.03191489361702,10.472340425531915,10.03191489361702,10.129787234042553,0.14680851063829786,301.0,
2019-09-02,166010.0,1715050.0,10.227659574468085,10.27659574468085,9.982978723404255,10.03191489361702,-0.09787234042553192,116.0,
2019-09-03,103107.0,1061740.0,10.080851063829787,10.129787234042553,10.03191489361702,10.03191489361702,0.0,52.0,
2019-09-04,163387.0,1702654.0,10.129787234042553,10.27659574468085,10.129787234042553,10.178723404255319,0.14680851063829786,97.0,
2019-09-05,446345.0,4694335.0,10.227659574468085,10.374468085106383,10.227659574468085,10.227659574468085,0.04893617021276596,190.0,
2019-09-06,4476477.0,49871204.0,10.325531914893617,11.206382978723402,10.227659574468085,11.206382978723402,0.9787234042553191,1202.0,
2019-09-09,4216247.0,49103510.0,11.353191489361702,11.695744680851062,11.157446808510638,11.25531914893617,0.04893617021276596,1790.0,
2019-09-10,1010386.0,11395622.0,11.25531914893617,11.402127659574468,10.863829787234042,11.01063829787234,-0.24468085106382978,429.0,
2019-09-11,3014081.0,34771738.0,11.059574468085106,11.548936170212766,11.059574468085106,11.25531914893617,0.24468085106382978,1092.0,
2019-09-12,622017.0,7107443.0,11.25531914893617,11.402127659574468,11.108510638297872,11.108510638297872,-0.14680851063829786,284.0,
2019-09-16,393480.0,4485599.0,11.108510638297872,11.304255319148936,11.059574468085106,11.059574468085106,-0.04893617021276596,197.0,
2019-09-17,311002.0,3503822.0,11.059574468085106,11.157446808510638,10.912765957446808,11.01063829787234,-0.04893617021276596,153.0,
2019-09-18,1182974.0,13530603.0,10.961702127659574,11.402127659574468,10.961702127659574,11.25531914893617,0.24468085106382978,452.0,
2019-09-19,367428.0,4157398.0,11.25531914893617,11.353191489361702,10.961702127659574,10.961702127659574,-0.2936170212765957,212.0,
2019-09-20,3789293.0,45136857.0,10.961702127659574,11.940425531914892,10.961702127659574,11.842553191489362,0.8808510638297872,1751.0,
2019-09-23,3650284.0,44497271.0,11.842553191489362,12.185106382978722,11.74468085106383,11.842553191489362,0.0,1511.0,
2019-09-24,5725053.0,72237901.0,12.038297872340426,12.625531914893617,11.98936170212766,12.08723404255319,0.24468085106382978,2481.0,
2019-09-25,1332153.0,16161486.0,11.891489361702128,12.038297872340426,11.74468085106383,11.793617021276596,-0.2936170212765957,679.0,
2019-09-26,3577452.0,44649454.0,11.940425531914892,12.47872340425532,11.891489361702128,12.08723404255319,0.2936170212765957,1441.0,
2019-09-27,1274001.0,15345062.0,12.08723404255319,12.08723404255319,11.548936170212766,11.74468085106383,-0.3425531914893617,593.0,
2019-10-01,1657146.0,20332315.0,11.940425531914892,12.33191489361702,11.597872340425532,11.940425531914892,0.19574468085106383,728.0,
2019-10-02,2340500.0,29238099.0,12.08723404255319,12.429787234042552,11.842553191489362,12.136170212765958,0.19574468085106383,984.0,
2019-10-03,1798154.0,22742092.0,12.038297872340426,12.527659574468085,12.038297872340426,12.429787234042552,0.2936170212765957,905.0,
2019-10-04,2690001.0,33708362.0,12.380851063829788,12.82127659574468,11.98936170212766,12.038297872340426,-0.39148936170212767,1288.0,
2019-10-07,923100.0,11099240.0,11.940425531914892,12.038297872340426,11.548936170212766,11.646808510638298,-0.39148936170212767,507.0,
2019-10-08,1296005.0,15607108.0,11.793617021276596,11.940425531914892,11.5,11.597872340425532,-0.04893617021276596,469.0,
2019-10-09,857060.0,9811979.0,11.548936170212766,11.548936170212766,11.059574468085106,11.059574468085106,-0.5382978723404256,447.0,
2019-10-14,5318151.0,65493719.0,11.940425531914892,12.136170212765958,11.74468085106383,11.842553191489362,0.7829787234042553,1779.0,
2019-10-15,2170003.0,26183385.0,11.646808510638298,12.038297872340426,11.597872340425532,11.646808510638298,-0.19574468085106383,821.0,
2019-10-16,765003.0,9089683.0,11.74468085106383,11.842553191489362,11.5,11.5,-0.14680851063829786,357.0,
2019-10-17,370650.0,4373951.0,11.548936170212766,11.646808510638298,11.5,11.5,0.0,211.0,
2019-10-18,385102.0,4543342.0,11.597872340425532,11.646808510638298,11.5,11.5,0.0,199.0,
2019-10-21,391485.0,4657869.0,11.548936170212766,11.793617021276596,11.5,11.646808510638298,0.14680851063829786,180.0,
2019-10-22,358845.0,4256918.0,11.646808510638298,11.74468085106383,11.548936170212766,11.597872340425532,-0.04893617021276596,161.0,
2019-10-23,1004137.0,12038430.0,11.646808510638298,11.891489361702128,11.597872340425532,11.646808510638298,0.04893617021276596,388.0,
2019-10-24,242001.0,2880511.0,11.74468085106383,11.793617021276596,11.597872340425532,11.597872340425532,-0.04893617021276596,128.0,
2019-10-25,315146.0,3731229.0,11.74468085106383,11.74468085106383,11.548936170212766,11.548936170212766,-0.04893617021276596,157.0,
2019-10-28,553304.0,6624411.0,11.646808510638298,11.842553191489362,11.646808510638298,11.695744680851062,0.14680851063829786,231.0,
2019-10-29,352390.0,4199581.0,11.891489361702128,11.891489361702128,11.548936170212766,11.548936170212766,-0.14680851063829786,175.0,
2019-10-30,224257.0,2673845.0,11.646808510638298,11.74468085106383,11.597872340425532,11.646808510638298,0.09787234042553192,123.0,
2019-10-31,254138.0,3004764.0,11.74468085106383,11.74468085106383,11.5,11.5,-0.14680851063829786,135.0,
2019-11-01,281920.0,3301112.0,11.5,11.548936170212766,11.402127659574468,11.5,0.0,152.0,
2019-11-04,220319.0,2595811.0,11.548936170212766,11.695744680851062,11.451063829787232,11.451063829787232,-0.04893617021276596,115.0,
2019-11-05,1511381.0,18154244.0,11.451063829787232,11.842553191489362,11.451063829787232,11.597872340425532,0.14680851063829786,481.0,
2019-11-06,419204.0,5000674.0,11.597872340425532,11.74468085106383,11.597872340425532,11.695744680851062,0.09787234042553192,163.0,
2019-11-07,183627.0,2176396.0,11.793617021276596,11.793617021276596,11.5,11.548936170212766,-0.14680851063829786,124.0,
2019-11-08,323395.0,3796120.0,11.597872340425532,11.646808510638298,11.353191489361702,11.5,-0.04893617021276596,154.0,
2019-11-11,345100.0,3978949.0,11.5,11.5,11.157446808510638,11.25531914893617,-0.24468085106382978,180.0,
2019-11-12,550997.0,6552962.0,11.646808510638298,11.74468085106383,11.548936170212766,11.548936170212766,0.2936170212765957,276.0,
2019-11-13,1249266.0,14307254.0,11.5,11.597872340425532,10.961702127659574,11.059574468085106,-0.48936170212765956,694.0,
2019-11-14,421023.0,4778962.0,11.206382978723402,11.25531914893617,10.961702127659574,11.206382978723402,0.14680851063829786,220.0,
2019-11-15,204908.0,2356151.0,11.157446808510638,11.304255319148936,11.157446808510638,11.206382978723402,0.0,95.0,
2019-11-18,335366.0,3861225.0,11.108510638297872,11.353191489361702,11.108510638297872,11.353191489361702,0.14680851063829786,155.0,
2019-11-19,353124.0,4139643.0,11.353191489361702,11.548936170212766,11.353191489361702,11.451063829787232,0.09787234042553192,183.0,
2019-11-20,192975.0,2238953.0,11.5,11.5,11.25531914893617,11.353191489361702,-0.09787234042553192,108.0,
2019-11-21,189018.0,2161056.0,11.25531914893617,11.25531914893617,11.108510638297872,11.206382978723402,-0.14680851063829786,118.0,
2019-11-22,103001.0,1187311.0,11.353191489361702,11.353191489361702,11.206382978723402,11.304255319148936,0.09787234042553192,61.0,
2019-11-25,184564.0,2149441.0,11.304255319148936,11.451063829787232,11.304255319148936,11.402127659574468,0.09787234042553192,105.0,
2019-11-26,1059000.0,12565250.0,11.5,11.695744680851062,11.5,11.646808510638298,0.24468085106382978,353.0,
2019-11-27,540849.0,6457567.0,11.74468085106383,11.74468085106383,11.597872340425532,11.597872340425532,-0.04893617021276596,242.0,
2019-11-28,417527.0,4984719.0,11.646808510638298,11.74468085106383,11.548936170212766,11.74468085106383,0.14680851063829786,205.0,
2019-11-29,935660.0,11237268.0,11.842553191489362,12.038297872340426,11.548936170212766,11.548936170212766,-0.19574468085106383,433.0,
2019-12-02,479551.0,5587308.0,11.74468085106383,11.74468085106383,11.25531914893617,11.25531914893617,-0.2936170212765957,229.0,
2019-12-03,205377.0,2364553.0,11.25531914893617,11.353191489361702,11.157446808510638,11.353191489361702,0.09787234042553192,86.0,
2019-12-04,117277.0,1347220.0,11.25531914893617,11.304255319148936,11.206382978723402,11.25531914893617,-0.09787234042553192,63.0,
2019-12-05,179260.0,2097040.0,11.353191489361702,11.5,11.353191489361702,11.451063829787232,0.19574468085106383,107.0,
2019-12-06,277065.0,3240503.0,11.548936170212766,11.548936170212766,11.353191489361702,11.402127659574468,-0.04893617021276596,122.0,
2019-12-09,252301.0,2959620.0,11.5,11.548936170212766,11.353191489361702,11.5,0.09787234042553192,122.0,
2019-12-10,127004.0,1489194.0,11.402127659574468,11.5,11.402127659574468,11.5,0.0,58.0,
2019-12-11,2859001.0,33972611.0,11.353191489361702,11.842553191489362,11.25531914893617,11.548936170212766,0.04893617021276596,609.0,
2019-12-12,654266.0,7753686.0,11.74468085106383,11.74468085106383,11.402127659574468,11.646808510638298,0.09787234042553192,267.0,
2019-12-13,1129450.0,12971850.0,11.646808510638298,11.695744680851062,11.108510638297872,11.108510638297872,-0.5382978723404256,431.0,
2019-12-16,359000.0,4087798.0,11.108510638297872,11.25531914893617,11.108510638297872,11.108510638297872,0.0,192.0,
2019-12-17,327881.0,3758890.0,11.157446808510638,11.353191489361702,11.157446808510638,11.206382978723402,0.09787234042553192,148.0,
2019-12-18,343649.0,3913982.0,11.25531914893617,11.25531914893617,11.059574468085106,11.108510638297872,-0.09787234042553192,157.0,
2019-12-19,230575.0,2613497.0,11.108510638297872,11.157446808510638,11.01063829787234,11.108510638297872,0.0,116.0,
2019-12-20,206004.0,2333445.0,11.059574468085106,11.157446808510638,11.059574468085106,11.157446808510638,0.04893617021276596,100.0,
2019-12-23,167263.0,1896756.0,11.108510638297872,11.206382978723402,11.059574468085106,11.059574468085106,-0.09787234042553192,92.0,
2019-12-24,1911394.0,22091290.0,11.157446808510638,11.402127659574468,11.059574468085106,11.206382978723402,0.14680851063829786,420.0,
2019-12-25,171147.0,1951367.0,11.206382978723402,11.206382978723402,11.108510638297872,11.157446808510638,-0.04893617021276596,77.0,
2019-12-26,250309.0,2856435.0,11.157446808510638,11.25531914893617,11.059574468085106,11.108510638297872,-0.04893617021276596,135.0,
2019-12-27,1416499.0,16693010.0,11.108510638297872,11.842553191489362,11.108510638297872,11.353191489361702,0.24468085106382978,734.0,
2019-12-30,246404.0,2838144.0,11.353191489361702,11.353191489361702,11.206382978723402,11.206382978723402,-0.14680851063829786,144.0,
2019-12-31,167341.0,1914270.0,11.206382978723402,11.304255319148936,11.157446808510638,11.157446808510638,-0.04893617021276596,96.0,
2020-01-02,292447.0,3333619.0,11.206382978723402,11.304255319148936,11.108510638297872,11.108510638297872,-0.04893617021276596,157.0,
2020-01-03,301997.0,3429315.0,11.108510638297872,11.206382978723402,11.059574468085106,11.108510638297872,0.0,162.0,
2020-01-06,231001.0,2576561.0,11.059574468085106,11.059574468085106,10.814893617021276,10.912765957446808,-0.19574468085106383,136.0,
2020-01-07,274252.0,3015933.0,10.961702127659574,10.961702127659574,10.668085106382978,10.717021276595744,-0.19574468085106383,143.0,
2020-01-08,242350.0,2601930.0,10.668085106382978,10.668085106382978,10.325531914893617,10.472340425531915,-0.24468085106382978,139.0,
2020-01-09,189423.0,2044167.0,10.472340425531915,10.619148936170212,10.472340425531915,10.619148936170212,0.14680851063829786,96.0,
2020-01-10,150646.0,1626959.0,10.668085106382978,10.668085106382978,10.472340425531915,10.570212765957447,-0.04893617021276596,86.0,
2020-01-13,184715.0,2004291.0,10.619148936170212,10.668085106382978,10.570212765957447,10.668085106382978,0.09787234042553192,102.0,
2020-01-14,268781.0,2910803.0,10.717021276595744,10.717021276595744,10.472340425531915,10.570212765957447,-0.09787234042553192,154.0,
2020-01-15,161090.0,1741771.0,10.619148936170212,10.619148936170212,10.52127659574468,10.570212765957447,0.0,66.0,
2020-01-16,58170.0,626922.0,10.570212765957447,10.619148936170212,10.52127659574468,10.52127659574468,-0.04893617021276596,45.0,
2020-01-17,120235.0,1293835.0,10.472340425531915,10.619148936170212,10.472340425531915,10.570212765957447,0.04893617021276596,59.0,
2020-01-20,114849.0,1242121.0,10.570212765957447,10.668085106382978,10.570212765957447,10.570212765957447,0.0,74.0,
2020-01-30,474009.0,4656935.0,9.836170212765959,9.885106382978723,9.513191489361702,9.513191489361702,-1.0570212765957447,237.0,
2020-01-31,289011.0,2804784.0,9.425106382978724,9.689361702127659,9.395744680851063,9.552340425531915,0.03914893617021276,168.0,
2020-02-03,285036.0,2653132.0,9.513191489361702,9.513191489361702,8.925957446808509,9.14127659574468,-0.411063829787234,138.0,
2020-02-04,187068.0,1774576.0,9.219574468085106,9.493617021276595,9.033617021276596,9.38595744680851,0.24468085106382978,137.0,
2020-02-05,227016.0,2176657.0,9.522978723404256,9.522978723404256,9.317446808510638,9.346808510638299,-0.03914893617021276,133.0,
2020-02-06,1696404.0,16308050.0,9.346808510638299,9.611063829787234,9.337021276595744,9.337021276595744,-0.00978723404255319,433.0,
2020-02-07,252081.0,2358031.0,9.337021276595744,9.337021276595744,9.033617021276596,9.04340425531915,-0.2936170212765957,167.0,
2020-02-10,175133.0,1606164.0,9.004255319148935,9.092340425531914,8.867234042553191,8.994468085106382,-0.04893617021276596,95.0,
2020-02-11,147008.0,1363972.0,9.14127659574468,9.14127659574468,9.01404255319149,9.08255319148936,0.08808510638297871,75.0,
2020-02-12,540072.0,5019680.0,9.08255319148936,9.229361702127658,9.062978723404255,9.08255319148936,0.0,190.0,
2020-02-13,227010.0,2112880.0,9.111914893617021,9.190212765957448,9.062978723404255,9.062978723404255,-0.01957446808510638,110.0,
2020-02-14,193042.0,1790959.0,9.004255319148935,9.180425531914894,8.98468085106383,9.092340425531914,0.029361702127659574,96.0,
2020-02-17,332764.0,3087421.0,9.092340425531914,9.14127659574468,9.01404255319149,9.062978723404255,-0.029361702127659574,138.0,
2020-02-18,151046.0,1401374.0,9.10212765957447,9.10212765957447,9.023829787234042,9.10212765957447,0.03914893617021276,86.0,
2020-02-19,269042.0,2532257.0,9.10212765957447,9.278297872340426,9.10212765957447,9.268510638297872,0.16638297872340427,145.0,
2020-02-20,202260.0,1920405.0,9.28808510638298,9.346808510638299,9.219574468085106,9.297872340425531,0.029361702127659574,107.0,
2020-02-21,330460.0,3173496.0,9.219574468085106,9.483829787234042,9.209787234042553,9.454468085106383,0.15659574468085105,227.0,
2020-02-24,307042.0,2933223.0,9.346808510638299,9.434893617021277,9.239148936170212,9.297872340425531,-0.15659574468085105,128.0,
2020-02-25,212017.0,1994908.0,9.160851063829787,9.44468085106383,9.131489361702128,9.317446808510638,0.01957446808510638,122.0,
2020-02-26,129011.0,1226109.0,9.170638297872339,9.366382978723404,9.170638297872339,9.258723404255319,-0.05872340425531915,53.0,
2020-02-27,353170.0,3287490.0,9.297872340425531,9.307659574468085,8.98468085106383,9.01404255319149,-0.24468085106382978,146.0,
2020-03-02,275168.0,2467874.0,8.808510638297872,9.004255319148935,8.475744680851063,8.828085106382979,-0.18595744680851065,180.0,
2020-03-03,172198.0,1585175.0,8.877021276595745,9.131489361702128,8.877021276595745,8.994468085106382,0.16638297872340427,91.0,
2020-03-04,253160.0,2332130.0,9.004255319148935,9.160851063829787,8.867234042553191,9.160851063829787,0.16638297872340427,120.0,
2020-03-05,52223.0,490625.0,9.297872340425531,9.297872340425531,9.160851063829787,9.180425531914894,0.01957446808510638,57.0,
2020-03-06,148412.0,1363927.0,9.121702127659574,9.121702127659574,8.867234042553191,9.053191489361701,-0.12723404255319148,74.0,
2020-03-09,473035.0,4241352.0,9.08255319148936,9.08255319148936,8.514893617021276,8.534468085106383,-0.5187234042553192,259.0,
2020-03-10,1194018.0,9689514.0,7.810212765957447,8.25063829787234,7.810212765957447,8.231063829787233,-0.30340425531914894,346.0,
2020-03-11,338031.0,2826528.0,8.270212765957446,8.328936170212765,8.074468085106382,8.084255319148935,-0.14680851063829786,159.0,
2020-03-12,729022.0,5657843.0,8.025531914893616,8.045106382978723,7.399148936170212,7.448085106382979,-0.6361702127659574,300.0,
2020-03-13,954306.0,6559850.0,6.792340425531915,6.841276595744681,6.704255319148936,6.802127659574468,-0.6459574468085106,343.0,
2020-03-16,305001.0,2081407.0,6.831489361702128,7.027234042553191,6.430212765957447,6.479148936170213,-0.3229787234042553,118.0,
2020-03-17,1059005.0,6385675.0,5.833191489361702,6.214893617021276,5.833191489361702,5.833191489361702,-0.6459574468085106,327.0,
2020-03-18,497000.0,3088920.0,6.019148936170213,6.3421276595744684,5.872340425531915,6.0289361702127655,0.19574468085106383,203.0,
2020-03-19,1123444.0,6404776.0,6.0289361702127655,6.038723404255319,5.431914893617021,5.52,-0.5089361702127659,383.0,
2020-03-20,438005.0,2693840.0,5.627659574468085,6.068085106382979,5.627659574468085,6.068085106382979,0.5480851063829788,179.0,
2020-03-23,156389.0,932627.0,5.480851063829787,6.068085106382979,5.480851063829787,5.970212765957446,-0.09787234042553192,98.0,
2020-03-24,215000.0,1370690.0,6.16595744680851,6.312765957446809,6.16595744680851,6.263829787234043,0.2936170212765957,80.0,
2020-03-25,217078.0,1455421.0,6.518297872340425,6.65531914893617,6.391063829787234,6.586808510638298,0.3229787234042553,120.0,
2020-03-26,207313.0,1379539.0,6.586808510638298,6.694468085106383,6.371489361702127,6.528085106382979,-0.05872340425531915,113.0,
2020-03-27,292037.0,1985259.0,6.723829787234043,6.782553191489361,6.5378723404255314,6.606382978723404,0.07829787234042553,118.0,
2020-03-30,112058.0,748148.0,6.41063829787234,6.62595744680851,6.371489361702127,6.616170212765957,0.00978723404255319,76.0,
2020-03-31,83000.0,563500.0,6.616170212765957,6.704255319148936,6.616170212765957,6.635744680851064,0.01957446808510638,41.0,
2020-04-01,283000.0,1947120.0,6.479148936170213,6.8510638297872335,6.479148936170213,6.743404255319148,0.1076595744680851,100.0,
2020-04-06,210000.0,1457320.0,6.8510638297872335,6.860851063829787,6.743404255319148,6.811914893617021,0.06851063829787235,78.0,
2020-04-07,341000.0,2396480.0,6.87063829787234,6.929361702127659,6.831489361702128,6.87063829787234,0.05872340425531915,137.0,
2020-04-08,571112.0,4117789.0,6.87063829787234,7.252340425531915,6.87063829787234,7.203404255319149,0.33276595744680854,257.0,
2020-04-09,587751.0,4294691.0,7.213191489361702,7.340425531914893,7.037021276595745,7.066382978723404,-0.1370212765957447,293.0,
2020-04-10,154202.0,1116247.0,7.027234042553191,7.144680851063829,7.027234042553191,7.11531914893617,0.04893617021276596,133.0,
2020-04-13,292037.0,2109605.0,7.134893617021277,7.154468085106382,6.978297872340425,6.997872340425532,-0.1174468085106383,143.0,
2020-04-14,342239.0,2480478.0,7.11531914893617,7.125106382978723,7.066382978723404,7.076170212765958,0.07829787234042553,280.0,
2020-04-15,892000.0,6526820.0,7.105531914893617,7.203404255319149,7.105531914893617,7.174042553191489,0.09787234042553192,295.0,
2020-04-16,311576.0,2277917.0,7.105531914893617,7.213191489361702,7.085957446808511,7.193617021276595,0.01957446808510638,237.0,
2020-04-17,743581.0,5538207.0,7.271914893617021,7.350212765957447,7.203404255319149,7.271914893617021,0.07829787234042553,326.0,
2020-04-20,406794.0,3102977.0,7.340425531914893,7.634042553191489,7.271914893617021,7.634042553191489,0.3621276595744681,278.0,
2020-04-21,411537.0,3105034.0,7.624255319148936,7.682978723404255,7.213191489361702,7.213191489361702,-0.4208510638297872,286.0,
2020-04-22,188002.0,1369054.0,7.105531914893617,7.222978723404255,6.8999999999999995,7.183829787234042,-0.029361702127659574,93.0,
2020-04-23,199124.0,1473834.0,7.222978723404255,7.340425531914893,7.183829787234042,7.252340425531915,0.06851063829787235,102.0,
2020-04-24,102002.0,752424.0,7.2621276595744675,7.2621276595744675,7.183829787234042,7.203404255319149,-0.04893617021276596,47.0,
2020-04-27,248104.0,1865953.0,7.252340425531915,7.467659574468085,7.242553191489362,7.418723404255319,0.2153191489361702,143.0,
2020-04-28,136077.0,1032966.0,7.418723404255319,7.457872340425531,7.369787234042553,7.428510638297872,0.00978723404255319,79.0,
2020-04-29,1203251.0,9551264.0,7.438297872340425,7.9374468085106376,7.438297872340425,7.82,0.39148936170212767,423.0,
2020-04-30,1013708.0,8593482.0,8.426808510638297,8.426808510638297,8.133191489361703,8.25063829787234,0.4306382978723404,376.0,
2020-05-04,315151.0,2638946.0,8.094042553191489,8.328936170212765,7.9570212765957455,8.270212765957446,0.01957446808510638,156.0,
2020-05-05,393432.0,3376658.0,8.280000000000001,8.456170212765958,8.280000000000001,8.417021276595744,0.14680851063829786,161.0,
2020-05-06,256334.0,2217462.0,8.417021276595744,8.602978723404254,8.417021276595744,8.456170212765958,0.03914893617021276,117.0,
2020-05-07,663016.0,5899968.0,8.426808510638297,9.053191489361701,8.426808510638297,8.622553191489361,0.16638297872340427,314.0,
2020-05-08,316003.0,2792664.0,8.808510638297872,8.808510638297872,8.61276595744681,8.61276595744681,-0.00978723404255319,118.0,
2020-05-11,593123.0,5037161.0,8.417021276595744,8.485531914893617,8.191914893617021,8.289787234042553,-0.3229787234042553,246.0,
2020-05-12,304136.0,2548525.0,8.36808510638298,8.36808510638298,8.133191489361703,8.162553191489362,-0.12723404255319148,134.0,
2020-05-13,93110.0,784934.0,8.201702127659575,8.319148936170212,8.201702127659575,8.25063829787234,0.08808510638297871,51.0,
2020-05-14,194001.0,1624598.0,8.25063829787234,8.299574468085106,8.133191489361703,8.231063829787233,-0.01957446808510638,102.0,
2020-05-15,163410.0,1360523.0,8.270212765957446,8.270212765957446,8.06468085106383,8.113617021276594,-0.1174468085106383,89.0,
2020-05-18,282007.0,2298396.0,8.074468085106382,8.142978723404255,7.927659574468085,8.015744680851062,-0.09787234042553192,96.0,
2020-05-19,729248.0,6025418.0,8.12340425531915,8.142978723404255,7.966808510638298,8.015744680851062,0.0,164.0,
2020-05-20,303074.0,2479157.0,8.025531914893616,8.06468085106383,7.9374468085106376,7.966808510638298,-0.04893617021276596,115.0,
2020-05-21,574103.0,4830465.0,8.074468085106382,8.456170212765958,8.074468085106382,8.270212765957446,0.30340425531914894,229.0,
2020-05-22,245001.0,2032648.0,8.270212765957446,8.270212765957446,7.996170212765957,8.00595744680851,-0.2642553191489362,105.0,
2020-05-25,163311.0,1326416.0,7.976595744680851,8.00595744680851,7.8689361702127645,7.976595744680851,-0.029361702127659574,94.0,
2020-05-26,266261.0,2188136.0,8.035319148936171,8.084255319148935,7.986382978723404,8.06468085106383,0.08808510638297871,109.0,
2020-05-27,202001.0,1666788.0,8.113617021276594,8.12340425531915,8.035319148936171,8.074468085106382,0.00978723404255319,87.0,
2020-05-28,1961028.0,16781107.0,8.172340425531914,8.61276595744681,8.152765957446809,8.465957446808511,0.39148936170212767,666.0,
2020-05-29,2919578.0,25726455.0,8.514893617021276,8.788936170212766,8.387659574468085,8.417021276595744,-0.04893617021276596,1084.0,
2020-06-01,375239.0,3208333.0,8.426808510638297,8.426808510638297,8.280000000000001,8.36808510638298,-0.04893617021276596,162.0,
2020-06-02,282155.0,2418126.0,8.377872340425531,8.475744680851063,8.338723404255319,8.358297872340424,-0.00978723404255319,114.0,
2020-06-03,360946.0,3110195.0,8.407234042553192,8.514893617021276,8.377872340425531,8.426808510638297,0.06851063829787235,159.0,
2020-06-04,526281.0,4564642.0,8.446382978723404,8.534468085106383,8.43659574468085,8.475744680851063,0.04893617021276596,149.0,
2020-06-05,284247.0,2479568.0,8.485531914893617,8.5931914893617,8.485531914893617,8.514893617021276,0.03914893617021276,108.0,
2020-06-08,465157.0,4074285.0,8.583404255319149,8.61276595744681,8.524680851063831,8.61276595744681,0.09787234042553192,152.0,
2020-06-09,447151.0,3917622.0,8.61276595744681,8.671489361702127,8.475744680851063,8.505106382978722,-0.1076595744680851,156.0,
2020-06-10,376204.0,3257618.0,8.505106382978722,8.55404255319149,8.417021276595744,8.446382978723404,-0.05872340425531915,130.0,
2020-06-11,1489141.0,12843364.0,8.319148936170212,8.602978723404254,8.191914893617021,8.191914893617021,-0.25446808510638297,347.0,
2020-06-12,275230.0,2236031.0,7.927659574468085,8.074468085106382,7.82,8.025531914893616,-0.16638297872340427,118.0,
2020-06-15,166002.0,1357676.0,8.035319148936171,8.035319148936171,7.976595744680851,7.976595744680851,-0.04893617021276596,84.0,
2020-06-16,250317.0,2063874.0,8.084255319148935,8.142978723404255,7.976595744680851,8.084255319148935,0.1076595744680851,93.0,
2020-06-17,221031.0,1836852.0,8.12340425531915,8.191914893617021,8.084255319148935,8.133191489361703,0.04893617021276596,96.0,
2020-06-18,487251.0,4091495.0,8.172340425531914,8.319148936170212,8.10382978723404,8.319148936170212,0.18595744680851065,200.0,
2020-06-19,522255.0,4440827.0,8.280000000000001,8.417021276595744,8.280000000000001,8.338723404255319,0.01957446808510638,142.0,
2020-06-22,1093760.0,9391560.0,8.338723404255319,8.475744680851063,8.319148936170212,8.338723404255319,0.0,264.0,
2020-06-23,363931.0,3075813.0,8.36808510638298,8.36808510638298,8.133191489361703,8.201702127659575,-0.1370212765957447,121.0,
2020-06-24,126929.0,1066282.0,8.221276595744682,8.270212765957446,8.201702127659575,8.211489361702128,0.00978723404255319,69.0,
2020-06-29,145892.0,1205559.0,8.133191489361703,8.133191489361703,8.054893617021277,8.12340425531915,-0.08808510638297871,81.0,
2020-06-30,91248.0,764010.0,8.142978723404255,8.270212765957446,8.12340425531915,8.221276595744682,0.09787234042553192,60.0,
2020-07-01,383007.0,3260068.0,8.260425531914892,8.377872340425531,8.260425531914892,8.328936170212765,0.1076595744680851,147.0,
2020-07-02,497601.0,4271438.0,8.407234042553192,8.456170212765958,8.328936170212765,8.446382978723404,0.1174468085106383,178.0,
2020-07-03,2740128.0,24169874.0,8.514893617021276,8.945531914893618,8.328936170212765,8.730212765957447,0.2838297872340425,707.0,
2020-07-06,660009.0,5890903.0,8.85744680851064,8.85744680851064,8.61276595744681,8.661702127659574,-0.06851063829787235,287.0,
2020-07-07,1333241.0,11964338.0,8.710638297872341,9.023829787234042,8.61276595744681,8.886808510638298,0.2251063829787234,411.0,
2020-07-08,2290689.0,21723399.0,8.89659574468085,9.493617021276595,8.89659574468085,9.297872340425531,0.411063829787234,694.0,
2020-07-09,1125009.0,10461899.0,9.483829787234042,9.483829787234042,8.808510638297872,8.945531914893618,-0.35234042553191486,452.0,
2020-07-10,717701.0,6410095.0,9.033617021276596,9.062978723404255,8.5931914893617,8.661702127659574,-0.2838297872340425,288.0,
2020-07-13,987545.0,8998186.0,8.808510638297872,9.053191489361701,8.661702127659574,8.95531914893617,0.2936170212765957,266.0,
2020-07-14,409120.0,3710460.0,9.08255319148936,9.08255319148936,8.808510638297872,8.808510638297872,-0.14680851063829786,176.0,
2020-07-15,753142.0,6925687.0,8.828085106382979,9.151063829787233,8.720425531914893,9.151063829787233,0.3425531914893617,239.0,
2020-07-16,862166.0,7986101.0,9.2,9.239148936170212,8.877021276595745,8.95531914893617,-0.19574468085106383,275.0,
2020-07-17,483012.0,4385238.0,8.965106382978723,9.033617021276596,8.749787234042552,8.925957446808509,-0.029361702127659574,203.0,
2020-07-20,6199543.0,60469170.0,9.01404255319149,9.787234042553191,8.710638297872341,9.787234042553191,0.8612765957446809,1224.0,
2020-07-21,5616555.0,56437116.0,9.63063829787234,10.374468085106383,9.552340425531915,9.669787234042554,-0.1174468085106383,1753.0,
2020-07-22,778774.0,7738008.0,9.611063829787234,9.787234042553191,9.611063829787234,9.738297872340425,0.06851063829787235,316.0,
2020-07-23,589753.0,5834420.0,9.836170212765959,9.836170212765959,9.522978723404256,9.757872340425532,0.01957446808510638,224.0,
2020-07-24,938010.0,9279934.0,9.757872340425532,9.934042553191489,9.44468085106383,9.44468085106383,-0.3131914893617021,341.0,
2020-07-27,1026870.0,9903226.0,9.60127659574468,9.620851063829788,9.151063829787233,9.180425531914894,-0.2642553191489362,261.0,
2020-07-28,886070.0,7967483.0,9.2,9.219574468085106,8.61276595744681,8.61276595744681,-0.567659574468085,345.0,
2020-07-29,314490.0,2821649.0,8.632340425531915,8.886808510638298,8.632340425531915,8.700851063829788,0.08808510638297871,94.0,
2020-07-30,211120.0,1892853.0,8.759574468085106,8.818297872340425,8.730212765957447,8.788936170212766,0.08808510638297871,98.0,
2020-07-31,77629.0,696591.0,8.779148936170213,8.935744680851064,8.720425531914893,8.779148936170213,-0.00978723404255319,57.0,
2020-08-03,252351.0,2269159.0,8.788936170212766,8.89659574468085,8.730212765957447,8.808510638297872,0.029361702127659574,95.0,
2020-08-04,1438458.0,13791390.0,8.828085106382979,9.689361702127659,8.828085106382979,9.591489361702129,0.7829787234042553,573.0,
2020-08-05,4164773.0,41647931.0,9.611063829787234,9.982978723404255,9.591489361702129,9.748085106382979,0.15659574468085105,1375.0,
2020-08-06,674366.0,6637207.0,9.669787234042554,9.748085106382979,9.503404255319149,9.503404255319149,-0.24468085106382978,272.0,
2020-08-07,365242.0,3544406.0,9.493617021276595,9.640425531914893,9.454468085106383,9.454468085106383,-0.04893617021276596,155.0,
2020-08-10,313002.0,3034338.0,9.395744680851063,9.620851063829788,9.376170212765958,9.44468085106383,-0.00978723404255319,137.0,
2020-08-11,642003.0,6275107.0,9.591489361702129,9.708936170212766,9.44468085106383,9.591489361702129,0.14680851063829786,201.0,
2020-08-12,1098004.0,10815688.0,9.640425531914893,9.708936170212766,9.522978723404256,9.591489361702129,0.0,289.0,
2020-08-13,275069.0,2694799.0,9.640425531914893,9.640425531914893,9.503404255319149,9.503404255319149,-0.08808510638297871,135.0,
2020-08-14,462096.0,4506585.0,9.503404255319149,9.679574468085107,9.405531914893617,9.620851063829788,0.1174468085106383,204.0,
2020-08-17,1429009.0,14218824.0,9.63063829787234,9.836170212765959,9.60127659574468,9.620851063829788,0.0,325.0,
2020-08-18,285095.0,2812153.0,9.718723404255318,9.728510638297871,9.57191489361702,9.689361702127659,0.06851063829787235,125.0,
2020-08-19,872341.0,8698110.0,9.767659574468086,9.982978723404255,9.591489361702129,9.620851063829788,-0.06851063829787235,345.0,
2020-08-20,644150.0,6006234.0,9.620851063829788,9.63063829787234,8.818297872340425,8.945531914893618,-0.6753191489361702,271.0,
2020-08-21,245999.0,2290009.0,9.08255319148936,9.229361702127658,9.04340425531915,9.14127659574468,0.19574468085106383,112.0,
2020-08-24,240200.0,2263687.0,9.2,9.317446808510638,9.170638297872339,9.2,0.05872340425531915,156.0,
2020-08-25,515999.0,4987880.0,9.297872340425531,9.591489361702129,9.297872340425531,9.434893617021277,0.2348936170212766,213.0,
2020-08-26,350073.0,3363193.0,9.493617021276595,9.493617021276595,9.229361702127658,9.38595744680851,-0.04893617021276596,112.0,
2020-08-27,414888.0,4028881.0,9.395744680851063,9.591489361702129,9.395744680851063,9.542553191489361,0.15659574468085105,179.0,
2020-08-28,850147.0,8338536.0,9.611063829787234,9.689361702127659,9.503404255319149,9.542553191489361,0.0,194.0,
2020-08-31,243076.0,2374649.0,9.581702127659574,9.63063829787234,9.532765957446808,9.532765957446808,-0.00978723404255319,90.0,
2020-09-01,1104869.0,11051162.0,9.532765957446808,10.227659574468085,9.493617021276595,10.03191489361702,0.4991489361702128,298.0,
2020-09-02,3873151.0,40282247.0,10.03191489361702,10.52127659574468,9.787234042553191,10.080851063829787,0.04893617021276596,1159.0,
2020-09-03,4354052.0,47199425.0,10.178723404255319,11.01063829787234,10.129787234042553,10.863829787234042,0.7829787234042553,1450.0,
2020-09-04,3842744.0,42906852.0,10.423404255319149,11.304255319148936,10.423404255319149,11.304255319148936,0.4404255319148936,1152.0,
2020-09-07,4602327.0,53769411.0,11.695744680851062,11.891489361702128,10.814893617021276,10.814893617021276,-0.48936170212765956,1500.0,
2020-09-08,1907734.0,20881651.0,10.863829787234042,11.108510638297872,10.52127659574468,10.52127659574468,-0.2936170212765957,587.0,
2020-09-09,2696399.0,29755595.0,10.27659574468085,11.304255319148936,10.129787234042553,11.157446808510638,0.6361702127659574,745.0,
2020-09-10,1681129.0,18673809.0,11.157446808510638,11.157446808510638,10.619148936170212,10.76595744680851,-0.39148936170212767,610.0,
2020-09-11,5255127.0,58010911.0,10.472340425531915,11.157446808510638,10.178723404255319,10.178723404255319,-0.5872340425531914,1121.0,
2020-09-14,3198535.0,35261243.0,10.227659574468085,11.157446808510638,10.129787234042553,11.157446808510638,0.9787234042553191,845.0,
2020-09-15,27051000.0,311417650.0,11.206382978723402,11.548936170212766,10.814893617021276,10.863829787234042,-0.2936170212765957,3803.0,
2020-09-16,2561090.0,27600416.0,10.76595744680851,11.01063829787234,10.325531914893617,10.52127659574468,-0.3425531914893617,962.0,
2020-09-17,730315.0,7846254.0,10.52127659574468,10.717021276595744,10.423404255319149,10.423404255319149,-0.09787234042553192,315.0,
2020-09-18,662273.0,7136219.0,10.52127659574468,10.717021276595744,10.423404255319149,10.472340425531915,0.04893617021276596,245.0,
2020-09-21,689274.0,7416403.0,10.52127659574468,10.668085106382978,10.423404255319149,10.472340425531915,0.0,258.0,
2020-09-22,658356.0,6897016.0,10.423404255319149,10.52127659574468,10.178723404255319,10.178723404255319,-0.2936170212765957,289.0,
2020-09-23,416092.0,4352160.0,10.27659574468085,10.325531914893617,10.178723404255319,10.227659574468085,0.04893617021276596,192.0,
2020-09-24,856452.0,8621937.0,10.129787234042553,10.129787234042553,9.708936170212766,9.718723404255318,-0.5089361702127659,350.0,
2020-09-25,911003.0,8778767.0,9.885106382978723,9.885106382978723,9.004255319148935,9.10212765957447,-0.6165957446808511,377.0,
2020-09-28,258105.0,2476110.0,9.151063829787233,9.542553191489361,9.151063829787233,9.44468085106383,0.3425531914893617,130.0,
2020-09-29,117001.0,1134449.0,9.542553191489361,9.581702127659574,9.415319148936169,9.425106382978724,-0.01957446808510638,84.0,
2020-09-30,264121.0,2579972.0,9.552340425531915,9.679574468085107,9.415319148936169,9.60127659574468,0.17617021276595743,162.0,
2020-10-05,249110.0,2463896.0,9.738297872340425,9.738297872340425,9.60127659574468,9.689361702127659,0.08808510638297871,136.0,
2020-10-06,401203.0,4050680.0,9.787234042553191,9.982978723404255,9.787234042553191,9.885106382978723,0.19574468085106383,214.0,
2020-10-07,596483.0,6004230.0,9.885106382978723,9.982978723404255,9.787234042553191,9.836170212765959,-0.04893617021276596,160.0,
2020-10-08,227449.0,2290740.0,9.885106382978723,9.934042553191489,9.787234042553191,9.836170212765959,0.0,89.0,
2020-10-12,456223.0,4543425.0,9.787234042553191,9.836170212765959,9.699148936170213,9.699148936170213,-0.1370212765957447,175.0,
2020-10-13,229890.0,2301877.0,9.757872340425532,9.934042553191489,9.640425531914893,9.787234042553191,0.08808510638297871,129.0,
2020-10-14,2496548.0,26688778.0,9.787234042553191,10.76595744680851,9.787234042553191,10.76595744680851,0.9787234042553191,787.0,
2020-10-15,10279450.0,119894037.0,10.961702127659574,11.842553191489362,10.961702127659574,11.059574468085106,0.2936170212765957,3746.0,
2020-10-16,2268492.0,25327261.0,10.863829787234042,11.157446808510638,10.668085106382978,10.961702127659574,-0.09787234042553192,765.0,
2020-10-19,4619983.0,53023205.0,11.059574468085106,11.451063829787232,10.912765957446808,11.157446808510638,0.19574468085106383,1210.0,
2020-10-20,5025059.0,58429821.0,11.059574468085106,11.548936170212766,10.961702127659574,11.25531914893617,0.09787234042553192,1158.0,
2020-10-21,746006.0,8489316.0,11.206382978723402,11.304255319148936,11.01063829787234,11.157446808510638,-0.09787234042553192,345.0,
2020-10-22,497658.0,5622269.0,11.25531914893617,11.25531914893617,10.961702127659574,11.01063829787234,-0.14680851063829786,238.0,
2020-10-23,611100.0,6894324.0,11.01063829787234,11.157446808510638,10.961702127659574,10.961702127659574,-0.04893617021276596,250.0,
2020-10-26,781592.0,8834229.0,10.961702127659574,11.157446808510638,10.961702127659574,11.01063829787234,0.04893617021276596,253.0,
2020-10-27,503124.0,5556014.0,10.912765957446808,10.912765957446808,10.717021276595744,10.814893617021276,-0.19574468085106383,204.0,
2020-10-28,874484.0,9542701.0,10.863829787234042,10.912765957446808,10.423404255319149,10.619148936170212,-0.19574468085106383,309.0,
2020-10-29,429014.0,4559201.0,10.423404255319149,10.570212765957447,10.178723404255319,10.52127659574468,-0.09787234042553192,164.0,
2020-10-30,443008.0,4738634.0,10.570212765957447,10.717021276595744,10.178723404255319,10.325531914893617,-0.19574468085106383,176.0,
2020-11-02,290921.0,3020425.0,10.325531914893617,10.325531914893617,10.080851063829787,10.227659574468085,-0.09787234042553192,139.0,
2020-11-03,580379.0,6271392.0,10.27659574468085,10.863829787234042,10.27659574468085,10.619148936170212,0.39148936170212767,250.0,
2020-11-04,4434134.0,49018299.0,10.717021276595744,10.961702127659574,10.472340425531915,10.619148936170212,0.0,804.0,
2020-11-05,346259.0,3731792.0,10.668085106382978,10.668085106382978,10.472340425531915,10.570212765957447,-0.04893617021276596,149.0,
2020-11-06,413156.0,4484992.0,10.668085106382978,10.76595744680851,10.52127659574468,10.619148936170212,0.04893617021276596,168.0,
2020-11-09,337326.0,3638786.0,10.668085106382978,10.717021276595744,10.472340425531915,10.52127659574468,-0.09787234042553192,147.0,
2020-11-10,486007.0,5191822.0,10.619148936170212,10.619148936170212,10.325531914893617,10.52127659574468,0.0,246.0,
2020-11-11,559005.0,6015900.0,10.472340425531915,10.717021276595744,10.423404255319149,10.570212765957447,0.04893617021276596,245.0,
2020-11-12,308009.0,3305047.0,10.570212765957447,10.619148936170212,10.374468085106383,10.423404255319149,-0.14680851063829786,123.0,
2020-11-13,350003.0,3758331.0,10.52127659574468,10.619148936170212,10.423404255319149,10.570212765957447,0.14680851063829786,120.0,
2020-11-16,447513.0,4853709.0,10.619148936170212,10.668085106382978,10.52127659574468,10.570212765957447,0.0,205.0,
2020-11-17,10340757.0,116265447.0,10.570212765957447,11.157446808510638,10.570212765957447,10.912765957446808,0.3425531914893617,1373.0,
2020-11-18,1204424.0,13347703.0,10.814893617021276,11.01063829787234,10.76595744680851,10.912765957446808,0.0,357.0,
2020-11-19,475418.0,5274695.0,10.912765957446808,10.961702127659574,10.76595744680851,10.814893617021276,-0.09787234042553192,184.0,
2020-11-20,705869.0,7905865.0,10.814893617021276,11.108510638297872,10.814893617021276,10.961702127659574,0.14680851063829786,297.0,
2020-11-23,4026377.0,46590252.0,11.059574468085106,11.646808510638298,10.961702127659574,11.402127659574468,0.4404255319148936,1335.0,
2020-11-24,6711560.0,82106283.0,11.940425531914892,12.33191489361702,11.74468085106383,11.74468085106383,0.3425531914893617,2182.0,
2020-11-25,4640170.0,56831939.0,11.940425531914892,12.23404255319149,11.74468085106383,11.842553191489362,0.09787234042553192,1460.0,
2020-11-26,3243312.0,40063453.0,12.185106382978722,12.23404255319149,11.940425531914892,12.038297872340426,0.19574468085106383,1147.0,
2020-11-27,4195068.0,52864677.0,12.23404255319149,12.47872340425532,12.136170212765958,12.429787234042552,0.39148936170212767,1372.0,
2020-11-30,2579732.0,32407795.0,12.527659574468085,12.57659574468085,12.136170212765958,12.136170212765958,-0.2936170212765957,885.0,
2020-12-01,6417247.0,82770878.0,12.429787234042552,13.06595744680851,12.33191489361702,12.47872340425532,0.3425531914893617,2168.0,
2020-12-02,2474278.0,31525666.0,12.625531914893617,12.674468085106382,12.33191489361702,12.47872340425532,0.0,786.0,
2020-12-03,9027280.0,118310541.0,12.57659574468085,13.114893617021277,12.527659574468085,12.72340425531915,0.24468085106382978,2712.0,
2020-12-04,2183734.0,28156891.0,12.72340425531915,12.82127659574468,12.527659574468085,12.527659574468085,-0.19574468085106383,770.0,
2020-12-07,2241561.0,28141958.0,12.674468085106382,12.674468085106382,12.08723404255319,12.23404255319149,-0.2936170212765957,742.0,
2020-12-08,1515290.0,19029805.0,12.429787234042552,12.429787234042552,12.185106382978722,12.23404255319149,0.0,499.0,
2020-12-09,1260836.0,15925402.0,12.380851063829788,12.57659574468085,12.282978723404256,12.33191489361702,0.09787234042553192,407.0,
2020-12-10,1026610.0,12739633.0,12.282978723404256,12.380851063829788,11.940425531914892,12.08723404255319,-0.24468085106382978,399.0,
2020-12-11,1358074.0,16450289.0,12.08723404255319,12.136170212765958,11.646808510638298,11.891489361702128,-0.19574468085106383,429.0,
2020-12-14,1135364.0,14085621.0,12.038297872340426,12.282978723404256,11.793617021276596,12.23404255319149,0.3425531914893617,388.0,
2020-12-15,857007.0,10552934.0,12.282978723404256,12.380851063829788,11.842553191489362,11.842553191489362,-0.39148936170212767,330.0,
2020-12-16,744178.0,9102197.0,11.940425531914892,12.08723404255319,11.842553191489362,11.940425531914892,0.09787234042553192,250.0,
2020-12-17,1273846.0,15915380.0,12.136170212765958,12.33191489361702,12.038297872340426,12.282978723404256,0.3425531914893617,511.0,
2020-12-18,956026.0,11938916.0,12.33191489361702,12.429787234042552,12.038297872340426,12.08723404255319,-0.19574468085106383,377.0,
2020-12-21,2036965.0,25061721.0,12.08723404255319,12.23404255319149,11.74468085106383,11.940425531914892,-0.14680851063829786,471.0,
2020-12-22,1042143.0,12539100.0,11.842553191489362,11.98936170212766,11.5,11.695744680851062,-0.24468085106382978,380.0,
2020-12-23,902944.0,10840415.0,11.74468085106383,11.940425531914892,11.548936170212766,11.842553191489362,0.14680851063829786,285.0,
2020-12-24,18294478.0,232411094.0,11.98936170212766,12.57659574468085,11.940425531914892,12.380851063829788,0.5382978723404256,2427.0,
2020-12-25,3712798.0,46158350.0,12.282978723404256,12.47872340425532,11.891489361702128,12.136170212765958,-0.24468085106382978,953.0,
2020-12-28,1920767.0,24046157.0,12.23404255319149,12.380851063829788,12.136170212765958,12.185106382978722,0.04893617021276596,661.0,
2020-12-29,948104.0,11759756.0,12.282978723404256,12.282978723404256,12.038297872340426,12.136170212765958,-0.04893617021276596,354.0,
2020-12-30,1242669.0,15517620.0,12.136170212765958,12.380851063829788,12.08723404255319,12.136170212765958,0.0,455.0,
2020-12-31,654060.0,8076985.0,12.136170212765958,12.23404255319149,11.940425531914892,12.038297872340426,-0.09787234042553192,289.0,
2021-01-04,857213.0,10571726.0,12.136170212765958,12.23404255319149,11.940425531914892,12.136170212765958,0.09787234042553192,298.0,
2021-01-05,2038259.0,25740745.0,12.08723404255319,12.527659574468085,12.08723404255319,12.380851063829788,0.24468085106382978,655.0,
2021-01-06,1477940.0,18238954.0,12.527659574468085,12.57659574468085,11.793617021276596,11.842553191489362,-0.5382978723404256,593.0,
2021-01-07,703570.0,8574495.0,11.98936170212766,12.08723404255319,11.842553191489362,11.891489361702128,0.04893617021276596,240.0,
2021-01-08,848038.0,10174400.0,11.98936170212766,11.98936170212766,11.646808510638298,11.646808510638298,-0.24468085106382978,343.0,
2021-01-11,1733784.0,21444077.0,11.842553191489362,12.429787234042552,11.695744680851062,12.185106382978722,0.5382978723404256,664.0,
2021-01-12,1287212.0,15552291.0,12.136170212765958,12.136170212765958,11.597872340425532,11.646808510638298,-0.5382978723404256,515.0,
2021-01-13,387526.0,4658086.0,11.793617021276596,11.891489361702128,11.695744680851062,11.793617021276596,0.14680851063829786,183.0,
2021-01-14,519115.0,6205919.0,11.74468085106383,11.793617021276596,11.646808510638298,11.695744680851062,-0.09787234042553192,179.0,
2021-01-15,943491.0,11261639.0,11.695744680851062,11.793617021276596,11.5,11.695744680851062,0.0,355.0,
2021-01-18,1476353.0,17371925.0,11.74468085106383,11.74468085106383,11.01063829787234,11.548936170212766,-0.14680851063829786,468.0,
2021-01-19,389056.0,4612840.0,11.695744680851062,11.74468085106383,11.402127659574468,11.5,-0.04893617021276596,198.0,
2021-01-20,737098.0,8385200.0,11.5,11.548936170212766,10.863829787234042,10.863829787234042,-0.6361702127659574,280.0,
2021-01-21,510212.0,5681814.0,10.912765957446808,11.108510638297872,10.668085106382978,10.717021276595744,-0.14680851063829786,195.0,
2021-01-22,394007.0,4306071.0,10.717021276595744,10.814893617021276,10.570212765957447,10.76595744680851,0.04893617021276596,181.0,
2021-01-25,382020.0,4231315.0,10.619148936170212,11.059574468085106,10.570212765957447,10.912765957446808,0.14680851063829786,140.0,
2021-01-26,377140.0,4153040.0,10.863829787234042,11.059574468085106,10.570212765957447,10.619148936170212,-0.2936170212765957,166.0,
2021-01-27,364143.0,3975206.0,10.668085106382978,10.76595744680851,10.472340425531915,10.717021276595744,0.09787234042553192,145.0,
2021-01-28,347860.0,3735064.0,10.472340425531915,10.717021276595744,10.374468085106383,10.423404255319149,-0.2936170212765957,138.0,
2021-01-29,379010.0,4006501.0,10.52127659574468,10.619148936170212,10.129787234042553,10.178723404255319,-0.24468085106382978,203.0,
2021-02-01,413498.0,4281078.0,10.03191489361702,10.325531914893617,10.03191489361702,10.080851063829787,-0.09787234042553192,196.0,
2021-02-02,394309.0,4132082.0,10.178723404255319,10.52127659574468,10.178723404255319,10.178723404255319,0.09787234042553192,182.0,
2021-02-03,194006.0,2026560.0,10.178723404255319,10.325531914893617,10.178723404255319,10.178723404255319,0.0,102.0,
2021-02-04,177270.0,1832623.0,10.080851063829787,10.178723404255319,10.080851063829787,10.080851063829787,-0.09787234042553192,96.0,
2021-02-05,485435.0,5028915.0,10.227659574468085,10.423404255319149,10.03191489361702,10.080851063829787,0.0,206.0,
2021-02-17,317603.0,3330366.0,10.178723404255319,10.374468085106383,10.080851063829787,10.27659574468085,0.19574468085106383,134.0,
2021-02-18,376010.0,4028753.0,10.423404255319149,10.668085106382978,10.27659574468085,10.52127659574468,0.24468085106382978,156.0,
2021-02-19,496021.0,5424416.0,10.717021276595744,11.01063829787234,10.423404255319149,10.814893617021276,0.2936170212765957,243.0,
2021-02-22,358117.0,4016107.0,10.912765957446808,11.059574468085106,10.863829787234042,11.01063829787234,0.19574468085106383,177.0,
2021-02-23,366467.0,4131213.0,11.108510638297872,11.157446808510638,10.863829787234042,10.961702127659574,-0.04893617021276596,169.0,
2021-02-24,602015.0,6761014.0,11.059574468085106,11.157446808510638,10.814893617021276,11.157446808510638,0.19574468085106383,210.0,
2021-02-25,2466423.0,28309833.0,11.25531914893617,11.402127659574468,10.912765957446808,11.01063829787234,-0.14680851063829786,491.0,
2021-02-26,324308.0,3613965.0,10.912765957446808,11.01063829787234,10.814893617021276,10.863829787234042,-0.14680851063829786,159.0,
2021-03-02,374178.0,4147253.0,11.01063829787234,11.01063829787234,10.668085106382978,10.668085106382978,-0.19574468085106383,163.0,
2021-03-03,261493.0,2844448.0,10.717021276595744,10.814893617021276,10.423404255319149,10.717021276595744,0.04893617021276596,144.0,
2021-03-04,139042.0,1508639.0,10.668085106382978,10.717021276595744,10.52127659574468,10.619148936170212,-0.09787234042553192,111.0,
2021-03-05,216060.0,2337088.0,10.668085106382978,10.668085106382978,10.472340425531915,10.52127659574468,-0.09787234042553192,130.0,
2021-03-08,185889.0,2005781.0,10.668085106382978,10.668085106382978,10.472340425531915,10.52127659574468,0.0,129.0,
2021-03-09,547223.0,5943066.0,10.570212765957447,10.717021276595744,10.52127659574468,10.570212765957447,0.04893617021276596,162.0,
2021-03-10,193102.0,2091690.0,10.717021276595744,10.717021276595744,10.52127659574468,10.570212765957447,0.0,105.0,
2021-03-11,480534.0,5287266.0,10.668085106382978,10.912765957446808,10.668085106382978,10.717021276595744,0.14680851063829786,190.0,
2021-03-12,214410.0,2360618.0,10.863829787234042,10.863829787234042,10.717021276595744,10.76595744680851,0.04893617021276596,101.0,
2021-03-15,382680.0,4251646.0,10.814893617021276,10.961702127659574,10.76595744680851,10.912765957446808,0.14680851063829786,178.0,
2021-03-16,253075.0,2837896.0,10.961702127659574,11.059574468085106,10.863829787234042,10.961702127659574,0.04893617021276596,139.0,
2021-03-17,314979.0,3551224.0,10.961702127659574,11.108510638297872,10.961702127659574,11.01063829787234,0.04893617021276596,155.0,
2021-03-18,324087.0,3693748.0,11.108510638297872,11.25531914893617,11.059574468085106,11.157446808510638,0.14680851063829786,164.0,
2021-03-19,1873511.0,22172416.0,11.157446808510638,12.038297872340426,11.108510638297872,11.646808510638298,0.48936170212765956,777.0,
2021-03-22,1237066.0,14763376.0,11.74468085106383,11.842553191489362,11.451063829787232,11.793617021276596,0.14680851063829786,414.0,
2021-03-23,3398483.0,41411743.0,11.842553191489362,12.08723404255319,11.548936170212766,11.695744680851062,-0.09787234042553192,819.0,
2021-03-24,600637.0,7174934.0,11.597872340425532,11.891489361702128,11.597872340425532,11.695744680851062,0.0,243.0,
2021-03-25,491592.0,5850584.0,11.842553191489362,11.842553191489362,11.548936170212766,11.597872340425532,-0.09787234042553192,205.0,
2021-03-26,686188.0,8197818.0,11.646808510638298,11.842553191489362,11.597872340425532,11.646808510638298,0.04893617021276596,210.0,
2021-03-29,16206522.0,202662506.0,11.793617021276596,12.429787234042552,11.646808510638298,11.98936170212766,0.3425531914893617,2601.0,
2021-03-30,1332527.0,16209896.0,11.940425531914892,12.038297872340426,11.74468085106383,11.98936170212766,0.0,492.0,
2021-03-31,1141645.0,14151528.0,12.038297872340426,12.380851063829788,11.940425531914892,12.08723404255319,0.09787234042553192,495.0,
2021-04-01,906296.0,11192846.0,12.08723404255319,12.185106382978722,11.98936170212766,12.185106382978722,0.09787234042553192,359.0,
2021-04-06,1147285.0,14392154.0,12.23404255319149,12.380851063829788,12.136170212765958,12.282978723404256,0.09787234042553192,427.0,
2021-04-07,2424908.0,31026287.0,12.429787234042552,12.82127659574468,12.282978723404256,12.57659574468085,0.2936170212765957,913.0,
2021-04-08,2261669.0,29586767.0,12.82127659574468,12.96808510638298,12.674468085106382,12.72340425531915,0.14680851063829786,807.0,
2021-04-09,2302621.0,30294669.0,12.919148936170211,13.114893617021277,12.57659574468085,13.06595744680851,0.3425531914893617,859.0,
2021-04-12,4405992.0,61297552.0,13.31063829787234,13.89787234042553,13.261702127659575,13.555319148936169,0.48936170212765956,1755.0,
2021-04-13,4328852.0,60661893.0,13.506382978723405,14.093617021276595,13.261702127659575,13.408510638297871,-0.14680851063829786,1569.0,
2021-04-14,2723952.0,37603122.0,13.799999999999999,13.946808510638297,12.919148936170211,13.702127659574467,0.2936170212765957,1176.0,
2021-04-15,1520029.0,21316160.0,13.702127659574467,13.848936170212767,13.457446808510637,13.799999999999999,0.09787234042553192,582.0,
2021-04-16,2612450.0,37497431.0,13.946808510638297,14.338297872340425,13.799999999999999,13.89787234042553,0.09787234042553192,996.0,
2021-04-19,1968492.0,28617779.0,13.995744680851065,14.63191489361702,13.946808510638297,14.338297872340425,0.4404255319148936,814.0,
2021-04-20,3909248.0,61364339.0,14.534042553191489,15.75744680851064,14.534042553191489,15.75744680851064,1.4191489361702128,1710.0,
2021-04-21,7675489.0,120942060.0,16.148936170212764,16.54042553191489,14.87659574468085,15.463829787234042,-0.2936170212765957,3313.0,
2021-04-22,8604217.0,133970950.0,15.219148936170212,15.75744680851064,14.240425531914894,14.289361702127659,-1.174468085106383,2302.0,
2021-04-23,1602930.0,24055368.0,14.14255319148936,15.12127659574468,14.093617021276595,15.023404255319148,0.7340425531914894,670.0,
2021-04-26,1285449.0,19887680.0,15.463829787234042,15.463829787234042,14.974468085106384,15.023404255319148,0.0,636.0,
2021-04-27,1072201.0,16272755.0,15.170212765957446,15.317021276595744,14.680851063829786,14.827659574468084,-0.19574468085106383,533.0,
2021-04-28,1590260.0,24675356.0,14.925531914893616,15.561702127659574,14.87659574468085,15.317021276595744,0.48936170212765956,731.0,
2021-04-29,1079320.0,16421462.0,15.36595744680851,15.463829787234042,14.38723404255319,14.63191489361702,-0.6851063829787234,569.0,
2021-05-03,1843559.0,26368651.0,14.436170212765957,14.582978723404254,13.506382978723405,13.555319148936169,-1.0765957446808512,667.0,
2021-05-04,1456478.0,18939956.0,13.702127659574467,13.751063829787235,12.23404255319149,12.870212765957447,-0.6851063829787234,600.0,
2021-05-05,805534.0,10726618.0,12.82127659574468,13.31063829787234,12.527659574468085,12.919148936170211,0.04893617021276596,299.0,
2021-05-06,805908.0,10682305.0,12.919148936170211,13.359574468085107,12.674468085106382,12.82127659574468,-0.09787234042553192,342.0,
2021-05-07,1271107.0,16717630.0,12.82127659574468,13.163829787234041,12.72340425531915,13.114893617021277,0.2936170212765957,450.0,
2021-05-10,296900.0,3944000.0,13.163829787234041,13.163829787234041,12.870212765957447,12.919148936170211,-0.19574468085106383,182.0,
2021-05-11,1224106.0,15153600.0,12.96808510638298,12.96808510638298,11.695744680851062,11.74468085106383,-1.174468085106383,527.0,
2021-05-12,22225173.0,281119379.0,11.597872340425532,12.919148936170211,10.912765957446808,11.25531914893617,-0.48936170212765956,2558.0,
2021-05-13,2421377.0,28751076.0,11.695744680851062,12.038297872340426,11.353191489361702,11.5,0.24468085106382978,951.0,
2021-05-14,1443172.0,17281427.0,11.793617021276596,11.940425531914892,11.451063829787232,11.695744680851062,0.19574468085106383,547.0,
2021-05-17,2249109.0,26703635.0,10.961702127659574,12.527659574468085,10.961702127659574,11.353191489361702,-0.3425531914893617,905.0,
2021-05-18,1641464.0,20149743.0,11.353191489361702,12.47872340425532,11.353191489361702,12.33191489361702,0.9787234042553191,738.0,
2021-05-19,1188439.0,15146914.0,12.33191489361702,12.674468085106382,12.23404255319149,12.527659574468085,0.19574468085106383,453.0,
2021-05-20,1093451.0,14020034.0,12.674468085106382,12.82127659574468,12.33191489361702,12.429787234042552,-0.09787234042553192,405.0,
2021-05-21,1025772.0,13311596.0,12.527659574468085,12.82127659574468,12.527659574468085,12.82127659574468,0.39148936170212767,398.0,
2021-05-24,1410244.0,18816842.0,12.625531914893617,13.261702127659575,12.625531914893617,13.212765957446807,0.39148936170212767,552.0,
2021-05-25,1368569.0,18779047.0,13.408510638297871,13.604255319148937,13.261702127659575,13.457446808510637,0.24468085106382978,554.0,
2021-05-26,4390981.0,64914472.0,13.604255319148937,14.778723404255318,13.555319148936169,14.729787234042554,1.2723404255319148,1667.0,
2021-05-27,4534141.0,66534636.0,14.87659574468085,15.12127659574468,13.89787234042553,14.191489361702127,-0.5382978723404256,2299.0,
2021-05-28,2720385.0,40789676.0,14.289361702127659,14.925531914893616,14.191489361702127,14.582978723404254,0.39148936170212767,1120.0,
2021-05-31,2146945.0,32097681.0,14.680851063829786,15.072340425531914,14.289361702127659,14.485106382978724,-0.09787234042553192,758.0,
2021-06-01,1473932.0,21939077.0,14.63191489361702,14.680851063829786,14.38723404255319,14.582978723404254,0.09787234042553192,507.0,
2021-06-02,1280407.0,18990399.0,14.63191489361702,14.778723404255318,14.289361702127659,14.534042553191489,-0.04893617021276596,506.0,
2021-06-03,1502593.0,22476553.0,14.680851063829786,14.827659574468084,14.436170212765957,14.582978723404254,0.04893617021276596,543.0,
2021-06-04,715470.0,10658781.0,14.582978723404254,14.827659574468084,14.38723404255319,14.582978723404254,0.0,314.0,
2021-06-07,725173.0,10577376.0,14.680851063829786,14.680851063829786,13.89787234042553,14.289361702127659,-0.2936170212765957,359.0,
2021-06-08,402582.0,5830065.0,14.289361702127659,14.436170212765957,13.995744680851065,14.240425531914894,-0.04893617021276596,181.0,
2021-06-09,503324.0,7232222.0,14.044680851063829,14.38723404255319,13.89787234042553,13.995744680851065,-0.24468085106382978,228.0,
2021-06-10,599151.0,8681370.0,14.093617021276595,14.485106382978724,13.995744680851065,14.093617021276595,0.09787234042553192,289.0,
2021-06-11,2017667.0,28375610.0,14.14255319148936,14.289361702127659,13.359574468085107,13.408510638297871,-0.6851063829787234,814.0,
2021-06-15,1126699.0,15228417.0,13.555319148936169,13.555319148936169,12.96808510638298,13.408510638297871,0.0,531.0,
2021-06-16,450531.0,6118683.0,13.457446808510637,13.506382978723405,13.017021276595745,13.163829787234041,-0.24468085106382978,235.0,
2021-06-17,390144.0,5280729.0,13.163829787234041,13.359574468085107,13.06595744680851,13.261702127659575,0.09787234042553192,168.0,
2021-06-18,328752.0,4462440.0,13.457446808510637,13.457446808510637,13.163829787234041,13.163829787234041,-0.09787234042553192,152.0,
2021-06-21,2059081.0,27681683.0,13.114893617021277,13.604255319148937,12.674468085106382,12.919148936170211,-0.24468085106382978,704.0,
2021-06-22,549003.0,7367151.0,13.31063829787234,13.31063829787234,13.017021276595745,13.017021276595745,0.09787234042553192,255.0,
2021-06-23,1344787.0,18607899.0,13.212765957446807,13.946808510638297,13.017021276595745,13.751063829787235,0.7340425531914894,558.0,
2021-06-24,1311342.0,18668469.0,13.848936170212767,14.436170212765957,13.506382978723405,13.995744680851065,0.24468085106382978,624.0,
2021-06-25,1899760.0,26947071.0,13.946808510638297,14.14255319148936,13.555319148936169,13.995744680851065,0.0,685.0,
2021-06-28,843988.0,12159726.0,14.14255319148936,14.289361702127659,13.799999999999999,14.093617021276595,0.09787234042553192,365.0,
2021-06-29,1357465.0,19546119.0,14.338297872340425,14.338297872340425,13.848936170212767,14.338297872340425,0.24468085106382978,424.0,
2021-06-30,4482848.0,65308796.0,14.338297872340425,14.729787234042554,14.044680851063829,14.044680851063829,-0.2936170212765957,1281.0,
2021-07-01,1823614.0,25744751.0,14.093617021276595,14.093617021276595,13.457446808510637,13.89787234042553,-0.14680851063829786,619.0,
2021-07-02,13880554.0,202965036.0,13.995744680851065,14.485106382978724,13.751063829787235,14.240425531914894,0.3425531914893617,1971.0,
2021-07-05,1394346.0,20128654.0,14.240425531914894,14.338297872340425,13.995744680851065,14.093617021276595,-0.14680851063829786,559.0,
2021-07-06,4021109.0,59803302.0,14.38723404255319,14.827659574468084,14.240425531914894,14.338297872340425,0.24468085106382978,1650.0,
2021-07-07,1657736.0,23942468.0,14.093617021276595,14.436170212765957,13.89787234042553,14.044680851063829,-0.2936170212765957,703.0,
2021-07-08,1436963.0,20913498.0,14.093617021276595,14.485106382978724,14.044680851063829,14.240425531914894,0.19574468085106383,466.0,
2021-07-09,1381822.0,20185243.0,14.240425531914894,14.436170212765957,14.093617021276595,14.338297872340425,0.09787234042553192,517.0,
2021-07-12,4588943.0,69604619.0,14.582978723404254,15.219148936170212,14.436170212765957,14.974468085106384,0.6361702127659574,1551.0,
2021-07-13,3139791.0,46848761.0,15.072340425531914,15.072340425531914,14.338297872340425,14.582978723404254,-0.39148936170212767,1176.0,
2021-07-14,16971542.0,259467652.0,14.680851063829786,15.414893617021276,14.044680851063829,14.14255319148936,-0.4404255319148936,2844.0,
2021-07-15,1000649.0,14466776.0,14.191489361702127,14.289361702127659,13.946808510638297,14.289361702127659,0.14680851063829786,436.0,
2021-07-16,1083741.0,15608607.0,14.289361702127659,14.38723404255319,13.995744680851065,13.995744680851065,-0.2936170212765957,464.0,
2021-07-19,2495353.0,35797959.0,13.995744680851065,14.191489361702127,13.751063829787235,14.093617021276595,0.09787234042553192,667.0,
2021-07-20,1313772.0,18411897.0,13.848936170212767,13.995744680851065,13.506382978723405,13.555319148936169,-0.5382978723404256,533.0,
2021-07-21,1259692.0,17339286.0,13.702127659574467,13.799999999999999,13.163829787234041,13.212765957446807,-0.3425531914893617,471.0,
2021-07-22,1016867.0,13800041.0,13.359574468085107,13.457446808510637,13.114893617021277,13.212765957446807,0.0,402.0,
2021-07-23,775767.0,10522902.0,13.31063829787234,13.408510638297871,13.114893617021277,13.212765957446807,0.0,299.0,
2021-07-26,895852.0,12236441.0,13.408510638297871,13.604255319148937,13.261702127659575,13.457446808510637,0.24468085106382978,313.0,
2021-07-27,984401.0,13341896.0,13.604255319148937,13.604255319148937,13.06595744680851,13.212765957446807,-0.24468085106382978,355.0,
2021-07-28,1151509.0,15052755.0,13.114893617021277,13.261702127659575,12.57659574468085,12.72340425531915,-0.48936170212765956,423.0,
2021-07-29,516726.0,6772582.0,12.919148936170211,12.919148936170211,12.72340425531915,12.772340425531915,0.04893617021276596,217.0,
2021-07-30,1663840.0,21425994.0,12.870212765957447,12.870212765957447,12.23404255319149,12.23404255319149,-0.5382978723404256,626.0,
2021-08-02,1305804.0,16705944.0,12.33191489361702,12.919148936170211,12.08723404255319,12.772340425531915,0.5382978723404256,466.0,
2021-08-03,1124073.0,14287977.0,12.772340425531915,12.919148936170211,12.185106382978722,12.429787234042552,-0.3425531914893617,434.0,
2021-08-04,793502.0,10303070.0,12.527659574468085,12.919148936170211,12.527659574468085,12.919148936170211,0.48936170212765956,328.0,
2021-08-05,628571.0,8327213.0,13.212765957446807,13.212765957446807,12.870212765957447,12.919148936170211,0.0,225.0,
2021-08-06,953000.0,12650350.0,12.96808510638298,13.114893617021277,12.772340425531915,13.017021276595745,0.09787234042553192,276.0,
2021-08-09,359822.0,4661048.0,12.919148936170211,12.919148936170211,12.527659574468085,12.527659574468085,-0.48936170212765956,158.0,
2021-08-10,439012.0,5600949.0,12.870212765957447,12.870212765957447,12.33191489361702,12.33191489361702,-0.19574468085106383,182.0,
2021-08-11,414541.0,5174702.0,12.380851063829788,12.429787234042552,12.08723404255319,12.136170212765958,-0.19574468085106383,192.0,
2021-08-12,351696.0,4366408.0,12.33191489361702,12.33191489361702,12.038297872340426,12.038297872340426,-0.09787234042553192,160.0,
2021-08-13,766017.0,9331106.0,12.08723404255319,12.23404255319149,11.451063829787232,12.23404255319149,0.19574468085106383,300.0,
2021-08-16,803402.0,9465665.0,12.038297872340426,12.08723404255319,11.304255319148936,11.402127659574468,-0.8319148936170212,396.0,
2021-08-17,439337.0,5138007.0,11.5,11.548936170212766,11.304255319148936,11.402127659574468,0.0,184.0,
2021-08-18,498102.0,5849472.0,11.206382978723402,11.842553191489362,11.206382978723402,11.695744680851062,0.2936170212765957,214.0,
2021-08-19,175308.0,2055202.0,11.646808510638298,11.646808510638298,11.353191489361702,11.402127659574468,-0.2936170212765957,103.0,
2021-08-20,287117.0,3319695.0,11.451063829787232,11.5,11.157446808510638,11.25531914893617,-0.14680851063829786,160.0,
2021-08-23,203389.0,2393686.0,11.353191489361702,11.597872340425532,11.353191489361702,11.597872340425532,0.3425531914893617,105.0,
2021-08-24,244316.0,2879314.0,11.597872340425532,11.842553191489362,11.402127659574468,11.402127659574468,-0.19574468085106383,142.0,
2021-08-25,437609.0,5262807.0,11.548936170212766,12.038297872340426,11.548936170212766,11.74468085106383,0.3425531914893617,205.0,
2021-08-26,151088.0,1799447.0,11.793617021276596,11.793617021276596,11.597872340425532,11.695744680851062,-0.04893617021276596,78.0,
2021-08-27,259200.0,3104039.0,11.695744680851062,11.842553191489362,11.646808510638298,11.74468085106383,0.04893617021276596,77.0,
2021-08-30,155078.0,1882992.0,11.842553191489362,11.98936170212766,11.842553191489362,11.891489361702128,0.14680851063829786,92.0,
2021-08-31,126377.0,1527077.0,11.793617021276596,11.891489361702128,11.74468085106383,11.793617021276596,-0.09787234042553192,65.0,
2021-09-01,373702.0,4602412.0,11.940425531914892,12.136170212765958,11.891489361702128,12.038297872340426,0.24468085106382978,178.0,
2021-09-02,149510.0,1830808.0,11.98936170212766,12.185106382978722,11.793617021276596,11.793617021276596,-0.24468085106382978,94.0,
2021-09-03,205402.0,2512092.0,12.08723404255319,12.08723404255319,11.842553191489362,11.891489361702128,0.09787234042553192,120.0,
2021-09-06,117120.0,1410391.0,12.038297872340426,12.038297872340426,11.646808510638298,11.646808510638298,-0.24468085106382978,73.0,
2021-09-07,266189.0,3167036.0,11.842553191489362,11.891489361702128,11.548936170212766,11.597872340425532,-0.04893617021276596,98.0,
2021-09-08,346428.0,4000950.0,11.646808510638298,11.695744680851062,10.912765957446808,11.108510638297872,-0.48936170212765956,186.0,
2021-09-09,145003.0,1666883.0,11.157446808510638,11.353191489361702,11.157446808510638,11.25531914893617,0.14680851063829786,116.0,
2021-09-10,106683.0,1250940.0,11.353191489361702,11.548936170212766,11.304255319148936,11.5,0.24468085106382978,74.0,
2021-09-13,136342.0,1601530.0,11.597872340425532,11.597872340425532,11.402127659574468,11.5,0.0,85.0,
2021-09-14,287126.0,3308233.0,11.7,11.7,11.45,11.5,0.0,117.0,
2021-09-15,262110.0,2976795.0,11.45,11.5,11.3,11.35,-0.15,130.0,
2021-09-16,152127.0,1740446.0,11.5,11.6,11.35,11.45,0.1,88.0,
2021-09-17,247287.0,2838810.0,11.45,11.75,11.3,11.75,0.3,112.0,
2021-09-22,865259.0,9701922.0,11.0,11.75,10.95,11.1,-0.65,358.0,
2021-09-23,217314.0,2455075.0,11.35,11.45,11.1,11.45,0.35,121.0,
2021-09-24,401671.0,4646241.0,11.5,11.7,11.4,11.4,-0.05,170.0,
2021-09-27,287361.0,3301910.0,11.4,11.55,11.35,11.45,0.05,109.0,
2021-09-28,379756.0,4346742.0,11.55,11.55,11.25,11.4,-0.05,131.0,
2021-09-29,88154.0,992781.0,11.4,11.4,11.2,11.25,-0.15,67.0,
2021-09-30,336526.0,3813879.0,11.25,11.45,11.25,11.45,0.2,66.0,
2021-10-01,419043.0,4684417.0,11.45,11.45,11.0,11.0,-0.45,178.0,
2021-10-04,534066.0,5768853.0,11.2,11.2,10.6,10.65,-0.35,194.0,
2021-10-05,295406.0,3104093.0,10.4,10.75,10.3,10.6,-0.05,150.0,
2021-10-06,245009.0,2570143.0,10.6,10.7,10.4,10.55,-0.05,105.0,
2021-10-07,169023.0,1818256.0,10.6,10.85,10.6,10.75,0.2,94.0,
2021-10-08,118009.0,1278447.0,10.8,10.9,10.7,10.7,-0.05,54.0,
2021-10-12,280635.0,2935151.0,10.5,10.7,10.35,10.5,-0.2,155.0,
2021-10-13,161028.0,1675510.0,10.65,10.65,10.35,10.4,-0.1,103.0,
2021-10-14,264018.0,2771984.0,10.45,10.65,10.35,10.45,0.05,126.0,
2021-10-15,182393.0,1928711.0,10.65,10.65,10.5,10.55,0.1,101.0,
2021-10-18,114017.0,1210177.0,10.65,10.75,10.55,10.55,0.0,67.0,
2021-10-19,193324.0,2067277.0,10.55,10.8,10.55,10.7,0.15,115.0,
2021-10-20,120130.0,1293339.0,10.7,10.85,10.7,10.75,0.05,75.0,
2021-10-21,192289.0,2072401.0,10.85,10.9,10.7,10.8,0.05,99.0,
2021-10-22,247781.0,2671866.0,10.9,10.95,10.7,10.75,-0.05,106.0,
2021-10-25,147166.0,1595476.0,10.85,10.9,10.8,10.8,0.05,74.0,
2021-10-26,243787.0,2668086.0,10.9,11.05,10.85,11.0,0.2,125.0,
2021-10-27,401603.0,4506686.0,10.9,11.35,10.9,11.35,0.35,170.0,
2021-10-28,291293.0,3326164.0,11.4,11.6,11.25,11.25,-0.1,117.0,
2021-10-29,224472.0,2528388.0,11.3,11.4,11.15,11.3,0.05,91.0,
2021-11-01,305386.0,3473513.0,11.3,11.5,11.3,11.35,0.05,93.0,
2021-11-02,167287.0,1899210.0,11.25,11.5,11.25,11.3,-0.05,76.0,
2021-11-03,547304.0,6313686.0,11.4,11.7,11.35,11.65,0.35,179.0,
2021-11-04,621263.0,7325562.0,11.75,11.9,11.65,11.8,0.15,217.0,
2021-11-05,204525.0,2404532.0,11.9,11.9,11.7,11.7,-0.1,100.0,
2021-11-08,223572.0,2590477.0,11.6,11.7,11.55,11.55,-0.15,95.0,
2021-11-09,5883351.0,72567581.0,11.5,12.7,11.45,12.7,1.15,1382.0,
2021-11-10,2979716.0,36921812.0,12.7,12.7,12.2,12.3,-0.4,1217.0,
2021-11-11,776404.0,9542637.0,12.3,12.45,12.15,12.25,-0.05,345.0,
2021-11-12,645890.0,7981195.0,12.3,12.5,12.25,12.3,0.05,261.0,
2021-11-15,1024463.0,12744915.0,12.4,12.6,12.2,12.3,0.0,287.0,
2021-11-16,618015.0,7559777.0,12.4,12.45,12.05,12.2,-0.1,228.0,
2021-11-17,757090.0,9336162.0,12.2,12.45,12.15,12.35,0.15,232.0,
2021-11-18,371792.0,4593004.0,12.35,12.45,12.3,12.3,-0.05,149.0,
2021-11-19,475966.0,5811182.0,12.3,12.35,12.05,12.25,-0.05,229.0,
2021-11-22,178013.0,2176454.0,12.2,12.35,12.15,12.25,0.0,90.0,
2021-11-23,4752731.0,60818994.0,12.25,13.35,12.15,12.7,0.45,1543.0,
2021-11-24,802112.0,10075962.0,12.5,12.7,12.45,12.6,-0.1,304.0,
2021-11-25,2742922.0,35971455.0,12.65,13.5,12.6,12.95,0.35,1217.0,
