ら戳,Θユ计,Θユ肂,秨絃基,程蔼基,程基,Μ絃基,害禴基畉,Θユ掸计,Unnamed: 9
2014-07-09,14434462.0,1314708999.0,74.57187414782612,76.8918880102029,73.99187068223192,75.48330816518842,0.0,7969.0,
2014-07-10,9168295.0,849573738.0,75.4004505272464,79.957620614058,74.65473178576813,79.21190187257973,3.7285937073913056,4280.0,
2014-07-11,8427393.0,820530738.0,79.54333242434785,81.78048864878265,79.54333242434785,80.62048171759423,1.408579845014493,4573.0,
2014-07-14,6739131.0,672685593.0,81.20048518318842,86.58623164942031,80.20619352788408,85.75765527000001,5.137173552405799,3730.0,
2014-07-15,5397891.0,553673143.0,85.75765527000001,87.82909621855076,82.52620739026088,82.85763794202902,-2.9000173279710157,3305.0,
2014-07-16,5012456.0,493611412.0,82.85763794202902,84.51479070086958,80.20619352788408,82.02906156260872,-0.8285763794202902,2640.0,
2014-07-17,2640651.0,257513396.0,82.02906156260872,82.44334975231887,78.88047132081162,81.36620045907249,-0.6628611035362321,1610.0,
2014-07-18,1755660.0,170404489.0,79.04618659669568,81.61477337289857,79.04618659669568,79.957620614058,-1.408579845014493,1019.0,
2014-07-21,1419344.0,137729264.0,80.37190880376814,81.03476990730438,79.79190533817393,80.53762407965219,0.5800034655942031,895.0,
2014-07-22,2698468.0,266641612.0,81.20048518318842,83.6862143214493,80.28905116582612,82.69192266614495,2.154298586492754,1591.0,
2014-07-24,2560900.0,254677185.0,83.27192613173915,83.6862143214493,81.03476990730438,82.44334975231887,-0.24857291382608704,1598.0,
2014-07-25,2295278.0,223602166.0,82.44334975231887,82.52620739026088,79.7090477002319,79.79190533817393,-2.6514444141449283,1564.0,
2014-07-28,2840783.0,266763925.0,79.1290442346377,79.1290442346377,76.80903037226089,77.05760328608699,-2.7343020520869574,1537.0,
2014-07-29,4039492.0,361775889.0,77.22331856197104,77.9690373034493,71.67185681985508,73.16329430281162,-3.8943089832753635,2454.0,
2014-07-30,973099.0,86418011.0,72.91472138898553,74.40615887194205,72.74900611310146,73.99187068223192,0.8285763794202902,684.0,
2014-07-31,829220.0,72683660.0,74.240443596058,74.240443596058,71.92042973368117,72.50043319927538,-1.491437482956522,492.0,
2014-08-01,756613.0,66263044.0,71.67185681985508,73.90901304428988,70.01470406101453,72.91472138898553,0.4142881897101451,570.0,
2014-08-04,880700.0,76495159.0,72.74900611310146,73.16329430281162,71.34042626808696,72.5832908372174,-0.33143055176811603,558.0,
2014-08-05,595104.0,51581804.0,72.50043319927538,72.8318637510435,71.34042626808696,71.34042626808696,-1.2428645691304352,387.0,
2014-08-06,1570855.0,131950433.0,70.42899225072466,72.5832908372174,68.2746936642319,68.77183949188408,-2.5685867762028995,953.0,
2014-08-07,2062875.0,166480175.0,68.77183949188408,69.93184642307249,65.29181869831883,67.1146867330435,-1.6571527588405803,1187.0,
2014-08-08,1011911.0,79801802.0,66.2861103536232,66.2861103536232,64.29752704301451,66.2861103536232,-0.8285763794202902,717.0,
2014-08-11,1474758.0,116006124.0,66.36896799156524,66.36896799156524,64.38038468095655,64.62895759478263,-1.6571527588405803,873.0,
2014-08-12,959481.0,75658753.0,64.96038814655074,66.03753743979713,64.96038814655074,65.29181869831883,0.6628611035362321,723.0,
2014-08-13,532500.0,42150149.0,65.45753397420292,65.87182216391307,65.04324578449277,65.45753397420292,0.16571527588405802,351.0,
2014-08-14,1570424.0,128771294.0,65.87182216391307,69.76613114718843,65.87182216391307,67.61183256069567,2.154298586492754,1083.0,
2014-08-15,628050.0,50334455.0,66.78325618127539,67.19754437098553,65.87182216391307,66.36896799156524,-1.2428645691304352,478.0,
2014-08-18,794510.0,62418190.0,65.9546798018551,66.78325618127539,63.88323885330436,65.20896106037684,-1.1600069311884063,518.0,
2014-08-19,575792.0,45153933.0,65.9546798018551,65.9546798018551,64.54609995684059,64.7946728706667,-0.4142881897101451,384.0,
2014-08-20,1112888.0,86197732.0,65.78896452597104,65.78896452597104,62.971804835942045,63.468950663594214,-1.3257222070724641,790.0,
2014-08-21,1446514.0,106963064.0,63.468950663594214,63.88323885330436,59.90607223208697,63.054662473884065,-0.4142881897101451,979.0,
2014-08-22,612530.0,46607486.0,61.81179790475364,63.63466593947828,61.81179790475364,63.22037774976815,0.16571527588405802,430.0,
2014-08-25,864500.0,66882700.0,63.22037774976815,64.87753050860871,62.971804835942045,64.62895759478263,1.408579845014493,530.0,
2014-08-26,662520.0,52250019.0,64.46324231889857,65.87182216391307,64.46324231889857,65.04324578449277,0.4142881897101451,429.0,
2014-08-27,714614.0,56984928.0,66.2861103536232,66.45182562950728,65.45753397420292,65.706106888029,0.6628611035362321,528.0,
2014-08-28,505500.0,40023699.0,65.87182216391307,66.36896799156524,64.96038814655074,64.96038814655074,-0.745718741478261,384.0,
2014-08-29,342274.0,26894518.0,64.96038814655074,65.54039161214493,64.7946728706667,65.04324578449277,0.08285763794202901,222.0,
2014-09-01,450999.0,35267422.0,65.04324578449277,65.20896106037684,64.46324231889857,64.7946728706667,-0.24857291382608704,314.0,
2014-09-02,771499.0,58945724.0,64.71181523272465,64.71181523272465,62.806089560057984,63.38609302565218,-1.408579845014493,597.0,
2014-09-03,578172.0,43756849.0,63.38609302565218,63.63466593947828,62.22608609446378,62.39180137034784,-0.9942916553043482,373.0,
2014-09-04,316495.0,24048073.0,62.22608609446378,63.717523577420316,62.22608609446378,62.64037428417393,0.24857291382608704,226.0,
2014-09-05,700796.0,54291188.0,62.64037428417393,65.3746763362609,62.64037428417393,64.46324231889857,1.8228680347246384,549.0,
2014-09-09,511001.0,40253978.0,66.12039507773913,66.12039507773913,64.62895759478263,64.87753050860871,0.4142881897101451,339.0,
2014-09-10,371940.0,28756056.0,64.87753050860871,64.87753050860871,63.38609302565218,64.21466940507247,-0.6628611035362321,240.0,
2014-09-11,200430.0,15443694.0,64.21466940507247,64.21466940507247,63.55180830153626,63.800381215362336,-0.4142881897101451,155.0,
2014-09-12,340869.0,25850234.0,63.55180830153626,63.55180830153626,62.39180137034784,62.806089560057984,-0.9942916553043482,245.0,
2014-09-15,270775.0,20267914.0,62.557516646231896,62.557516646231896,61.728940266811605,62.06037081857972,-0.745718741478261,193.0,
2014-09-16,489050.0,35781044.0,60.90036388739132,61.89465554269567,59.98892987002901,60.5689333356232,-1.491437482956522,310.0,
2014-09-17,437650.0,31988920.0,61.231794439159444,61.231794439159444,60.237502783855085,60.237502783855085,-0.33143055176811603,284.0,
2014-09-18,589500.0,43307549.0,60.8175062494493,61.728940266811605,59.98892987002901,61.314652077101464,1.077149293246377,476.0,
2014-09-19,198700.0,14642308.0,61.480367352985525,61.728940266811605,60.73464861150727,60.98322152533334,-0.33143055176811603,159.0,
2014-09-22,328313.0,23927586.0,60.48607569768117,60.8175062494493,60.15464514591306,60.237502783855085,-0.745718741478261,255.0,
2014-09-23,362756.0,26208083.0,59.98892987002901,60.48607569768117,59.574641680318855,59.82321459414495,-0.4142881897101451,318.0,
2014-09-24,263118.0,18995096.0,60.07178750797103,60.237502783855085,59.574641680318855,59.90607223208697,0.08285763794202901,224.0,
2014-09-25,374092.0,26847105.0,60.65179097356523,60.65179097356523,58.911780576782625,59.40892640443481,-0.4971458276521741,283.0,
2014-09-26,389530.0,27719930.0,58.911780576782625,59.82321459414495,58.49749238707247,59.07749585266668,-0.33143055176811603,313.0,
2014-09-29,357199.0,25721847.0,59.24321112855073,60.237502783855085,59.07749585266668,59.65749931826089,0.5800034655942031,282.0,
2014-09-30,315000.0,22683100.0,59.65749931826089,60.48607569768117,58.99463821472466,60.48607569768117,0.8285763794202902,219.0,
2014-10-01,570000.0,41968400.0,60.48607569768117,61.56322499092755,59.98892987002901,60.90036388739132,0.4142881897101451,370.0,
2014-10-02,267023.0,19551188.0,60.320360421797126,61.14893680121741,60.07178750797103,60.8175062494493,-0.08285763794202901,204.0,
2014-10-03,174004.0,12810693.0,60.65179097356523,61.314652077101464,60.65179097356523,60.8175062494493,0.0,131.0,
2014-10-06,124660.0,9120350.0,60.8175062494493,60.98322152533334,60.237502783855085,60.48607569768117,-0.33143055176811603,98.0,
2014-10-07,278755.0,19993682.0,59.82321459414495,59.82321459414495,59.16035349060871,59.49178404237682,-0.9942916553043482,225.0,
2014-10-08,301515.0,21450506.0,59.326068766492774,59.40892640443481,58.66320766295654,58.8289229388406,-0.6628611035362321,203.0,
2014-10-09,476709.0,33492330.0,58.99463821472466,59.82321459414495,57.17177018000002,58.000346559420315,-0.8285763794202902,296.0,
2014-10-13,1049335.0,69589440.0,56.343193800579726,57.08891254205799,53.94032230026088,55.100329231449294,-2.9000173279710157,521.0,
2014-10-14,821386.0,52969547.0,54.68604104173914,55.100329231449294,51.86888135171016,52.61460009318843,-2.4857291382608704,520.0,
2014-10-15,400100.0,25662240.0,53.02888828289857,54.02317993820292,52.61460009318843,52.86317300701451,0.24857291382608704,301.0,
2014-10-16,723207.0,44978317.0,52.78031536907248,53.44317647260871,50.54315914463769,52.44888481730436,-0.4142881897101451,408.0,
2014-10-17,446501.0,27212556.0,52.61460009318843,52.78031536907248,49.46600985139132,49.7145827652174,-2.7343020520869574,300.0,
2014-10-20,877252.0,51637363.0,49.88029804110146,50.87458969640581,47.47742654078262,48.057430006376826,-1.6571527588405803,659.0,
2014-10-21,1329797.0,74759010.0,48.057430006376826,48.057430006376826,45.57170086811595,46.73170779930436,-1.3257222070724641,885.0,
2014-10-22,891185.0,51551574.0,47.89171473049277,48.80314874785508,46.814565437246394,47.725999454608704,0.9942916553043482,597.0,
2014-10-23,287362.0,16490905.0,47.228853626956536,48.22314528226089,46.98028071313045,47.3945689028406,-0.33143055176811603,208.0,
2014-10-24,382666.0,22069760.0,48.14028764431885,48.554575834029,47.228853626956536,47.31171126489857,-0.08285763794202901,326.0,
2014-10-27,260288.0,14616983.0,47.89171473049277,47.89171473049277,45.985989057826096,46.234561971652184,-1.077149293246377,161.0,
2014-10-28,1820499.0,96589093.0,46.40027724753625,46.814565437246394,43.003114091913055,43.99740574721741,-2.237156224434784,958.0,
2014-10-29,1327508.0,73597054.0,44.5774092128116,47.063138351072475,43.91454810927538,47.063138351072475,3.0657326038550736,788.0,
2014-10-30,859008.0,48753352.0,47.063138351072475,47.56028417872464,46.234561971652184,47.063138351072475,0.0,610.0,
2014-10-31,613742.0,34842044.0,47.063138351072475,47.56028417872464,46.565992523420306,46.98028071313045,-0.08285763794202901,401.0,
2014-11-03,978186.0,56417513.0,47.47742654078262,48.38886055814494,47.228853626956536,47.31171126489857,0.33143055176811603,653.0,
2014-11-04,1462133.0,86542131.0,48.057430006376826,50.04601331698552,47.89171473049277,49.96315567904349,2.6514444141449283,1024.0,
2014-11-05,930342.0,55234911.0,49.96315567904349,49.96315567904349,48.720291109913056,48.968864023739144,-0.9942916553043482,662.0,
2014-11-06,721025.0,41642140.0,48.88600638579712,49.383152213449286,46.73170779930436,47.31171126489857,-1.6571527588405803,525.0,
2014-11-07,1880397.0,102243938.0,47.31171126489857,47.56028417872464,44.080263385159434,45.07455504046378,-2.237156224434784,1098.0,
2014-11-10,866700.0,46916879.0,45.07455504046378,45.82027378194204,44.245978661043495,44.74312448869566,-0.33143055176811603,616.0,
2014-11-11,718727.0,39603030.0,45.157412678405805,46.234561971652184,44.99169740252175,45.40598559223189,0.6628611035362321,522.0,
2014-11-12,713309.0,38390655.0,45.40598559223189,45.40598559223189,44.245978661043495,44.32883629898552,-1.077149293246377,522.0,
2014-11-13,765500.0,41071548.0,44.32883629898552,45.07455504046378,43.91454810927538,44.32883629898552,0.0,564.0,
2014-11-14,666206.0,35623920.0,44.49455157486958,44.660266850753636,43.99740574721741,44.32883629898552,0.0,442.0,
2014-11-17,2890684.0,144097411.0,41.26310369513044,41.84310716072465,41.26310369513044,41.26310369513044,-3.0657326038550736,1400.0,
2014-11-18,1902513.0,89461253.0,41.26310369513044,41.42881897101451,38.404515186130446,38.81880337584059,-2.444300319289856,1128.0,
2014-11-19,938904.0,44008932.0,38.81880337584059,39.44023566040581,37.7002252636232,39.35737802246378,0.5385746466231885,601.0,
2014-11-20,764360.0,37193124.0,39.35737802246378,40.683100229536244,39.35737802246378,40.18595440188407,0.8285763794202902,508.0,
2014-11-21,346000.0,16894750.0,40.268812039826095,40.973101962333345,40.18595440188407,40.39309849673914,0.20714409485507254,232.0,
2014-11-24,468300.0,22933995.0,40.39309849673914,40.93167314336233,40.310240858797115,40.310240858797115,-0.08285763794202901,324.0,
2014-11-25,330500.0,16270149.0,40.5588137726232,41.26310369513044,40.43452731571015,40.8488155054203,0.5385746466231885,245.0,
2014-11-26,420200.0,20600319.0,40.8488155054203,41.05595960027537,40.268812039826095,40.268812039826095,-0.5800034655942031,270.0,
2014-11-27,444500.0,21439299.0,40.268812039826095,40.310240858797115,39.6888085742319,39.6888085742319,-0.5800034655942031,273.0,
2014-11-28,293510.0,13848850.0,39.771666212173926,39.89595266908697,38.61165928098552,39.108805108637696,-0.5800034655942031,211.0,
2014-12-01,328530.0,15500152.0,38.114513453333345,40.14452558291306,38.114513453333345,40.14452558291306,1.0357204742753625,251.0,
2014-12-02,381007.0,18519794.0,40.10309676394204,40.683100229536244,39.771666212173926,40.43452731571015,0.29000173279710156,272.0,
2014-12-03,1004750.0,50706750.0,40.60024259159421,42.67168354014494,40.60024259159421,42.091680074550744,1.6571527588405803,650.0,
2014-12-04,856450.0,43639458.0,42.091680074550744,43.16882936779711,41.26310369513044,42.340252988376825,0.24857291382608704,524.0,
2014-12-05,441400.0,22537800.0,42.588825902202906,42.837398816029,41.84310716072465,42.25739535043479,-0.08285763794202901,268.0,
2014-12-08,377702.0,19279991.0,42.67168354014494,42.75454117808697,41.92596479866668,41.92596479866668,-0.33143055176811603,220.0,
2014-12-09,308103.0,15392988.0,41.92596479866668,41.92596479866668,41.09738841924639,41.30453251410147,-0.6214322845652176,212.0,
2014-12-10,929999.0,47682799.0,41.05595960027537,43.4174022816232,41.05595960027537,42.588825902202906,1.2842933881014498,613.0,
2014-12-11,521000.0,26428848.0,42.17453771249276,42.67168354014494,41.26310369513044,42.42311062631885,-0.16571527588405802,359.0,
2014-12-12,480500.0,24441249.0,42.42311062631885,42.75454117808697,41.59453424689857,41.67739188484058,-0.745718741478261,317.0,
2014-12-15,322480.0,16108352.0,41.387390152043494,41.76024952278262,41.05595960027537,41.511676608956535,-0.16571527588405802,227.0,
2014-12-16,233050.0,11647505.0,41.67739188484058,41.67739188484058,41.26310369513044,41.42881897101451,-0.08285763794202901,155.0,
2014-12-17,588295.0,29612070.0,41.42881897101451,42.67168354014494,41.26310369513044,41.26310369513044,-0.16571527588405802,404.0,
2014-12-18,209200.0,10450320.0,41.511676608956535,41.76024952278262,41.09738841924639,41.09738841924639,-0.16571527588405802,156.0,
2014-12-19,625550.0,31423435.0,41.67739188484058,42.17453771249276,41.1388172382174,41.18024605718841,0.08285763794202901,429.0,
2014-12-22,230430.0,11509455.0,41.42881897101451,41.59453424689857,41.09738841924639,41.345961333072474,0.16571527588405802,163.0,
2014-12-23,1473150.0,76578895.0,41.67739188484058,44.16312102310145,41.42881897101451,44.16312102310145,2.817159690028986,864.0,
2014-12-24,3657130.0,200368337.0,44.74312448869566,46.648850161362326,44.16312102310145,45.488843230173934,1.3257222070724641,2005.0,
2014-12-25,1825230.0,101409657.0,45.57170086811595,46.648850161362326,44.99169740252175,45.488843230173934,0.0,1148.0,
2014-12-26,1054325.0,59098863.0,45.57170086811595,46.89742307518843,45.57170086811595,46.73170779930436,1.2428645691304352,728.0,
2014-12-27,761576.0,42629671.0,46.73170779930436,46.98028071313045,45.903131419884076,46.234561971652184,-0.4971458276521741,523.0,
2014-12-29,676661.0,37717455.0,46.40027724753625,46.98028071313045,45.57170086811595,45.65455850605799,-0.5800034655942031,502.0,
2014-12-30,973195.0,52855047.0,45.65455850605799,46.234561971652184,44.49455157486958,44.74312448869566,-0.9114340173623192,638.0,
2014-12-31,325000.0,17587600.0,44.74312448869566,45.157412678405805,44.5774092128116,44.908839764579724,0.16571527588405802,237.0,
2015-01-05,536260.0,29354470.0,44.908839764579724,45.985989057826096,44.908839764579724,45.157412678405805,0.24857291382608704,380.0,
2015-01-06,611296.0,32402127.0,44.74312448869566,44.8259821266377,43.16882936779711,43.74883283339132,-1.408579845014493,475.0,
2015-01-07,508066.0,26754304.0,43.665975195449285,44.080263385159434,43.33454464368118,43.91454810927538,0.16571527588405802,391.0,
2015-01-08,1056235.0,57351407.0,44.080263385159434,45.737416144000015,43.91454810927538,45.157412678405805,1.2428645691304352,676.0,
2015-01-09,1808656.0,101298236.0,46.234561971652184,47.063138351072475,45.24027031634784,46.648850161362326,1.491437482956522,1106.0,
2015-01-12,833187.0,46396434.0,46.648850161362326,46.814565437246394,45.40598559223189,46.15170433371016,-0.4971458276521741,521.0,
2015-01-13,790000.0,43930199.0,45.985989057826096,46.648850161362326,45.488843230173934,46.565992523420306,0.4142881897101451,478.0,
2015-01-14,2174800.0,124372378.0,46.48313488547827,48.14028764431885,46.40027724753625,48.14028764431885,1.574295120898551,1229.0,
2015-01-15,959515.0,54894957.0,48.057430006376826,48.057430006376826,47.063138351072475,47.1459959890145,-0.9942916553043482,674.0,
2015-01-16,1255116.0,70458125.0,48.057430006376826,48.14028764431885,45.65455850605799,45.82027378194204,-1.3257222070724641,847.0,
2015-01-19,943503.0,51357559.0,46.06884669576813,46.15170433371016,44.245978661043495,44.32883629898552,-1.491437482956522,633.0,
2015-01-20,517349.0,28056819.0,44.411693936927556,45.40598559223189,44.16312102310145,44.99169740252175,0.6628611035362321,349.0,
2015-01-21,610507.0,33518131.0,45.157412678405805,46.06884669576813,44.908839764579724,45.157412678405805,0.16571527588405802,427.0,
2015-01-22,998865.0,55482375.0,45.157412678405805,46.648850161362326,45.157412678405805,45.903131419884076,0.745718741478261,673.0,
2015-01-23,817000.0,44812299.0,46.15170433371016,46.31741960959422,44.74312448869566,44.99169740252175,-0.9114340173623192,515.0,
2015-01-26,409644.0,22164182.0,44.32883629898552,45.40598559223189,44.32883629898552,44.74312448869566,-0.24857291382608704,293.0,
2015-01-27,517102.0,27831008.0,44.74312448869566,44.908839764579724,44.32883629898552,44.660266850753636,-0.08285763794202901,336.0,
2015-01-28,364576.0,19848244.0,44.5774092128116,45.57170086811595,44.49455157486958,44.908839764579724,0.24857291382608704,273.0,
2015-01-29,397025.0,21340543.0,44.908839764579724,44.908839764579724,44.32883629898552,44.8259821266377,-0.08285763794202901,246.0,
2015-01-30,293044.0,15786354.0,45.157412678405805,45.24027031634784,44.245978661043495,44.32883629898552,-0.4971458276521741,230.0,
2015-02-02,303928.0,16074697.0,44.74312448869566,44.74312448869566,43.50025991956523,43.74883283339132,-0.5800034655942031,220.0,
2015-02-03,329000.0,17585199.0,43.74883283339132,44.660266850753636,43.74883283339132,44.411693936927556,0.6628611035362321,231.0,
2015-02-04,227859.0,12247611.0,45.07455504046378,45.07455504046378,44.32883629898552,44.32883629898552,-0.08285763794202901,171.0,
2015-02-05,196101.0,10490323.0,44.32883629898552,44.49455157486958,44.080263385159434,44.411693936927556,0.08285763794202901,120.0,
2015-02-06,216200.0,11557100.0,44.49455157486958,44.49455157486958,44.080263385159434,44.16312102310145,-0.24857291382608704,174.0,
2015-02-09,198000.0,10557700.0,44.16312102310145,44.660266850753636,43.74883283339132,43.99740574721741,-0.16571527588405802,123.0,
2015-02-10,276691.0,14866068.0,44.16312102310145,44.74312448869566,44.16312102310145,44.5774092128116,0.5800034655942031,212.0,
2015-02-11,215777.0,11559381.0,45.24027031634784,45.24027031634784,44.080263385159434,44.32883629898552,-0.24857291382608704,146.0,
2015-02-12,346665.0,18738343.0,44.99169740252175,45.157412678405805,44.49455157486958,44.74312448869566,0.4142881897101451,210.0,
2015-02-13,254200.0,13768300.0,44.74312448869566,45.40598559223189,44.49455157486958,44.5774092128116,-0.16571527588405802,184.0,
2015-02-24,284147.0,15352708.0,45.157412678405805,45.32312795428987,44.49455157486958,44.8259821266377,0.24857291382608704,197.0,
2015-02-25,339316.0,18265242.0,44.908839764579724,44.99169740252175,44.32883629898552,44.411693936927556,-0.4142881897101451,239.0,
2015-02-26,259933.0,13920902.0,44.411693936927556,44.74312448869566,44.080263385159434,44.49455157486958,0.08285763794202901,184.0,
2015-03-02,281614.0,15127764.0,44.5774092128116,44.8259821266377,44.32883629898552,44.32883629898552,-0.16571527588405802,163.0,
2015-03-03,353146.0,18857296.0,44.32883629898552,44.74312448869566,43.91454810927538,44.080263385159434,-0.24857291382608704,194.0,
2015-03-04,443521.0,23383002.0,43.665975195449285,44.080263385159434,43.50025991956523,43.91454810927538,-0.16571527588405802,308.0,
2015-03-05,213053.0,11258993.0,43.58311755750726,44.245978661043495,43.58311755750726,43.665975195449285,-0.24857291382608704,153.0,
2015-03-06,878873.0,45409970.0,43.665975195449285,43.665975195449285,42.505968264260886,42.837398816029,-0.8285763794202902,627.0,
2015-03-09,404254.0,20838030.0,42.75454117808697,43.003114091913055,42.340252988376825,42.837398816029,0.0,271.0,
2015-03-10,866773.0,45784622.0,42.837398816029,44.32883629898552,42.837398816029,44.245978661043495,1.408579845014493,588.0,
2015-03-11,4867804.0,273838206.0,44.245978661043495,47.31171126489857,44.16312102310145,47.31171126489857,3.0657326038550736,2283.0,
2015-03-12,8949578.0,535447821.0,48.14028764431885,50.54315914463769,48.14028764431885,50.46030150669567,3.148590241797102,4840.0,
2015-03-13,4339544.0,266425912.0,50.79173205846378,51.86888135171016,49.96315567904349,50.12887095492755,-0.33143055176811603,2776.0,
2015-03-16,3855924.0,240767565.0,50.70887442052175,52.61460009318843,50.70887442052175,51.53745079994205,1.408579845014493,2474.0,
2015-03-17,2246391.0,138373051.0,52.366027179362334,52.366027179362334,50.29458623081162,50.79173205846378,-0.745718741478261,1406.0,
2015-03-18,3164321.0,197289472.0,51.37173552405798,52.44888481730436,50.95744733434783,51.040304972289874,0.24857291382608704,1947.0,
2015-03-19,6177186.0,397140131.0,51.37173552405798,54.603183403797125,51.1231626102319,54.603183403797125,3.5628784315072473,3743.0,
2015-03-20,3482428.0,227584432.0,54.603183403797125,54.93461395556523,53.44317647260871,53.69174938643479,-0.9114340173623192,2376.0,
2015-03-23,1968859.0,127529215.0,53.85746466231886,54.76889867968117,52.78031536907248,52.78031536907248,-0.9114340173623192,1294.0,
2015-03-24,1845400.0,116038219.0,52.78031536907248,53.19460355878263,51.53745079994205,51.95173898965219,-0.8285763794202902,1303.0,
2015-03-25,3260770.0,197782114.0,52.03459662759421,52.86317300701451,48.47171819608697,49.1345792996232,-2.817159690028986,2099.0,
2015-03-26,1871103.0,111895299.0,48.47171819608697,50.46030150669567,48.22314528226089,49.79744040315944,0.6628611035362321,1259.0,
2015-03-27,1292854.0,78517852.0,50.12887095492755,51.20602024817393,49.63172512727538,49.88029804110146,0.08285763794202901,886.0,
2015-03-30,1140397.0,67006242.0,50.54315914463769,50.54315914463769,47.643141816666684,48.63743347197103,-1.2428645691304352,847.0,
2015-03-31,945085.0,56145081.0,48.968864023739144,49.96315567904349,48.63743347197103,49.54886748933334,0.9114340173623192,701.0,
2015-04-01,1002167.0,59212869.0,48.88600638579712,49.46600985139132,48.554575834029,48.720291109913056,-0.8285763794202902,592.0,
2015-04-02,914500.0,54621199.0,48.88600638579712,50.04601331698552,48.88600638579712,49.383152213449286,0.6628611035362321,622.0,
2015-04-07,1412567.0,85738687.0,49.7145827652174,51.20602024817393,48.88600638579712,51.040304972289874,1.6571527588405803,954.0,
2015-04-08,882560.0,53536242.0,51.040304972289874,51.1231626102319,49.79744040315944,49.88029804110146,-1.1600069311884063,665.0,
2015-04-09,1022116.0,60297828.0,50.12887095492755,50.12887095492755,47.725999454608704,48.306002920202914,-1.574295120898551,780.0,
2015-04-10,549742.0,32037556.0,48.88600638579712,48.88600638579712,47.643141816666684,48.554575834029,0.24857291382608704,455.0,
2015-04-13,820100.0,47227859.0,48.47171819608697,48.47171819608697,47.228853626956536,48.057430006376826,-0.4971458276521741,518.0,
2015-04-14,1452268.0,85217030.0,48.22314528226089,49.46600985139132,47.31171126489857,49.05172166168118,0.9942916553043482,783.0,
2015-04-15,947533.0,55031787.0,48.968864023739144,49.300294575507266,47.3945689028406,47.643141816666684,-1.408579845014493,612.0,
2015-04-16,605544.0,34867659.0,47.808857092550745,48.38886055814494,47.31171126489857,47.3945689028406,-0.24857291382608704,440.0,
2015-04-17,1028636.0,57475632.0,47.47742654078262,47.47742654078262,45.82027378194204,45.985989057826096,-1.408579845014493,726.0,
2015-04-20,505700.0,27711139.0,45.24027031634784,45.985989057826096,45.157412678405805,45.157412678405805,-0.8285763794202902,386.0,
2015-04-21,1472022.0,76854536.0,45.157412678405805,45.737416144000015,42.00882243660871,42.92025645397103,-2.237156224434784,962.0,
2015-04-22,1804849.0,92072338.0,43.08597172985509,43.08597172985509,41.511676608956535,42.588825902202906,-0.33143055176811603,1084.0,
2015-04-23,1031450.0,53255100.0,42.837398816029,43.33454464368118,41.92596479866668,43.08597172985509,0.4971458276521741,661.0,
2015-04-24,1320700.0,70631010.0,43.25168700573914,45.157412678405805,43.16882936779711,45.07455504046378,1.9885833106086963,930.0,
2015-04-27,903358.0,48424717.0,45.40598559223189,45.40598559223189,44.080263385159434,44.16312102310145,-0.9114340173623192,576.0,
2015-04-28,672717.0,36059659.0,44.5774092128116,44.908839764579724,43.91454810927538,44.411693936927556,0.24857291382608704,449.0,
2015-04-29,498100.0,26234130.0,44.411693936927556,44.411693936927556,43.33454464368118,43.33454464368118,-1.077149293246377,357.0,
2015-04-30,649100.0,34614210.0,43.74883283339132,44.49455157486958,43.74883283339132,44.16312102310145,0.8285763794202902,456.0,
2015-05-04,1446500.0,79267050.0,44.411693936927556,46.15170433371016,44.411693936927556,45.57170086811595,1.408579845014493,907.0,
2015-05-05,2841298.0,163066890.0,46.40027724753625,48.47171819608697,46.06884669576813,48.057430006376826,2.4857291382608704,1666.0,
2015-05-06,3337646.0,196873414.0,48.057430006376826,49.46600985139132,47.3945689028406,48.88600638579712,0.8285763794202902,2050.0,
2015-05-07,1271936.0,73370052.0,48.88600638579712,48.88600638579712,47.31171126489857,47.31171126489857,-1.574295120898551,831.0,
2015-05-08,729013.0,41897641.0,47.31171126489857,48.38886055814494,47.228853626956536,47.47742654078262,0.16571527588405802,535.0,
2015-05-11,1288050.0,70046289.0,47.47742654078262,47.97457236843479,44.16312102310145,44.8259821266377,-2.6514444141449283,868.0,
2015-05-12,865700.0,45960508.0,44.8259821266377,45.32312795428987,43.08597172985509,44.49455157486958,-0.33143055176811603,642.0,
2015-05-13,824006.0,43742521.0,44.49455157486958,44.49455157486958,43.74883283339132,43.99740574721741,-0.4971458276521741,540.0,
2015-05-14,661596.0,34471211.0,43.50025991956523,43.99740574721741,42.67168354014494,43.08597172985509,-0.9114340173623192,488.0,
2015-05-15,495539.0,25887180.0,43.08597172985509,43.83169047133334,42.75454117808697,43.50025991956523,0.4142881897101451,386.0,
2015-05-18,535400.0,27558099.0,43.50025991956523,43.665975195449285,42.17453771249276,42.17453771249276,-1.3257222070724641,361.0,
2015-05-19,597969.0,31173088.0,42.091680074550744,43.665975195449285,41.92596479866668,43.4174022816232,1.2428645691304352,495.0,
2015-05-20,444342.0,23012612.0,43.4174022816232,43.4174022816232,42.25739535043479,43.003114091913055,-0.4142881897101451,337.0,
2015-05-21,483351.0,24615565.0,42.67168354014494,42.75454117808697,41.84310716072465,42.00882243660871,-0.9942916553043482,383.0,
2015-05-22,633624.0,32336273.0,42.091680074550744,43.003114091913055,41.92596479866668,42.17453771249276,0.16571527588405802,488.0,
2015-05-25,858800.0,42989720.0,42.25739535043479,42.25739535043479,41.22167487615943,41.345961333072474,-0.8285763794202902,567.0,
2015-05-26,1439969.0,70278296.0,41.59453424689857,41.76024952278262,39.771666212173926,40.10309676394204,-1.2428645691304352,951.0,
2015-05-27,752100.0,36754170.0,40.02023912600001,40.93167314336233,39.771666212173926,40.5588137726232,0.4557170086811596,541.0,
2015-05-28,546000.0,26769850.0,40.93167314336233,40.973101962333345,40.18595440188407,40.5588137726232,0.0,370.0,
2015-05-29,742500.0,36802149.0,40.60024259159421,41.387390152043494,40.60024259159421,40.76595786747828,0.20714409485507254,564.0,
2015-06-01,448900.0,21506350.0,40.76595786747828,40.76595786747828,39.35737802246378,39.64737975526088,-1.118578112217392,340.0,
2015-06-02,531600.0,25361700.0,39.6888085742319,40.18595440188407,38.943089832753635,39.02594747069566,-0.6214322845652176,418.0,
2015-06-03,1079632.0,49886972.0,38.943089832753635,39.481664479376825,37.90736935847827,38.114513453333345,-0.9114340173623192,735.0,
2015-06-04,834200.0,37805200.0,38.19737109127538,38.48737282407248,36.49878951346378,36.871648884202905,-1.2428645691304352,537.0,
2015-06-05,2289200.0,94422900.0,36.91307770317392,37.120221798029,33.391628090637695,33.97163155623189,-2.9000173279710157,1229.0,
2015-06-08,1492947.0,58394983.0,33.97163155623189,34.01306037520291,31.610188874884074,32.31447879739132,-1.6571527588405803,942.0,
2015-06-09,1948001.0,71385085.0,31.071614228260884,31.900190607681168,29.08303091765218,29.08303091765218,-3.2314478797391315,1083.0,
2015-06-10,3162123.0,108113218.0,29.08303091765218,29.828749659130445,27.260162882927542,28.171596900289863,-0.9114340173623192,1805.0,
2015-06-11,2315737.0,84124112.0,28.66874272794204,30.988756590318847,28.66874272794204,30.988756590318847,2.817159690028986,1404.0,
2015-06-12,2062779.0,77206523.0,30.988756590318847,31.858761788710158,30.2844666678116,30.325895486782613,-0.6628611035362321,1288.0,
2015-06-15,943084.0,35176173.0,30.69875485752175,31.403044780028992,30.49161076266667,30.49161076266667,0.16571527588405802,639.0,
2015-06-16,455000.0,16778400.0,30.657326038550732,30.823041314434793,30.45018194369566,30.45018194369566,-0.041428818971014504,301.0,
2015-06-17,774000.0,28931100.0,30.657326038550732,31.403044780028992,30.53303958163769,30.657326038550732,0.20714409485507254,529.0,
2015-06-18,847124.0,32096337.0,31.071614228260884,31.77590415076813,30.823041314434793,31.19590068517392,0.5385746466231885,573.0,
2015-06-22,1277301.0,49012537.0,32.97733990092755,32.97733990092755,31.237329504144945,31.69304651282609,0.4971458276521741,738.0,
2015-06-23,2615056.0,104454223.0,33.55734336652175,33.80591628034784,32.31447879739132,32.31447879739132,0.6214322845652176,1536.0,
2015-06-24,1212200.0,46314689.0,31.651617693855084,32.148763521507256,31.19590068517392,31.19590068517392,-1.118578112217392,715.0,
2015-06-25,1115100.0,42751930.0,31.361615961057982,32.23162115944928,31.320187142086965,31.56876005591305,0.3728593707391305,751.0,
2015-06-26,780335.0,29599512.0,31.900190607681168,31.900190607681168,31.237329504144945,31.278758323115948,-0.29000173279710156,440.0,
2015-06-29,704888.0,25862577.0,31.071614228260884,31.071614228260884,30.07732257295653,30.325895486782613,-0.9528628363333335,411.0,
2015-06-30,397500.0,14604100.0,30.160180210898563,30.657326038550732,30.160180210898563,30.40875312472465,0.08285763794202901,283.0,
2015-07-01,410059.0,15255297.0,30.740183676492762,31.071614228260884,30.574468400608705,30.823041314434793,0.4142881897101451,312.0,
2015-07-02,307060.0,11484994.0,31.071614228260884,31.11304304723189,30.781612495463776,30.988756590318847,0.16571527588405802,197.0,
2015-07-03,377000.0,14134450.0,30.988756590318847,31.485902417971023,30.823041314434793,31.403044780028992,0.4142881897101451,247.0,
2015-07-06,450000.0,16851250.0,30.740183676492762,31.485902417971023,30.69875485752175,30.823041314434793,-0.5800034655942031,283.0,
2015-07-07,355000.0,13190700.0,30.823041314434793,31.237329504144945,30.45018194369566,30.574468400608705,-0.24857291382608704,194.0,
2015-07-08,1833223.0,62458702.0,30.40875312472465,30.574468400608705,27.550164615724647,28.254454538231897,-2.3200138623768125,955.0,
2015-07-09,853000.0,28681450.0,27.05301878807247,28.793029184855083,27.01158996910146,28.33731217617392,0.08285763794202901,547.0,
2015-07-13,554175.0,18928735.0,28.793029184855083,28.793029184855083,27.923023986463782,28.33731217617392,0.0,269.0,
2015-07-14,526015.0,18122332.0,28.66874272794204,28.917315641768127,28.254454538231897,28.544456271028995,0.20714409485507254,265.0,
2015-07-15,393001.0,13601434.0,29.165888555594215,29.165888555594215,28.503027452057978,28.793029184855083,0.24857291382608704,262.0,
2015-07-16,477000.0,16553900.0,28.75160036588407,29.124459736623194,28.461598633086968,28.75160036588407,-0.041428818971014504,241.0,
2015-07-17,417400.0,14522260.0,28.75160036588407,29.124459736623194,28.58588509000001,29.124459736623194,0.3728593707391305,226.0,
2015-07-20,500509.0,17514388.0,29.20731737456523,29.373032650449286,28.66874272794204,28.958744460739144,-0.16571527588405802,292.0,
2015-07-21,528000.0,18193750.0,28.917315641768127,28.917315641768127,28.33731217617392,28.33731217617392,-0.6214322845652176,258.0,
2015-07-22,1647130.0,53385610.0,27.923023986463782,28.254454538231897,26.348728865565224,26.348728865565224,-1.9885833106086963,860.0,
2015-07-23,1269688.0,39025633.0,26.265871227623194,26.804445874246387,24.650147287753633,24.73300492569566,-1.6157239398695658,753.0,
2015-07-24,848100.0,25389445.0,24.52586083084059,25.02300665849276,24.484432011869572,24.8572913826087,0.12428645691304352,392.0,
2015-07-27,1290065.0,35953955.0,24.8572913826087,24.8572913826087,22.37156224434783,22.37156224434783,-2.4857291382608704,576.0,
2015-07-28,1027000.0,27854000.0,22.37156224434783,23.490140356565224,21.95727405463769,22.62013515817392,0.24857291382608704,568.0,
2015-07-29,398400.0,10897569.0,22.868708072000008,22.951565709942038,22.205846968463778,22.702992796115947,0.08285763794202901,266.0,
2015-07-30,461009.0,12973053.0,22.454419882289862,23.531569175536237,22.454419882289862,23.36585389965218,0.6628611035362321,314.0,
2015-07-31,383500.0,10591849.0,23.324425080681163,23.57299799450725,22.454419882289862,22.992994528913048,-0.3728593707391305,290.0,
2015-08-03,264004.0,7111408.0,22.62013515817392,22.62013515817392,22.081560511550727,22.16441814949276,-0.8285763794202902,192.0,
2015-08-04,662240.0,17556862.0,22.16441814949276,22.578706339202903,21.045840037275372,21.542985864927545,-0.6214322845652176,456.0,
2015-08-05,471000.0,12616750.0,21.542985864927545,22.702992796115947,21.542985864927545,22.53727752023189,0.9942916553043482,330.0,
2015-08-06,297100.0,8037050.0,22.785850434057974,22.827279253028994,22.122989330521747,22.41299106331885,-0.12428645691304352,212.0,
2015-08-07,609500.0,16490600.0,21.95727405463769,22.744421615086967,21.66727232184059,22.744421615086967,0.33143055176811603,286.0,
2015-08-10,309111.0,8615913.0,22.785850434057974,23.862999727304352,22.454419882289862,23.78014208936232,1.0357204742753625,242.0,
2015-08-11,484104.0,13819838.0,24.19443027907247,24.19443027907247,23.200138623768126,23.200138623768126,-0.5800034655942031,330.0,
2015-08-12,378000.0,10422749.0,23.200138623768126,23.407282718623197,22.495848701260876,22.62013515817392,-0.5800034655942031,237.0,
2015-08-13,195223.0,5334852.0,22.785850434057974,23.034423347884065,22.454419882289862,22.661563977144937,0.041428818971014504,175.0,
2015-08-14,600050.0,16002577.0,22.62013515817392,22.744421615086967,21.832987597724642,21.832987597724642,-0.8285763794202902,402.0,
2015-08-17,903687.0,23003985.0,21.87441641669566,21.998702873608703,20.714409485507254,20.797267123449284,-1.0357204742753625,580.0,
2015-08-18,1018789.0,24540991.0,20.921553580362325,21.045840037275372,19.181543183579716,19.802975468144933,-0.9942916553043482,622.0,
2015-08-19,584220.0,13809332.0,19.885833106086963,20.175834838884068,19.057256726666672,19.181543183579716,-0.6214322845652176,378.0,
2015-08-20,433301.0,10028903.0,19.181543183579716,19.4301160974058,18.80868381284058,19.222972002550726,0.041428818971014504,298.0,
2015-08-21,990494.0,21421524.0,18.601539717985514,18.89154145078262,17.31724632988406,17.358675148855077,-1.8642968536956528,568.0,
2015-08-24,1443187.0,27972483.0,16.820100502231888,16.944386959144932,15.660093571043483,15.742951208985511,-1.6157239398695658,700.0,
2015-08-25,951700.0,17369909.0,15.616574307078519,17.19628558091594,15.526305091430665,17.060881757444157,0.0,538.0,
2015-08-26,590188.0,11226362.0,16.970612541796307,17.647631659155206,16.519266463557045,17.241420188739866,0.1805384312957054,363.0,
2015-08-27,697404.0,13826348.0,17.602497051331277,18.505189207809803,17.557362443507348,17.91843930609876,0.6770191173588953,397.0,
2015-08-28,913500.0,19174848.0,18.460054599985877,19.498150579936187,18.324650776514098,19.001669893872993,1.0832305877742323,517.0,
2015-08-31,760713.0,16669112.0,19.046804501696922,20.400842736414713,18.956535286049068,20.400842736414713,1.399172842541717,559.0,
2015-09-01,487190.0,10800887.0,20.220304305119,20.31057352076686,19.633554403407963,20.130035089471153,-0.2708076469435581,336.0,
2015-09-02,354000.0,7695250.0,19.40788136428833,19.99463126599937,19.362746756464404,19.768958226879743,-0.3610768625914108,227.0,
2015-09-03,636084.0,14434865.0,19.949496658175445,20.76191959900612,19.859227442527594,20.67165038335827,0.902692156478527,367.0,
2015-09-04,648000.0,14731350.0,20.626515775534344,21.213265677245385,19.90436205035152,19.949496658175445,-0.7221537251828216,394.0,
2015-09-07,259206.0,5772593.0,19.90436205035152,20.53624655988649,19.81409283470367,20.130035089471153,0.1805384312957054,177.0,
2015-09-08,385552.0,8778285.0,20.130035089471153,20.942458030301825,20.130035089471153,20.58138116771042,0.4513460782392635,229.0,
2015-09-09,666500.0,15565773.0,21.12299646159753,21.39380410854109,20.852188814653974,21.25840028506931,0.6770191173588953,416.0,
2015-09-10,487036.0,11626060.0,21.032727245949676,22.025688618076057,20.852188814653974,21.66461175548465,0.4062114704153372,309.0,
2015-09-11,722100.0,17521874.0,21.66461175548465,22.296496265019616,21.52920793201287,22.025688618076057,0.3610768625914108,358.0,
2015-09-14,712813.0,16790517.0,22.025688618076057,22.11595783372391,20.942458030301825,21.39380410854109,-0.6318845095349688,412.0,
2015-09-15,540404.0,12511120.0,21.348669500717165,21.348669500717165,20.626515775534344,20.76191959900612,-0.6318845095349688,327.0,
2015-09-16,400500.0,9265249.0,21.12299646159753,21.168131069421456,20.716784991182195,20.80705420683005,0.04513460782392635,250.0,
2015-09-17,3046250.0,75948261.0,20.942458030301825,22.883246166730657,20.942458030301825,22.883246166730657,2.076191959900612,1187.0,
2015-09-18,1379210.0,34436601.0,22.747842343258878,22.747842343258878,22.025688618076057,22.702707735434956,-0.1805384312957054,771.0,
2015-09-21,637000.0,15443750.0,22.296496265019616,22.296496265019616,21.709746363308575,21.84515018678035,-0.8575575486546007,414.0,
2015-09-22,706200.0,17415779.0,22.25136165719569,22.47703469631532,21.84515018678035,22.16109244154784,0.3159422547674844,432.0,
2015-09-23,516030.0,12435210.0,21.754880971132504,22.296496265019616,21.25840028506931,21.39380410854109,-0.767288333006748,326.0,
2015-09-24,789402.0,18155522.0,21.574342539836792,21.935419402428206,19.949496658175445,20.220304305119,-1.1734998034220852,460.0,
2015-09-25,316010.0,7120730.0,20.31057352076686,20.67165038335827,20.0397658738233,20.67165038335827,0.4513460782392635,191.0,
2015-09-30,222229.0,4964244.0,20.31057352076686,20.49111195206256,19.949496658175445,20.17516969729508,-0.49648068606318996,160.0,
2015-10-01,354621.0,8102858.0,20.400842736414713,20.852188814653974,20.355708128590784,20.58138116771042,0.4062114704153372,245.0,
2015-10-02,279500.0,6448274.0,20.76191959900612,20.98759263812575,20.58138116771042,20.852188814653974,0.2708076469435581,181.0,
2015-10-05,458350.0,10966417.0,21.12299646159753,22.025688618076057,21.12299646159753,21.52920793201287,0.6770191173588953,318.0,
2015-10-06,403090.0,9669092.0,21.98055401025213,22.11595783372391,21.303534892893236,21.619477147660724,0.0902692156478527,288.0,
2015-10-07,390600.0,9392200.0,21.66461175548465,22.11595783372391,21.484073324188945,22.11595783372391,0.49648068606318996,255.0,
2015-10-08,772250.0,19083686.0,22.11595783372391,22.792976951082807,21.619477147660724,21.619477147660724,-0.49648068606318996,506.0,
2015-10-12,399500.0,9523423.0,21.709746363308575,21.84515018678035,21.213265677245385,21.213265677245385,-0.4062114704153372,274.0,
2015-10-13,239085.0,5694494.0,21.25840028506931,21.709746363308575,21.25840028506931,21.574342539836792,0.3610768625914108,153.0,
2015-10-14,2282540.0,58549074.0,21.574342539836792,23.695669107561333,21.52920793201287,23.695669107561333,2.1213265677245383,1214.0,
2015-10-15,3262001.0,87580626.0,24.37268822492023,24.824034303159493,23.424861460617773,23.560265284089557,-0.13540382347177904,1521.0,
2015-10-16,766839.0,20208080.0,23.560265284089557,24.147015185800598,23.289457637145997,23.785938323209187,0.22567303911963174,449.0,
2015-10-19,722257.0,18627066.0,24.01161136232882,24.01161136232882,22.567303911963176,23.199188421498146,-0.5867499017110426,412.0,
2015-10-20,915500.0,24030850.0,23.199188421498146,23.96647675450489,23.199188421498146,23.96647675450489,0.767288333006748,424.0,
2015-10-21,715012.0,18602465.0,24.01161136232882,24.01161136232882,23.199188421498146,23.51513067626563,-0.4513460782392635,404.0,
2015-10-22,507510.0,13394435.0,23.695669107561333,24.192149793624523,23.605399891913482,23.650534499737407,0.13540382347177904,301.0,
2015-10-23,743499.0,19892722.0,24.056745970152743,24.733765087511635,23.695669107561333,23.695669107561333,0.04513460782392635,418.0,
2015-10-26,2449000.0,69643999.0,23.921342146680963,26.042668714405504,23.921342146680963,26.042668714405504,2.3469996068441703,940.0,
2015-10-27,3568850.0,103774660.0,26.58428400829262,26.764822439588322,25.68159185181409,25.81699567528587,-0.22567303911963174,1818.0,
2015-10-28,1146243.0,32549845.0,25.81699567528587,26.087803322229426,25.23024577357483,25.99753410658158,0.1805384312957054,587.0,
2015-10-29,955500.0,27066449.0,26.087803322229426,26.31347636134906,25.004572734455195,25.1851111657509,-0.8124229408306743,472.0,
2015-10-30,681113.0,18465201.0,25.1851111657509,25.1851111657509,24.01161136232882,24.553226656215937,-0.6318845095349688,390.0,
2015-11-02,302000.0,8275950.0,24.778899695335564,24.95943812663127,24.417822832744157,24.824034303159493,0.2708076469435581,172.0,
2015-11-03,494300.0,13798554.0,25.004572734455195,25.546188028342314,24.914303518807344,25.13997655792698,0.3159422547674844,278.0,
2015-11-04,950585.0,27072408.0,25.275380381398755,26.087803322229426,25.275380381398755,25.455918812694463,0.3159422547674844,465.0,
2015-11-05,661435.0,18569664.0,25.455918812694463,25.591322636166243,25.13997655792698,25.13997655792698,-0.3159422547674844,310.0,
2015-11-06,383000.0,10584600.0,25.320514989222684,25.546188028342314,24.598361264039863,24.778899695335564,-0.3610768625914108,211.0,
2015-11-09,549003.0,14498129.0,24.778899695335564,24.86916891098342,23.334592244969926,23.560265284089557,-1.2186344112460117,309.0,
2015-11-10,616606.0,15535041.0,22.206227049371766,23.154053813674214,22.206227049371766,23.154053813674214,-0.4062114704153372,350.0,
2015-11-11,441650.0,11021774.0,23.018649990202437,23.334592244969926,22.16109244154784,22.16109244154784,-0.9929613721263799,273.0,
2015-11-12,346755.0,8486147.0,22.16109244154784,22.6124385197871,21.66461175548465,22.4319000884914,0.2708076469435581,252.0,
2015-11-13,636446.0,15154869.0,21.89028479460428,22.25136165719569,20.897323422477896,21.25840028506931,-1.1734998034220852,338.0,
2015-11-16,429444.0,10360500.0,21.25840028506931,22.11595783372391,21.25840028506931,21.800015578956423,0.5416152938871162,272.0,
2015-11-17,426242.0,10682062.0,22.11595783372391,23.018649990202437,22.11595783372391,22.47703469631532,0.6770191173588953,278.0,
2015-11-18,229400.0,5716369.0,22.792976951082807,22.838111558906732,22.206227049371766,22.25136165719569,-0.22567303911963174,166.0,
2015-11-19,246000.0,6115300.0,22.52216930413925,22.702707735434956,22.25136165719569,22.34163087284354,0.0902692156478527,166.0,
2015-11-20,333000.0,8334750.0,22.38676548066747,22.838111558906732,22.38676548066747,22.47703469631532,0.13540382347177904,180.0,
2015-11-23,184000.0,4555200.0,22.567303911963176,22.567303911963176,22.206227049371766,22.206227049371766,-0.2708076469435581,119.0,
2015-11-24,249000.0,6114050.0,22.206227049371766,22.47703469631532,21.89028479460428,21.89028479460428,-0.3159422547674844,161.0,
2015-11-25,320000.0,7649699.0,21.84515018678035,22.025688618076057,21.213265677245385,21.25840028506931,-0.6318845095349688,202.0,
2015-11-26,281110.0,6798667.0,21.39380410854109,21.98055401025213,21.39380410854109,21.89028479460428,0.6318845095349688,162.0,
2015-11-27,253145.0,6112802.0,22.11595783372391,22.296496265019616,21.52920793201287,21.66461175548465,-0.22567303911963174,164.0,
2015-11-30,224000.0,5297800.0,21.66461175548465,21.66461175548465,21.12299646159753,21.52920793201287,-0.13540382347177904,149.0,
2015-12-01,373267.0,9020488.0,21.303534892893236,22.34163087284354,21.303534892893236,22.025688618076057,0.49648068606318996,193.0,
2015-12-02,368000.0,9118000.0,22.025688618076057,22.567303911963176,22.025688618076057,22.4319000884914,0.4062114704153372,229.0,
2015-12-03,402500.0,9983200.0,22.6124385197871,22.6124385197871,22.206227049371766,22.296496265019616,-0.13540382347177904,222.0,
2015-12-04,277203.0,6799023.0,22.11595783372391,22.47703469631532,21.800015578956423,22.11595783372391,-0.1805384312957054,174.0,
2015-12-07,1656576.0,43063418.0,22.6124385197871,24.282419009272378,22.296496265019616,23.83107293103311,1.7151150973092013,927.0,
2015-12-08,659372.0,16995461.0,23.921342146680963,23.921342146680963,22.838111558906732,22.838111558906732,-0.9929613721263799,443.0,
2015-12-09,646600.0,15570637.0,22.34163087284354,22.6124385197871,21.032727245949676,21.484073324188945,-1.3540382347177906,438.0,
2015-12-10,385355.0,9235084.0,21.484073324188945,22.025688618076057,21.07786185377361,21.66461175548465,0.1805384312957054,294.0,
2015-12-11,331345.0,7781535.0,21.754880971132504,21.935419402428206,20.58138116771042,20.76191959900612,-0.902692156478527,231.0,
2015-12-14,388253.0,8688241.0,20.220304305119,20.445977344238635,20.0397658738233,20.130035089471153,-0.6318845095349688,214.0,
2015-12-15,278933.0,6307141.0,20.130035089471153,20.716784991182195,20.130035089471153,20.400842736414713,0.2708076469435581,150.0,
2015-12-16,853550.0,20521650.0,20.67165038335827,22.206227049371766,20.67165038335827,21.66461175548465,1.2637690190699375,540.0,
2015-12-17,667000.0,16252050.0,21.574342539836792,22.25136165719569,21.348669500717165,22.11595783372391,0.4513460782392635,360.0,
2015-12-18,649180.0,16007763.0,21.66461175548465,22.52216930413925,21.66461175548465,22.47703469631532,0.3610768625914108,308.0,
2015-12-21,4099771.0,109291336.0,22.702707735434956,24.688630479687713,22.52216930413925,24.688630479687713,2.2115957833723914,1777.0,
2015-12-22,2145009.0,57478542.0,24.86916891098342,25.004572734455195,23.560265284089557,23.605399891913482,-1.0832305877742323,1243.0,
2015-12-23,2871281.0,78034046.0,23.695669107561333,25.23024577357483,23.695669107561333,23.876207538857038,0.2708076469435581,1675.0,
2015-12-24,854281.0,22337778.0,24.192149793624523,24.327553617096303,23.10891920585029,23.289457637145997,-0.5867499017110426,525.0,
2015-12-25,612833.0,16092091.0,23.154053813674214,24.01161136232882,23.10891920585029,23.695669107561333,0.4062114704153372,361.0,
2015-12-28,398100.0,10269459.0,23.876207538857038,23.921342146680963,23.063784598026366,23.10891920585029,-0.5867499017110426,274.0,
2015-12-29,294009.0,7456928.0,23.154053813674214,23.24432302932207,22.702707735434956,22.792976951082807,-0.3159422547674844,173.0,
2015-12-30,280050.0,7059912.0,22.928380774554586,23.10891920585029,22.6124385197871,22.65757312761103,-0.13540382347177904,216.0,
2015-12-31,155688.0,3935234.0,22.65757312761103,22.928380774554586,22.65757312761103,22.792976951082807,0.13540382347177904,101.0,
2016-01-04,707109.0,17258625.0,22.838111558906732,23.018649990202437,21.66461175548465,21.66461175548465,-1.1283651955981586,386.0,
2016-01-05,437888.0,10635522.0,21.484073324188945,22.16109244154784,21.484073324188945,22.070823225899982,0.4062114704153372,298.0,
2016-01-06,820115.0,20560575.0,21.98055401025213,23.063784598026366,21.98055401025213,22.567303911963176,0.49648068606318996,510.0,
2016-01-07,849109.0,20013354.0,22.6124385197871,22.65757312761103,20.58138116771042,21.032727245949676,-1.534576666013496,540.0,
2016-01-08,463050.0,11039962.0,20.852188814653974,21.935419402428206,20.852188814653974,21.89028479460428,0.8575575486546007,271.0,
2016-01-11,258003.0,6072320.0,21.303534892893236,21.574342539836792,20.897323422477896,21.303534892893236,-0.5867499017110426,179.0,
2016-01-12,276539.0,6467241.0,21.39380410854109,21.709746363308575,20.626515775534344,20.67165038335827,-0.6318845095349688,183.0,
2016-01-13,994876.0,24020653.0,20.852188814653974,22.296496265019616,20.852188814653974,21.935419402428206,1.2637690190699375,594.0,
2016-01-14,666376.0,15732048.0,21.39380410854109,21.89028479460428,20.852188814653974,21.213265677245385,-0.7221537251828216,445.0,
2016-01-15,2930055.0,74480181.0,21.574342539836792,23.334592244969926,21.574342539836792,22.838111558906732,1.6248458816613487,1533.0,
2016-01-18,3398653.0,89213800.0,22.567303911963176,24.914303518807344,22.16109244154784,24.192149793624523,1.3540382347177906,2073.0,
2016-01-19,1204000.0,31611950.0,24.147015185800598,24.147015185800598,23.379726852793848,24.01161136232882,-0.1805384312957054,747.0,
2016-01-20,1837190.0,48426359.0,23.695669107561333,24.598361264039863,22.702707735434956,22.747842343258878,-1.2637690190699375,1070.0,
2016-01-21,1443434.0,37238805.0,22.928380774554586,23.785938323209187,22.747842343258878,23.560265284089557,0.8124229408306743,838.0,
2016-01-22,1061187.0,27883768.0,23.650534499737407,24.282419009272378,23.10891920585029,23.740803715385262,0.1805384312957054,597.0,
2016-01-25,1944395.0,52609542.0,23.83107293103311,24.86916891098342,23.83107293103311,24.688630479687713,0.9478267643024534,924.0,
2016-01-26,1426000.0,38424050.0,24.553226656215937,24.86916891098342,23.921342146680963,23.921342146680963,-0.767288333006748,748.0,
2016-01-27,1197000.0,32069450.0,24.01161136232882,24.643495871863788,23.785938323209187,23.785938323209187,-0.13540382347177904,676.0,
2016-01-28,477200.0,12639039.0,23.785938323209187,24.192149793624523,23.560265284089557,23.921342146680963,0.13540382347177904,302.0,
2016-01-29,1000005.0,26873934.0,24.192149793624523,24.462957440568083,24.056745970152743,24.056745970152743,0.13540382347177904,549.0,
2016-01-30,532000.0,14290550.0,24.462957440568083,24.462957440568083,24.01161136232882,24.10188057797667,0.04513460782392635,291.0,
2016-02-01,2123000.0,58921250.0,24.327553617096303,25.636457243990165,24.01161136232882,24.778899695335564,0.6770191173588953,1184.0,
2016-02-02,509000.0,13963850.0,24.824034303159493,25.004572734455195,24.417822832744157,24.95943812663127,0.1805384312957054,307.0,
2016-02-03,746013.0,20405956.0,24.688630479687713,25.23024577357483,24.282419009272378,24.282419009272378,-0.6770191173588953,471.0,
2016-02-15,266500.0,7129874.0,24.282419009272378,24.553226656215937,23.740803715385262,24.192149793624523,-0.0902692156478527,192.0,
2016-02-16,1316002.0,36503605.0,24.553226656215937,25.50105342051839,24.462957440568083,25.1851111657509,0.9929613721263799,708.0,
2016-02-17,1042672.0,28996163.0,25.636457243990165,25.68159185181409,24.824034303159493,24.914303518807344,-0.2708076469435581,613.0,
2016-02-18,3256358.0,95053113.0,25.365649597046612,27.396706949123296,24.95943812663127,27.396706949123296,2.4824034303159492,1592.0,
2016-02-19,5243600.0,161184486.0,27.622379988242926,28.570206752545378,26.49401479264477,26.539149400468695,-0.8575575486546007,2783.0,
2016-02-22,1265150.0,37688557.0,26.539149400468695,27.261303125651516,26.448880184820844,26.9002262630601,0.3610768625914108,750.0,
2016-02-23,1211386.0,35751535.0,27.261303125651516,27.30643773347544,26.40374557699692,26.49401479264477,-0.4062114704153372,648.0,
2016-02-24,1378501.0,39276329.0,26.539149400468695,26.539149400468695,25.455918812694463,25.546188028342314,-0.9478267643024534,683.0,
2016-02-25,3025259.0,88618199.0,25.636457243990165,27.261303125651516,25.13997655792698,26.448880184820844,0.902692156478527,1573.0,
2016-02-26,682500.0,19672800.0,26.178072537877284,26.448880184820844,25.68159185181409,26.13293793005336,-0.3159422547674844,451.0,
2016-03-01,803108.0,23560952.0,25.95239949875765,26.855091655236176,25.8621302831098,26.855091655236176,0.7221537251828216,439.0,
2016-03-02,1627302.0,48756977.0,27.21616851782759,27.622379988242926,26.539149400468695,26.539149400468695,-0.3159422547674844,933.0,
2016-03-03,1408927.0,40487844.0,26.40374557699692,26.7196878317644,25.455918812694463,25.636457243990165,-0.902692156478527,781.0,
2016-03-04,548097.0,15751208.0,25.68159185181409,26.13293793005336,25.68159185181409,25.99753410658158,0.3610768625914108,339.0,
2016-03-07,793153.0,22981105.0,26.358610969172986,26.539149400468695,25.72672645963802,25.81699567528587,-0.1805384312957054,449.0,
2016-03-08,843615.0,24451399.0,26.087803322229426,26.629418616116542,25.72672645963802,26.448880184820844,0.6318845095349688,480.0,
2016-03-09,751518.0,21857279.0,26.49401479264477,26.539149400468695,25.99753410658158,26.22320714570121,-0.22567303911963174,374.0,
2016-03-10,1065000.0,30381550.0,26.087803322229426,26.087803322229426,25.546188028342314,25.8621302831098,-0.3610768625914108,513.0,
2016-03-11,607150.0,17291267.0,25.72672645963802,25.8621302831098,25.591322636166243,25.68159185181409,-0.1805384312957054,298.0,
2016-03-14,631500.0,17961599.0,25.771861067461945,25.95239949875765,25.50105342051839,25.72672645963802,0.04513460782392635,278.0,
2016-03-15,1157500.0,31847399.0,25.72672645963802,25.8621302831098,23.921342146680963,24.733765087511635,-0.9929613721263799,573.0,
2016-03-16,909755.0,24781449.0,24.733765087511635,25.049707342279124,24.147015185800598,25.004572734455195,0.2708076469435581,471.0,
2016-03-17,1039405.0,28034502.0,25.004572734455195,25.23024577357483,23.83107293103311,24.056745970152743,-0.9478267643024534,595.0,
2016-03-18,366250.0,9788575.0,24.10188057797667,24.282419009272378,23.921342146680963,24.10188057797667,0.04513460782392635,231.0,
2016-03-21,562377.0,15226341.0,24.192149793624523,24.688630479687713,24.056745970152743,24.417822832744157,0.3159422547674844,290.0,
2016-03-22,344878.0,9315929.0,24.553226656215937,24.688630479687713,24.192149793624523,24.23728440144845,-0.1805384312957054,204.0,
2016-03-23,326120.0,8823014.0,24.417822832744157,24.688630479687713,24.192149793624523,24.192149793624523,-0.04513460782392635,211.0,
2016-03-24,314583.0,8304441.0,24.192149793624523,24.192149793624523,23.650534499737407,23.785938323209187,-0.4062114704153372,201.0,
2016-03-25,800000.0,21586150.0,24.192149793624523,24.778899695335564,24.01161136232882,24.056745970152743,0.2708076469435581,449.0,
2016-03-28,810000.0,21896450.0,24.192149793624523,24.914303518807344,24.01161136232882,24.056745970152743,0.0,475.0,
2016-03-29,966262.0,25257326.0,24.192149793624523,24.37268822492023,23.24432302932207,23.695669107561333,-0.3610768625914108,471.0,
2016-03-30,723150.0,19277485.0,24.01161136232882,24.282419009272378,23.785938323209187,24.282419009272378,0.5867499017110426,345.0,
2016-03-31,843038.0,22823841.0,24.778899695335564,24.914303518807344,23.921342146680963,24.282419009272378,0.0,501.0,
2016-04-01,529628.0,14343234.0,24.282419009272378,24.643495871863788,24.192149793624523,24.643495871863788,0.3610768625914108,275.0,
2016-04-06,1344500.0,36934124.0,24.824034303159493,25.094841950103053,24.598361264039863,24.733765087511635,0.0902692156478527,641.0,
2016-04-07,1862493.0,51472985.0,25.004572734455195,25.365649597046612,24.282419009272378,24.282419009272378,-0.4513460782392635,825.0,
2016-04-08,699000.0,18922150.0,24.282419009272378,24.733765087511635,24.147015185800598,24.147015185800598,-0.13540382347177904,347.0,
2016-04-11,318000.0,8513900.0,24.056745970152743,24.327553617096303,24.056745970152743,24.056745970152743,-0.0902692156478527,180.0,
2016-04-12,423500.0,11108224.0,24.056745970152743,24.23728440144845,23.334592244969926,23.379726852793848,-0.6770191173588953,246.0,
2016-04-13,571172.0,14754995.0,23.469996068441706,23.695669107561333,23.018649990202437,23.24432302932207,-0.13540382347177904,317.0,
2016-04-14,334000.0,8592750.0,23.650534499737407,23.650534499737407,23.018649990202437,23.10891920585029,-0.13540382347177904,183.0,
2016-04-15,642050.0,16214457.0,23.199188421498146,23.199188421498146,22.47703469631532,22.6124385197871,-0.49648068606318996,351.0,
2016-04-18,330000.0,8196850.0,22.6124385197871,22.792976951082807,22.16109244154784,22.38676548066747,-0.22567303911963174,189.0,
2016-04-19,327613.0,8251535.0,22.567303911963176,22.928380774554586,22.567303911963176,22.65757312761103,0.2708076469435581,194.0,
2016-04-20,669226.0,16487136.0,23.10891920585029,23.154053813674214,21.52920793201287,22.025688618076057,-0.6318845095349688,455.0,
2016-04-21,367000.0,8866950.0,22.206227049371766,22.206227049371766,21.574342539836792,21.754880971132504,-0.2708076469435581,222.0,
2016-04-22,467000.0,11122600.0,21.574342539836792,21.84515018678035,21.25840028506931,21.39380410854109,-0.3610768625914108,300.0,
2016-04-25,206500.0,4921099.0,21.25840028506931,21.709746363308575,21.213265677245385,21.484073324188945,0.0902692156478527,144.0,
2016-04-26,204496.0,4928254.0,21.619477147660724,21.98055401025213,21.52920793201287,21.800015578956423,0.3159422547674844,138.0,
2016-04-27,123106.0,2976915.0,21.800015578956423,21.98055401025213,21.754880971132504,21.754880971132504,-0.04513460782392635,71.0,
2016-04-28,383503.0,9062195.0,21.754880971132504,21.754880971132504,21.07786185377361,21.07786185377361,-0.6770191173588953,204.0,
2016-04-29,265338.0,6194692.0,21.07786185377361,21.39380410854109,20.852188814653974,21.303534892893236,0.22567303911963174,133.0,
2016-05-03,211265.0,4966527.0,21.303534892893236,21.484073324188945,20.942458030301825,21.213265677245385,-0.0902692156478527,134.0,
2016-05-04,312302.0,7175023.0,21.032727245949676,21.168131069421456,20.400842736414713,20.400842736414713,-0.8124229408306743,212.0,
2016-05-05,184000.0,4194650.0,20.67165038335827,20.852188814653974,20.400842736414713,20.67165038335827,0.2708076469435581,122.0,
2016-05-06,182109.0,4112045.0,20.53624655988649,20.53624655988649,20.220304305119,20.49111195206256,-0.1805384312957054,135.0,
2016-05-09,142101.0,3234212.0,20.49111195206256,20.716784991182195,20.400842736414713,20.53624655988649,0.04513460782392635,75.0,
2016-05-10,209000.0,4794250.0,20.58138116771042,21.12299646159753,20.31057352076686,20.80705420683005,0.2708076469435581,143.0,
2016-05-11,90100.0,2070700.0,21.07786185377361,21.07786185377361,20.58138116771042,20.716784991182195,-0.0902692156478527,66.0,
2016-05-12,126500.0,2872049.0,20.716784991182195,20.716784991182195,20.220304305119,20.31057352076686,-0.4062114704153372,73.0,
2016-05-13,635200.0,13613710.0,20.130035089471153,20.220304305119,18.866266070401213,19.227342932992627,-1.0832305877742323,378.0,
2016-05-16,436701.0,9018644.0,18.460054599985877,18.866266070401213,18.460054599985877,18.730862246929437,-0.49648068606318996,271.0,
2016-05-17,374567.0,8013627.0,18.775996854753362,20.49111195206256,18.775996854753362,19.362746756464404,0.6318845095349688,269.0,
2016-05-18,145500.0,3139749.0,19.13707371734477,19.67868901123189,19.13707371734477,19.498150579936187,0.13540382347177904,111.0,
2016-05-19,190941.0,4057961.0,19.498150579936187,19.588419795584038,19.046804501696922,19.046804501696922,-0.4513460782392635,125.0,
2016-05-20,127201.0,2726421.0,19.091939109520844,19.588419795584038,19.091939109520844,19.1822083251687,0.13540382347177904,83.0,
2016-05-23,254610.0,5596688.0,19.272477540816553,20.130035089471153,19.227342932992627,19.90436205035152,0.7221537251828216,183.0,
2016-05-24,139105.0,3079365.0,20.0397658738233,20.130035089471153,19.90436205035152,19.99463126599937,0.0902692156478527,77.0,
2016-05-25,246500.0,5550824.0,20.130035089471153,20.53624655988649,20.130035089471153,20.31057352076686,0.3159422547674844,158.0,
2016-05-26,261299.0,5890432.0,20.31057352076686,20.49111195206256,20.17516969729508,20.17516969729508,-0.13540382347177904,106.0,
2016-05-27,266293.0,6085915.0,20.49111195206256,21.032727245949676,20.17516969729508,20.58138116771042,0.4062114704153372,173.0,
2016-05-30,93000.0,2118800.0,20.58138116771042,20.626515775534344,20.445977344238635,20.53624655988649,-0.04513460782392635,64.0,
2016-05-31,420300.0,9657220.0,20.76191959900612,20.897323422477896,20.626515775534344,20.80705420683005,0.2708076469435581,167.0,
2016-06-01,437800.0,10115390.0,20.80705420683005,21.032727245949676,20.626515775534344,20.942458030301825,0.13540382347177904,185.0,
2016-06-02,167895.0,3809092.0,20.76191959900612,20.852188814653974,20.26543891294293,20.31057352076686,-0.6318845095349688,115.0,
2016-06-03,137777.0,3103554.0,20.31057352076686,20.49111195206256,20.220304305119,20.31057352076686,0.0,63.0,
2016-06-04,84777.0,1932915.0,20.852188814653974,20.852188814653974,20.355708128590784,20.76191959900612,0.4513460782392635,51.0,
2016-06-06,138000.0,3101800.0,20.53624655988649,20.67165038335827,19.99463126599937,20.31057352076686,-0.4513460782392635,87.0,
2016-06-07,109100.0,2470460.0,20.445977344238635,20.58138116771042,20.31057352076686,20.355708128590784,0.04513460782392635,75.0,
2016-06-08,411450.0,9117817.0,20.355708128590784,20.400842736414713,19.859227442527594,19.949496658175445,-0.4062114704153372,176.0,
2016-06-13,208250.0,4575812.0,19.949496658175445,20.31057352076686,19.633554403407963,19.633554403407963,-0.3159422547674844,111.0,
2016-06-14,129500.0,2848574.0,19.633554403407963,19.99463126599937,19.633554403407963,19.859227442527594,0.22567303911963174,81.0,
2016-06-15,126000.0,2771900.0,20.084900481647225,20.130035089471153,19.768958226879743,19.859227442527594,0.0,61.0,
2016-06-16,123500.0,2685050.0,19.859227442527594,19.859227442527594,19.54328518776011,19.54328518776011,-0.3159422547674844,86.0,
2016-06-17,120100.0,2621635.0,19.723823619055818,19.859227442527594,19.588419795584038,19.67868901123189,0.13540382347177904,70.0,
2016-06-20,926320.0,21075761.0,19.768958226879743,20.852188814653974,19.768958226879743,20.626515775534344,0.9478267643024534,559.0,
2016-06-21,241580.0,5505108.0,20.67165038335827,20.716784991182195,20.400842736414713,20.445977344238635,-0.1805384312957054,136.0,
2016-06-22,789184.0,18314564.0,20.58138116771042,21.213265677245385,20.58138116771042,20.98759263812575,0.5416152938871162,485.0,
2016-06-23,240324.0,5534050.0,21.032727245949676,21.12299646159753,20.58138116771042,20.76191959900612,-0.22567303911963174,167.0,
2016-06-24,707400.0,15997100.0,20.80705420683005,21.303534892893236,19.588419795584038,19.859227442527594,-0.902692156478527,455.0,
2016-06-27,451455.0,10241542.0,19.859227442527594,21.213265677245385,19.81409283470367,21.12299646159753,1.2637690190699375,269.0,
2016-06-28,385360.0,8868816.0,20.80705420683005,20.942458030301825,20.58138116771042,20.76191959900612,-0.3610768625914108,201.0,
2016-06-29,502000.0,11760650.0,21.032727245949676,21.484073324188945,20.852188814653974,20.942458030301825,0.1805384312957054,304.0,
2016-06-30,449300.0,10369265.0,21.213265677245385,21.213265677245385,20.626515775534344,20.67165038335827,-0.2708076469435581,244.0,
2016-07-01,1509750.0,35998648.0,20.852188814653974,21.935419402428206,20.852188814653974,21.303534892893236,0.6318845095349688,799.0,
2016-07-04,268000.0,6297400.0,21.39380410854109,21.39380410854109,21.12299646159753,21.168131069421456,-0.13540382347177904,176.0,
2016-07-05,242000.0,5629750.0,21.168131069421456,21.168131069421456,20.897323422477896,20.942458030301825,-0.22567303911963174,146.0,
2016-07-06,295500.0,6732299.0,20.76191959900612,20.76191959900612,20.49111195206256,20.49111195206256,-0.4513460782392635,180.0,
2016-07-07,156050.0,3602195.0,20.53624655988649,20.942458030301825,20.53624655988649,20.852188814653974,0.3610768625914108,108.0,
2016-07-11,875644.0,20990630.0,21.168131069421456,22.25136165719569,21.168131069421456,21.52920793201287,0.6770191173588953,490.0,
2016-07-12,251500.0,6011173.0,21.574342539836792,21.800015578956423,21.39380410854109,21.484073324188945,-0.04513460782392635,147.0,
2016-07-13,143131.0,3399261.0,21.484073324188945,21.619477147660724,21.303534892893236,21.438938716365016,-0.04513460782392635,92.0,
2016-07-14,292665.0,7005977.0,21.574342539836792,21.89028479460428,21.39380410854109,21.39380410854109,-0.04513460782392635,177.0,
2016-07-15,201000.0,4787700.0,21.574342539836792,21.66461175548465,21.39380410854109,21.438938716365016,0.04513460782392635,104.0,
2016-07-18,252023.0,6034206.0,21.438938716365016,21.754880971132504,21.39380410854109,21.66461175548465,0.22567303911963174,131.0,
2016-07-19,272100.0,6517300.0,21.754880971132504,21.754880971132504,21.484073324188945,21.52920793201287,-0.13540382347177904,151.0,
2016-07-20,701600.0,16922040.0,21.52920793201287,21.98055401025213,21.52920793201287,21.709746363308575,0.1805384312957054,418.0,
2016-07-21,2191240.0,56967847.0,21.754880971132504,23.876207538857038,21.754880971132504,23.876207538857038,2.1664611755484646,878.0,
2016-07-22,5623077.0,152769592.0,24.327553617096303,24.914303518807344,24.147015185800598,24.553226656215937,0.6770191173588953,2429.0,
2016-07-25,1984060.0,53042174.0,24.553226656215937,24.778899695335564,23.605399891913482,23.695669107561333,-0.8575575486546007,954.0,
2016-07-26,1181264.0,30978668.0,23.785938323209187,24.01161136232882,23.469996068441706,23.83107293103311,0.13540382347177904,592.0,
2016-07-27,1424000.0,38142100.0,24.37268822492023,24.462957440568083,23.650534499737407,23.650534499737407,-0.1805384312957054,677.0,
2016-07-28,490000.0,12895450.0,23.83107293103311,24.01161136232882,23.560265284089557,23.83107293103311,0.1805384312957054,232.0,
2016-07-29,569000.0,14753150.0,23.605399891913482,23.695669107561333,23.154053813674214,23.379726852793848,-0.4513460782392635,297.0,
2016-08-01,581388.0,15193660.0,23.289457637145997,23.785938323209187,23.199188421498146,23.469996068441706,0.0902692156478527,287.0,
2016-08-02,362050.0,9451157.0,23.379726852793848,23.695669107561333,23.379726852793848,23.605399891913482,0.13540382347177904,185.0,
2016-08-03,353000.0,9174850.0,23.289457637145997,23.740803715385262,23.199188421498146,23.469996068441706,-0.13540382347177904,180.0,
2016-08-04,592258.0,15521733.0,23.51513067626563,23.876207538857038,23.469996068441706,23.560265284089557,0.0902692156478527,270.0,
2016-08-05,805500.0,21344025.0,23.785938323209187,24.10188057797667,23.650534499737407,24.01161136232882,0.4513460782392635,405.0,
2016-08-08,906101.0,23828465.0,24.417822832744157,24.462957440568083,23.289457637145997,23.379726852793848,-0.6318845095349688,398.0,
2016-08-09,783103.0,19884644.0,23.605399891913482,23.605399891913482,22.702707735434956,22.702707735434956,-0.6770191173588953,362.0,
2016-08-10,801496.0,19789901.0,22.702707735434956,22.838111558906732,22.070823225899982,22.11595783372391,-0.5867499017110426,342.0,
2016-08-11,1052066.0,26019133.0,22.025688618076057,22.883246166730657,21.619477147660724,22.34163087284354,0.22567303911963174,467.0,
2016-08-12,862306.0,20675794.0,22.11595783372391,22.52216930413925,20.98759263812575,21.52920793201287,-0.8124229408306743,467.0,
2016-08-15,457050.0,10731392.0,21.52920793201287,21.66461175548465,20.942458030301825,21.39380410854109,-0.13540382347177904,263.0,
2016-08-16,277502.0,6585797.0,21.574342539836792,21.574342539836792,21.303534892893236,21.52920793201287,0.13540382347177904,134.0,
2016-08-17,399721.0,9382616.0,21.484073324188945,21.484073324188945,20.98759263812575,21.438938716365016,-0.0902692156478527,238.0,
2016-08-18,536420.0,12519003.0,21.39380410854109,21.39380410854109,20.897323422477896,21.12299646159753,-0.3159422547674844,301.0,
2016-08-19,428720.0,10132106.0,21.213265677245385,21.619477147660724,21.168131069421456,21.25840028506931,0.13540382347177904,277.0,
2016-08-22,249134.0,5886675.0,21.303534892893236,21.438938716365016,21.213265677245385,21.348669500717165,0.0902692156478527,181.0,
2016-08-23,442100.0,10390665.0,21.39380410854109,21.39380410854109,21.032727245949676,21.213265677245385,-0.13540382347177904,227.0,
2016-08-24,700102.0,16597776.0,21.66461175548465,21.66461175548465,21.213265677245385,21.303534892893236,0.0902692156478527,375.0,
2016-08-25,1781202.0,41309915.0,21.448129021125542,22.701278132472204,21.448129021125542,22.412089876007588,0.0,921.0,
2016-08-26,665406.0,15185616.0,22.363891833263487,22.412089876007588,21.448129021125542,21.640921192101953,-0.7711686839056375,423.0,
2016-08-29,552018.0,12662309.0,22.07470357679887,22.363891833263487,21.930109448566565,21.97830749131067,0.3373862992087164,327.0,
2016-08-30,730444.0,16933917.0,22.026505534054774,22.604882046984,22.026505534054774,22.122901619542976,0.14459412823230702,293.0,
2016-08-31,682786.0,15756235.0,22.267495747775286,22.412089876007588,21.930109448566565,22.363891833263487,0.24099021372051171,306.0,
2016-09-01,960300.0,22664860.0,22.6530800897281,22.942268346192716,22.508485961495797,22.556684004239894,0.19279217097640938,464.0,
2016-09-02,762010.0,17404476.0,22.797674217960406,22.797674217960406,21.592723149357848,21.737317277590158,-0.8193667266497399,343.0,
2016-09-05,337500.0,7607050.0,22.026505534054774,22.122901619542976,21.496327063869646,21.592723149357848,-0.14459412823230702,188.0,
2016-09-06,334000.0,7614200.0,21.689119234846054,22.171099662287077,21.689119234846054,21.97830749131067,0.38558434195281877,178.0,
2016-09-07,272037.0,6250497.0,21.97830749131067,22.267495747775286,21.97830749131067,22.07470357679887,0.09639608548820469,127.0,
2016-09-08,404000.0,9365650.0,22.267495747775286,22.508485961495797,22.122901619542976,22.21929770503118,0.14459412823230702,212.0,
2016-09-09,390867.0,9122675.0,22.267495747775286,22.74947617521631,22.267495747775286,22.412089876007588,0.19279217097640938,202.0,
2016-09-10,341000.0,7918899.0,22.267495747775286,22.6530800897281,22.171099662287077,22.556684004239894,0.14459412823230702,179.0,
2016-09-12,985020.0,23575324.0,22.6530800897281,23.42424877363374,22.604882046984,22.701278132472204,0.14459412823230702,552.0,
2016-09-13,481957.0,11434429.0,23.135060517169126,23.135060517169126,22.604882046984,22.84587226070451,0.14459412823230702,224.0,
2016-09-14,351368.0,8376348.0,22.84587226070451,23.183258559913227,22.797674217960406,22.84587226070451,0.0,176.0,
2016-09-19,487000.0,11724150.0,23.038664431680917,23.520644859121944,22.894070303448615,23.135060517169126,0.28918825646461405,233.0,
2016-09-20,220500.0,5282549.0,23.327852688145533,23.327852688145533,22.99046638893682,23.135060517169126,0.0,144.0,
2016-09-21,192109.0,4625454.0,23.135060517169126,23.327852688145533,23.038664431680917,23.27965464540143,0.14459412823230702,128.0,
2016-09-22,307140.0,7410024.0,23.27965464540143,23.42424877363374,23.135060517169126,23.183258559913227,-0.09639608548820469,150.0,
2016-09-23,348360.0,8446753.0,23.376050730889638,23.61704094461015,23.23145660265733,23.27965464540143,0.09639608548820469,183.0,
2016-09-26,392100.0,9386190.0,23.135060517169126,23.23145660265733,22.894070303448615,22.894070303448615,-0.38558434195281877,172.0,
2016-09-29,303000.0,7212900.0,22.942268346192716,23.23145660265733,22.74947617521631,22.84587226070451,-0.048198042744102346,126.0,
2016-09-30,200500.0,4686349.0,22.6530800897281,22.701278132472204,22.460287918751693,22.508485961495797,-0.3373862992087164,127.0,
2016-10-03,487101.0,11638573.0,22.797674217960406,23.27965464540143,22.74947617521631,23.183258559913227,0.6747725984174328,233.0,
2016-10-04,180500.0,4326725.0,22.99046638893682,23.23145660265733,22.99046638893682,23.086862474425022,-0.09639608548820469,139.0,
2016-10-05,632313.0,15269236.0,23.086862474425022,23.520644859121944,23.038664431680917,23.472446816377843,0.38558434195281877,266.0,
2016-10-06,663500.0,16516400.0,23.61704094461015,24.243615500283475,23.61704094461015,23.809833115586557,0.3373862992087164,373.0,
2016-10-07,282000.0,6871250.0,23.906229201074762,24.002625286562967,23.27965464540143,23.327852688145533,-0.48198042744102343,165.0,
2016-10-11,339500.0,8124150.0,23.809833115586557,23.809833115586557,22.6530800897281,22.894070303448615,-0.4337823846969211,193.0,
2016-10-12,197209.0,4683232.0,22.701278132472204,23.135060517169126,22.604882046984,22.942268346192716,0.048198042744102346,124.0,
2016-10-13,1382338.0,33809562.0,23.135060517169126,23.954427243818866,23.086862474425022,23.27965464540143,0.3373862992087164,714.0,
2016-10-14,528101.0,12557433.0,23.27965464540143,23.520644859121944,22.6530800897281,22.701278132472204,-0.5783765129292281,233.0,
2016-10-17,162500.0,3863600.0,22.701278132472204,23.038664431680917,22.701278132472204,22.84587226070451,0.14459412823230702,100.0,
2016-10-18,155000.0,3689450.0,22.84587226070451,23.038664431680917,22.797674217960406,22.894070303448615,0.048198042744102346,60.0,
2016-10-19,185008.0,4379087.0,22.894070303448615,22.894070303448615,22.701278132472204,22.74947617521631,-0.14459412823230702,106.0,
2016-10-20,163500.0,3896575.0,22.84587226070451,23.23145660265733,22.797674217960406,22.797674217960406,0.048198042744102346,85.0,
2016-10-21,154500.0,3683500.0,22.84587226070451,23.183258559913227,22.84587226070451,22.894070303448615,0.09639608548820469,77.0,
2016-10-24,201356.0,4816372.0,22.942268346192716,23.183258559913227,22.894070303448615,22.942268346192716,0.048198042744102346,87.0,
2016-10-25,393300.0,9502678.0,22.942268346192716,23.42424877363374,22.942268346192716,23.376050730889638,0.4337823846969211,195.0,
2016-10-26,223000.0,5430050.0,23.520644859121944,23.713437030098355,23.27965464540143,23.27965464540143,-0.09639608548820469,132.0,
2016-10-27,140000.0,3375000.0,23.23145660265733,23.327852688145533,23.135060517169126,23.135060517169126,-0.14459412823230702,74.0,
2016-10-28,267000.0,6431800.0,23.23145660265733,23.42424877363374,23.135060517169126,23.135060517169126,0.0,107.0,
2016-10-31,373260.0,8854914.0,22.99046638893682,23.27965464540143,22.701278132472204,22.99046638893682,-0.14459412823230702,151.0,
2016-11-01,132114.0,3136934.0,22.894070303448615,23.038664431680917,22.84587226070451,22.84587226070451,-0.14459412823230702,56.0,
2016-11-02,253000.0,5954100.0,22.74947617521631,23.086862474425022,22.508485961495797,22.74947617521631,-0.09639608548820469,100.0,
2016-11-03,338403.0,7787298.0,22.556684004239894,22.6530800897281,21.881911405822464,21.881911405822464,-0.8675647693938422,165.0,
2016-11-04,209891.0,4779580.0,21.544525106613747,22.267495747775286,21.544525106613747,22.07470357679887,0.19279217097640938,98.0,
2016-11-07,50667.0,1169357.0,22.07470357679887,22.460287918751693,22.026505534054774,22.07470357679887,0.0,38.0,
2016-11-08,227500.0,5180200.0,22.556684004239894,22.556684004239894,21.592723149357848,21.737317277590158,-0.3373862992087164,129.0,
2016-11-09,576206.0,12527305.0,22.122901619542976,22.171099662287077,20.19497990977888,20.29137599526709,-1.4459412823230704,283.0,
2016-11-10,284000.0,6128750.0,20.96614859368452,21.110742721916825,20.38777208075529,21.110742721916825,0.8193667266497399,141.0,
2016-11-11,293000.0,6401250.0,21.110742721916825,21.351732935637337,20.725158379964007,21.351732935637337,0.24099021372051171,141.0,
2016-11-14,365501.0,7827170.0,21.20713880740503,21.20713880740503,20.435970123499395,20.773356422708112,-0.5783765129292281,190.0,
2016-11-15,222000.0,4780800.0,20.435970123499395,20.917950550940418,20.435970123499395,20.773356422708112,0.0,103.0,
2016-11-16,125888.0,2736102.0,21.110742721916825,21.110742721916825,20.821554465452213,20.869752508196314,0.09639608548820469,66.0,
2016-11-17,114400.0,2470360.0,20.869752508196314,21.014346636428623,20.628762294475802,20.725158379964007,-0.14459412823230702,65.0,
2016-11-18,265500.0,5785725.0,20.725158379964007,21.351732935637337,20.628762294475802,21.062544679172724,0.3373862992087164,151.0,
2016-11-21,134000.0,2919000.0,21.255336850149135,21.255336850149135,20.869752508196314,20.917950550940418,-0.14459412823230702,82.0,
2016-11-22,420500.0,9273750.0,21.014346636428623,21.689119234846054,20.96614859368452,21.15894076466093,0.24099021372051171,244.0,
2016-11-23,304000.0,6665700.0,21.496327063869646,21.496327063869646,20.917950550940418,21.014346636428623,-0.14459412823230702,158.0,
2016-11-24,319000.0,7041200.0,21.303534892893236,21.496327063869646,21.20713880740503,21.20713880740503,0.19279217097640938,129.0,
2016-11-25,120000.0,2637300.0,21.20713880740503,21.255336850149135,21.110742721916825,21.110742721916825,-0.09639608548820469,51.0,
2016-11-28,225097.0,4942324.0,21.20713880740503,21.351732935637337,21.014346636428623,21.110742721916825,0.0,105.0,
2016-11-29,130000.0,2858900.0,21.062544679172724,21.255336850149135,21.062544679172724,21.110742721916825,0.0,73.0,
2016-11-30,154050.0,3398055.0,21.110742721916825,21.448129021125542,21.062544679172724,21.20713880740503,0.09639608548820469,98.0,
2016-12-01,114000.0,2508650.0,21.351732935637337,21.351732935637337,21.110742721916825,21.20713880740503,0.0,68.0,
2016-12-02,86200.0,1881990.0,21.014346636428623,21.20713880740503,21.014346636428623,21.014346636428623,-0.19279217097640938,61.0,
2016-12-05,184500.0,4027675.0,21.062544679172724,21.20713880740503,20.917950550940418,21.15894076466093,0.14459412823230702,84.0,
2016-12-06,144461.0,3159971.0,21.20713880740503,21.20713880740503,21.014346636428623,21.062544679172724,-0.09639608548820469,84.0,
2016-12-07,1206500.0,27706299.0,21.20713880740503,22.604882046984,21.20713880740503,22.171099662287077,1.108554983114354,693.0,
2016-12-08,1292800.0,30022790.0,22.604882046984,22.604882046984,21.930109448566565,22.07470357679887,-0.09639608548820469,599.0,
2016-12-09,224482.0,5154336.0,21.97830749131067,22.315693790519383,21.97830749131067,22.07470357679887,0.0,120.0,
2016-12-12,293000.0,6705550.0,22.122901619542976,22.315693790519383,21.78551532033426,21.78551532033426,-0.28918825646461405,130.0,
2016-12-13,143910.0,3282825.0,21.78551532033426,22.21929770503118,21.78551532033426,21.930109448566565,0.14459412823230702,92.0,
2016-12-14,125500.0,2855025.0,22.171099662287077,22.171099662287077,21.83371336307836,21.881911405822464,-0.048198042744102346,78.0,
2016-12-15,127740.0,2910248.0,21.881911405822464,22.07470357679887,21.83371336307836,22.026505534054774,0.14459412823230702,61.0,
2016-12-16,214500.0,4914724.0,21.930109448566565,22.171099662287077,21.930109448566565,22.026505534054774,0.0,81.0,
2016-12-19,119000.0,2723850.0,22.21929770503118,22.21929770503118,21.930109448566565,21.97830749131067,-0.048198042744102346,67.0,
2016-12-20,139000.0,3158600.0,21.97830749131067,22.122901619542976,21.83371336307836,21.83371336307836,-0.14459412823230702,70.0,
2016-12-21,336500.0,7704774.0,21.881911405822464,22.267495747775286,21.78551532033426,21.881911405822464,0.048198042744102346,128.0,
2016-12-22,135343.0,3049918.0,21.881911405822464,21.881911405822464,21.640921192101953,21.689119234846054,-0.19279217097640938,69.0,
2016-12-23,84400.0,1904729.0,21.592723149357848,21.930109448566565,21.592723149357848,21.689119234846054,0.0,53.0,
2016-12-26,91500.0,2063650.0,21.689119234846054,21.881911405822464,21.640921192101953,21.689119234846054,0.0,55.0,
2016-12-27,78500.0,1761150.0,21.448129021125542,21.689119234846054,21.448129021125542,21.592723149357848,-0.09639608548820469,41.0,
2016-12-28,114500.0,2578450.0,21.39993097838144,22.026505534054774,21.39993097838144,21.592723149357848,0.0,72.0,
2016-12-29,73000.0,1637049.0,21.592723149357848,21.737317277590158,21.544525106613747,21.592723149357848,0.0,37.0,
2016-12-30,146000.0,3273550.0,21.592723149357848,21.689119234846054,21.496327063869646,21.592723149357848,0.0,68.0,
2017-01-03,78500.0,1768975.0,21.592723149357848,21.83371336307836,21.592723149357848,21.78551532033426,0.19279217097640938,42.0,
2017-01-04,137600.0,3111390.0,21.78551532033426,21.881911405822464,21.689119234846054,21.881911405822464,0.09639608548820469,73.0,
2017-01-05,652000.0,15152450.0,22.267495747775286,22.604882046984,22.267495747775286,22.460287918751693,0.5783765129292281,345.0,
2017-01-06,186008.0,4308084.0,22.460287918751693,22.556684004239894,22.21929770503118,22.315693790519383,-0.14459412823230702,105.0,
2017-01-09,217000.0,5002550.0,22.412089876007588,22.460287918751693,22.07470357679887,22.122901619542976,-0.19279217097640938,99.0,
2017-01-10,82000.0,1884450.0,22.171099662287077,22.21929770503118,22.07470357679887,22.171099662287077,0.048198042744102346,52.0,
2017-01-11,106000.0,2431249.0,22.171099662287077,22.21929770503118,22.07470357679887,22.07470357679887,-0.09639608548820469,57.0,
2017-01-12,138000.0,3157550.0,22.07470357679887,22.122901619542976,21.97830749131067,21.97830749131067,-0.09639608548820469,58.0,
2017-01-13,81500.0,1849900.0,21.881911405822464,21.97830749131067,21.83371336307836,21.881911405822464,-0.09639608548820469,54.0,
2017-01-16,83500.0,1880800.0,21.881911405822464,21.881911405822464,21.689119234846054,21.689119234846054,-0.19279217097640938,51.0,
2017-01-17,242342.0,5448177.0,21.640921192101953,21.881911405822464,21.592723149357848,21.689119234846054,0.0,100.0,
2017-01-18,161000.0,3624400.0,21.640921192101953,21.83371336307836,21.592723149357848,21.640921192101953,-0.048198042744102346,90.0,
2017-01-19,116000.0,2600950.0,21.544525106613747,21.689119234846054,21.544525106613747,21.689119234846054,0.048198042744102346,70.0,
2017-01-20,177241.0,3985395.0,21.544525106613747,21.83371336307836,21.544525106613747,21.592723149357848,-0.09639608548820469,72.0,
2017-01-23,212000.0,4804400.0,21.83371336307836,22.171099662287077,21.640921192101953,21.689119234846054,0.09639608548820469,123.0,
2017-01-24,162000.0,3670350.0,21.737317277590158,21.97830749131067,21.737317277590158,21.78551532033426,0.09639608548820469,75.0,
2017-02-02,187755.0,4237625.0,21.83371336307836,21.930109448566565,21.640921192101953,21.881911405822464,0.09639608548820469,88.0,
2017-02-03,216380.0,4940695.0,21.97830749131067,22.122901619542976,21.83371336307836,21.97830749131067,0.09639608548820469,115.0,
2017-02-06,473681.0,10996296.0,22.026505534054774,22.556684004239894,22.026505534054774,22.267495747775286,0.28918825646461405,231.0,
2017-02-07,284200.0,6531420.0,22.267495747775286,22.556684004239894,21.930109448566565,21.930109448566565,-0.3373862992087164,150.0,
2017-02-08,158300.0,3625474.0,21.97830749131067,22.21929770503118,21.97830749131067,22.026505534054774,0.09639608548820469,102.0,
2017-02-09,957503.0,22408444.0,22.171099662287077,22.894070303448615,22.07470357679887,22.363891833263487,0.3373862992087164,451.0,
2017-02-10,326395.0,7595964.0,22.460287918751693,22.74947617521631,22.21929770503118,22.267495747775286,-0.09639608548820469,184.0,
2017-02-13,194500.0,4488325.0,22.122901619542976,22.363891833263487,22.122901619542976,22.21929770503118,-0.048198042744102346,117.0,
2017-02-14,250526.0,5743289.0,22.171099662287077,22.363891833263487,21.689119234846054,22.07470357679887,-0.14459412823230702,133.0,
2017-02-15,130500.0,2996700.0,22.07470357679887,22.21929770503118,22.07470357679887,22.122901619542976,0.048198042744102346,88.0,
2017-02-16,109010.0,2503329.0,22.267495747775286,22.267495747775286,21.97830749131067,22.171099662287077,0.048198042744102346,65.0,
2017-02-17,3461652.0,85236273.0,22.363891833263487,24.340011585771684,22.363891833263487,23.85803115833066,1.6869314960435822,1621.0,
2017-02-18,2434350.0,61613084.0,24.340011585771684,24.821992013212707,24.099021372051173,24.29181354302758,0.4337823846969211,1197.0,
2017-02-20,1487882.0,37507871.0,24.29181354302758,24.773793970468606,23.85803115833066,24.002625286562967,-0.28918825646461405,672.0,
2017-02-21,1495500.0,37607750.0,24.002625286562967,24.773793970468606,23.66523898735425,24.773793970468606,0.7711686839056375,736.0,
2017-02-22,2418850.0,62759789.0,25.111180269677323,25.400368526141936,24.581001799492196,24.581001799492196,-0.19279217097640938,1146.0,
2017-02-23,1161404.0,29991959.0,24.725595927724502,25.448566568886037,24.243615500283475,24.243615500283475,-0.3373862992087164,599.0,
2017-02-24,434000.0,10811850.0,24.388209628515785,24.388209628515785,23.85803115833066,23.954427243818866,-0.28918825646461405,290.0,
2017-03-01,534600.0,13154969.0,23.954427243818866,24.195417457539378,23.27965464540143,23.568842901866045,-0.38558434195281877,308.0,
2017-03-02,847000.0,20407250.0,23.61704094461015,23.761635072842452,22.894070303448615,22.99046638893682,-0.5783765129292281,526.0,
2017-03-03,343500.0,8248200.0,23.038664431680917,23.327852688145533,22.99046638893682,23.086862474425022,0.09639608548820469,185.0,
2017-03-06,237500.0,5646900.0,23.23145660265733,23.27965464540143,22.74947617521631,22.84587226070451,-0.24099021372051171,148.0,
2017-03-07,266524.0,6365063.0,23.086862474425022,23.327852688145533,22.84587226070451,22.84587226070451,0.0,183.0,
2017-03-08,346330.0,8329003.0,22.99046638893682,23.27965464540143,22.99046638893682,23.23145660265733,0.38558434195281877,209.0,
2017-03-09,262500.0,6273849.0,23.376050730889638,23.472446816377843,22.701278132472204,22.701278132472204,-0.5301784701851259,153.0,
2017-03-10,416330.0,9676622.0,22.701278132472204,22.797674217960406,22.267495747775286,22.412089876007588,-0.28918825646461405,240.0,
2017-03-13,174400.0,4074040.0,22.604882046984,22.604882046984,22.412089876007588,22.604882046984,0.19279217097640938,95.0,
2017-03-14,517000.0,12329650.0,22.6530800897281,23.23145660265733,22.6530800897281,23.183258559913227,0.5783765129292281,299.0,
2017-03-15,2150185.0,53711093.0,23.23145660265733,24.6773978849804,22.942268346192716,24.050823329307068,0.8675647693938422,1206.0,
2017-03-16,567005.0,14145123.0,24.388209628515785,24.388209628515785,23.761635072842452,23.809833115586557,-0.24099021372051171,276.0,
2017-03-17,393066.0,9766793.0,24.099021372051173,24.099021372051173,23.809833115586557,23.954427243818866,0.14459412823230702,173.0,
2017-03-20,662500.0,16628375.0,24.002625286562967,24.340011585771684,24.002625286562967,24.147219414795277,0.19279217097640938,282.0,
2017-03-21,5496543.0,143051205.0,24.581001799492196,25.496764611630137,24.43640767125989,25.496764611630137,1.3495451968348655,2396.0,
2017-03-22,5075905.0,134784303.0,25.496764611630137,25.882348953582962,25.06298222693322,25.689556782606548,0.19279217097640938,2125.0,
2017-03-23,1739653.0,45685691.0,25.689556782606548,25.689556782606548,25.06298222693322,25.159378312421424,-0.5301784701851259,799.0,
2017-03-24,3193187.0,85716512.0,25.111180269677323,26.412527423768083,25.111180269677323,25.25577439790963,0.09639608548820469,1659.0,
2017-03-27,1412653.0,36055575.0,25.25577439790963,25.30397244065373,24.050823329307068,24.099021372051173,-1.1567530258584562,716.0,
2017-03-28,1081783.0,26838998.0,24.195417457539378,24.43640767125989,23.42424877363374,23.954427243818866,-0.14459412823230702,534.0,
2017-03-29,412410.0,10260767.0,24.29181354302758,24.29181354302758,23.85803115833066,23.906229201074762,-0.048198042744102346,220.0,
2017-03-30,661012.0,16831704.0,23.906229201074762,24.918388098700913,23.906229201074762,24.6773978849804,0.7711686839056375,406.0,
2017-03-31,4888530.0,133658166.0,24.6773978849804,27.13549806492962,24.340011585771684,27.13549806492962,2.4581001799492195,2186.0,
2017-04-05,2644749.0,81854979.0,29.834588458599352,29.834588458599352,29.834588458599352,29.834588458599352,2.699090393669731,956.0,
2017-04-06,12052468.0,381903489.0,30.7985493134814,31.521519954642933,29.593598244878837,30.17197475780807,0.3373862992087164,5768.0,
2017-04-07,4941804.0,149752348.0,29.882786501343453,30.123776715063965,28.62963738999679,29.30440998841422,-0.8675647693938422,2511.0,
2017-04-10,9711300.0,317107416.0,29.256211945670124,32.19629255306036,29.208013902926023,32.19629255306036,2.891882564646141,3863.0,
2017-04-11,7746825.0,250585505.0,32.292688638548576,32.292688638548576,29.641796287622938,29.979182586831662,-2.217109966228708,3894.0,
2017-04-12,5457103.0,160978037.0,28.918825646461407,29.593598244878837,27.665676535114745,27.906666748835256,-2.0725158379964004,2886.0,
2017-04-13,3500970.0,104083772.0,27.617478492370644,29.40080607390243,27.617478492370644,27.95486479157936,0.048198042744102346,2005.0,
2017-04-14,7058150.0,214038802.0,28.436845219020384,30.268370843296267,28.244053048043977,28.244053048043977,0.28918825646461405,3599.0,
2017-04-17,2622850.0,74348919.0,28.340449133532175,29.208013902926023,26.653517637488594,27.183696107673722,-1.0603569403702517,1487.0,
2017-04-18,2502103.0,73025152.0,27.95486479157936,28.822429560973198,27.56928044962654,28.099458919811667,0.9157628121379444,1376.0,
2017-04-19,2032253.0,57763534.0,28.147656962555768,28.340449133532175,26.942705893953207,26.942705893953207,-1.1567530258584562,1110.0,
2017-04-20,1922833.0,52922528.0,26.798111765720904,27.42468632139423,25.882348953582962,25.97874503907116,-0.9639608548820469,1003.0,
2017-04-21,1077000.0,29450750.0,26.557121552000392,26.7017156802327,26.07514112455937,26.219735252791676,0.24099021372051171,535.0,
2017-04-24,1087321.0,28876573.0,25.689556782606548,26.412527423768083,25.35217048339783,25.35217048339783,-0.8675647693938422,587.0,
2017-04-25,714577.0,19020490.0,25.593160697118346,25.93054699632706,25.448566568886037,25.737754825350653,0.38558434195281877,417.0,
2017-04-26,3551064.0,100322944.0,26.026943081815265,27.76207262060295,26.026943081815265,27.039101979441416,1.3013471540907633,2053.0,
2017-04-27,1760500.0,49767250.0,26.798111765720904,27.665676535114745,26.798111765720904,26.990903936697315,-0.048198042744102346,928.0,
2017-04-28,3464212.0,99853534.0,27.280092193161927,28.533241304508586,26.942705893953207,27.665676535114745,0.6747725984174328,1855.0,
2017-05-02,2805600.0,81557170.0,28.099458919811667,28.533241304508586,27.472884364138338,27.665676535114745,0.0,1516.0,
2017-05-03,1690000.0,49071700.0,27.858468706091152,28.533241304508586,27.280092193161927,27.280092193161927,-0.38558434195281877,940.0,
2017-05-04,950700.0,26813454.0,27.280092193161927,27.665676535114745,26.990903936697315,27.13549806492962,-0.14459412823230702,580.0,
2017-05-05,809500.0,22503700.0,27.183696107673722,27.280092193161927,26.605319594744493,26.653517637488594,-0.48198042744102343,441.0,
2017-05-08,805100.0,21830830.0,26.7017156802327,26.7017156802327,25.882348953582962,25.93054699632706,-0.7229706411615352,497.0,
2017-05-09,990100.0,26496470.0,25.882348953582962,26.412527423768083,25.448566568886037,25.737754825350653,-0.19279217097640938,513.0,
2017-05-10,906500.0,24656450.0,25.737754825350653,26.894507851209106,25.737754825350653,26.219735252791676,0.48198042744102343,565.0,
2017-05-11,900020.0,24120033.0,26.267933295535776,26.267933295535776,25.593160697118346,25.593160697118346,-0.6265745556733304,468.0,
2017-05-12,1180500.0,31847049.0,25.737754825350653,26.460725466512184,25.689556782606548,25.737754825350653,0.14459412823230702,622.0,
2017-05-15,573766.0,15514832.0,25.93054699632706,26.31613133827988,25.882348953582962,26.026943081815265,0.28918825646461405,363.0,
2017-05-16,443200.0,11929770.0,26.31613133827988,26.31613133827988,25.834150910838854,25.882348953582962,-0.14459412823230702,250.0,
2017-05-17,929020.0,25376692.0,26.12333916730347,26.653517637488594,25.882348953582962,26.364329381023985,0.48198042744102343,524.0,
2017-05-18,556000.0,15014350.0,25.93054699632706,26.31613133827988,25.834150910838854,25.93054699632706,-0.4337823846969211,263.0,
2017-05-19,409472.0,11097502.0,26.12333916730347,26.267933295535776,26.026943081815265,26.026943081815265,0.09639608548820469,233.0,
2017-05-22,467301.0,12818936.0,26.31613133827988,26.7499137229768,26.219735252791676,26.267933295535776,0.24099021372051171,299.0,
2017-05-23,2138114.0,63758763.0,28.051260877067563,28.870627603717306,28.051260877067563,28.870627603717306,2.6026943081815266,785.0,
2017-05-24,25000274.0,780910111.0,29.689994330367046,31.714312125619344,29.01522173194961,31.714312125619344,2.8436845219020386,11071.0,
2017-05-25,37206712.0,1290227344.0,32.19629255306036,34.60619469026548,32.00350038208396,34.02781817733625,2.3135060517169124,17341.0,
2017-05-26,10752512.0,371785639.0,33.25664949343062,33.73862992087164,32.82286710873369,33.73862992087164,-0.28918825646461405,5494.0,
2017-05-31,5534700.0,187854802.0,33.49763970715112,33.49763970715112,32.34088668129267,32.437282766780875,-1.3013471540907633,2875.0,
2017-06-01,23554625.0,844155975.0,32.77466906598959,35.66655163063573,32.77466906598959,35.66655163063573,3.229268863854857,11516.0,
2017-06-02,13079273.0,474636851.0,36.05213597258855,36.05213597258855,34.268808391056766,34.79898686124189,-0.8675647693938422,6287.0,
2017-06-03,20982739.0,802659982.0,34.65439273300959,38.028255725096756,34.65439273300959,36.43772031454137,1.6387334532994797,11341.0,
2017-06-05,14006381.0,539903291.0,36.24492814356496,37.739067468632136,35.95573988710034,36.63051248551778,0.19279217097640938,7201.0,
2017-06-06,5251601.0,199100305.0,36.34132422905317,37.11249291295881,36.24492814356496,36.34132422905317,-0.28918825646461405,2727.0,
2017-06-07,9231762.0,340852744.0,36.726908571005985,37.11249291295881,34.75078881849778,34.8953829467301,-1.4459412823230704,4787.0,
2017-06-08,4594209.0,168573476.0,35.37736337417112,36.05213597258855,34.9435809894742,35.088175117706506,0.19279217097640938,2550.0,
2017-06-09,5689988.0,202738522.0,35.52195750240343,35.66655163063573,33.54583774989523,33.97962013459215,-1.108554983114354,3101.0,
2017-06-12,4395500.0,156780875.0,34.12421426282445,34.8953829467301,33.40124362166292,34.31700643380087,0.3373862992087164,2380.0,
2017-06-13,2161112.0,76753087.0,34.172412305568564,34.50979860477728,33.97962013459215,34.41340251928907,0.09639608548820469,1076.0,
2017-06-14,4919269.0,170409718.0,34.60619469026548,34.8953829467301,32.58187689501318,32.726471023245495,-1.6869314960435822,2463.0,
2017-06-15,3975000.0,133210400.0,32.871065151477794,33.353045578918824,31.810708211107546,32.05169842482806,-0.6747725984174328,1931.0,
2017-06-16,15676103.0,558299213.0,32.48548080952498,35.23276924593881,32.38908472403678,35.23276924593881,3.1810708211107546,7339.0,
2017-06-19,13954880.0,510318368.0,34.847184903986,35.95573988710034,34.31700643380087,35.280967288682916,0.048198042744102346,7025.0,
2017-06-20,20234942.0,755172262.0,35.37736337417112,36.9678987847265,34.22061034831267,34.31700643380087,-0.9639608548820469,10736.0,
2017-06-21,6347817.0,228404620.0,34.31700643380087,35.184571203194714,33.931422091848056,35.184571203194714,0.8675647693938422,3101.0,
2017-06-22,6918106.0,254373775.0,35.57015554514753,35.95573988710034,34.702590775753684,34.702590775753684,-0.48198042744102343,3389.0,
2017-06-23,3021322.0,109067024.0,35.13637316045061,35.23276924593881,34.31700643380087,34.79898686124189,0.09639608548820469,1716.0,
2017-06-26,3326780.0,119814645.0,34.8953829467301,35.37736337417112,34.31700643380087,34.41340251928907,-0.38558434195281877,1814.0,
2017-06-27,4244196.0,149291815.0,34.60619469026548,34.79898686124189,33.54583774989523,33.54583774989523,-0.8675647693938422,2209.0,
2017-06-28,3226876.0,109891734.0,33.063857322454204,33.25664949343062,32.53367885226908,32.77466906598959,-0.7711686839056375,1681.0,
2017-06-29,2519400.0,85871490.0,33.449441664407026,33.449441664407026,32.38908472403678,32.38908472403678,-0.38558434195281877,1301.0,
2017-06-30,3874017.0,131045928.0,32.05169842482806,33.30484753617472,31.47332191189883,32.82286710873369,0.4337823846969211,2068.0,
2017-07-03,1116802.0,37950795.0,32.82286710873369,33.20845145068652,32.38908472403678,32.38908472403678,-0.4337823846969211,692.0,
2017-07-04,1536200.0,51437709.0,32.292688638548576,32.726471023245495,31.810708211107546,31.810708211107546,-0.5783765129292281,836.0,
2017-07-05,7106925.0,245038600.0,32.00350038208396,34.02781817733625,31.810708211107546,33.449441664407026,1.6387334532994797,3765.0,
2017-07-06,1909735.0,65700857.0,33.449441664407026,33.449441664407026,32.96746123696601,33.063857322454204,-0.38558434195281877,1048.0,
2017-07-07,1996481.0,68766823.0,33.063857322454204,33.69043187812754,32.82286710873369,32.82286710873369,-0.24099021372051171,1097.0,
2017-07-10,1677488.0,57388987.0,32.919263194221905,33.49763970715112,32.53367885226908,32.53367885226908,-0.28918825646461405,922.0,
2017-07-11,1388009.0,46905006.0,32.67827298050139,33.063857322454204,32.292688638548576,32.292688638548576,-0.24099021372051171,791.0,
2017-07-12,1307188.0,44172325.0,32.34088668129267,32.96746123696601,32.292688638548576,32.48548080952498,0.19279217097640938,797.0,
2017-07-13,2229121.0,76068264.0,32.77466906598959,33.160253407942406,32.63007493775729,32.67827298050139,0.19279217097640938,1131.0,
2017-07-14,1286400.0,43869040.0,33.063857322454204,33.20845145068652,32.67827298050139,32.67827298050139,0.0,641.0,
2017-07-17,1404310.0,47203083.0,32.67827298050139,32.726471023245495,32.14809451031626,32.292688638548576,-0.38558434195281877,760.0,
2017-07-18,1176700.0,39491330.0,32.292688638548576,32.58187689501318,32.19629255306036,32.38908472403678,0.09639608548820469,630.0,
2017-07-19,11233602.0,398804195.0,32.67827298050139,35.184571203194714,32.48548080952498,34.75078881849778,2.361704094461015,6091.0,
2017-07-20,4965142.0,177350989.0,34.75078881849778,35.13637316045061,33.931422091848056,33.931422091848056,-0.8193667266497399,2547.0,
2017-07-21,4259222.0,152168269.0,34.22061034831267,35.088175117706506,33.931422091848056,33.931422091848056,0.0,2194.0,
2017-07-24,2534035.0,89952081.0,34.02781817733625,34.75078881849778,33.83502600635985,33.931422091848056,0.0,1290.0,
2017-07-25,2345700.0,81765368.0,34.12421426282445,34.461600562033176,33.30484753617472,33.353045578918824,-0.5783765129292281,1256.0,
2017-07-26,1964722.0,67528698.0,33.73862992087164,33.83502600635985,32.871065151477794,32.871065151477794,-0.48198042744102343,1136.0,
2017-07-27,12500241.0,447574026.0,33.40124362166292,35.280967288682916,33.160253407942406,34.22061034831267,1.3495451968348655,6685.0,
2017-07-28,3586500.0,126523700.0,34.22061034831267,34.702590775753684,33.54583774989523,33.69043187812754,-0.5301784701851259,1836.0,
2017-07-31,1410050.0,48855190.0,33.73862992087164,33.73862992087164,33.20845145068652,33.353045578918824,-0.3373862992087164,794.0,
2017-08-01,5997245.0,215526445.0,33.97962013459215,35.088175117706506,33.97962013459215,34.22061034831267,0.8675647693938422,3054.0,
2017-08-02,2116430.0,75292207.0,34.36520447654497,34.65439273300959,34.02781817733625,34.12421426282445,-0.09639608548820469,1097.0,
2017-08-03,1889040.0,66161700.0,34.12421426282445,34.268808391056766,33.642233835383436,33.642233835383436,-0.48198042744102343,971.0,
2017-08-04,7979247.0,288562842.0,33.931422091848056,35.280967288682916,33.931422091848056,34.702590775753684,1.0603569403702517,4106.0,
2017-08-07,15274635.0,582060531.0,35.0399770749624,37.93185963960855,35.0399770749624,37.883661596864435,3.1810708211107546,7686.0,
2017-08-08,16956431.0,671519709.0,38.799424409002384,39.85978134937264,36.823304656494194,36.823304656494194,-1.0603569403702517,8688.0,
2017-08-09,5166079.0,194924093.0,37.11249291295881,37.353483126679315,35.57015554514753,35.85934380161215,-0.9639608548820469,2761.0,
2017-08-10,5749200.0,210159747.0,36.19673010082086,36.77510661375009,34.22061034831267,34.22061034831267,-1.6387334532994797,2993.0,
2017-08-11,3285892.0,117914540.0,34.172412305568564,34.9917790322183,34.02781817733625,34.8953829467301,0.6747725984174328,1781.0,
2017-08-14,4600316.0,159579410.0,35.37736337417112,35.37736337417112,32.292688638548576,32.292688638548576,-2.6026943081815266,2419.0,
2017-08-15,2113600.0,72549210.0,33.30484753617472,33.54583774989523,32.77466906598959,33.20845145068652,0.9157628121379444,1150.0,
2017-08-16,1347869.0,46514529.0,33.11205536519831,33.59403579263934,32.77466906598959,33.063857322454204,-0.14459412823230702,802.0,
2017-08-17,2203500.0,77479825.0,33.49763970715112,34.268808391056766,33.30484753617472,33.97962013459215,0.9157628121379444,1216.0,
2017-08-18,1342107.0,46757498.0,33.11205536519831,33.88322404910395,33.11205536519831,33.88322404910395,-0.09639608548820469,699.0,
2017-08-21,1153757.0,40604273.0,33.931422091848056,34.172412305568564,33.73862992087164,33.73862992087164,-0.14459412823230702,647.0,
2017-08-22,4997507.0,181005201.0,34.076016220080355,35.66655163063573,33.931422091848056,34.60619469026548,0.8675647693938422,2737.0,
2017-08-23,2864363.0,102745454.0,34.9435809894742,35.37736337417112,34.02781817733625,34.02781817733625,-0.5783765129292281,1525.0,
2017-08-24,1949450.0,69690202.0,34.41340251928907,34.8953829467301,34.12421426282445,34.60619469026548,0.5783765129292281,1088.0,
2017-08-25,3112956.0,112335126.0,34.75221238938053,35.82300884955752,34.60619469026548,34.60619469026548,0.0,1820.0,
2017-08-28,1836283.0,64711992.0,34.84955752212389,35.044247787610615,34.07079646017699,34.07079646017699,-0.5353982300884956,1005.0,
2017-08-29,1215250.0,42464487.0,34.216814159292035,34.557522123893804,33.7787610619469,33.82743362831858,-0.24336283185840707,693.0,
2017-08-30,1548200.0,54155250.0,34.16814159292036,34.46017699115044,33.82743362831858,33.87610619469026,0.048672566371681415,819.0,
2017-08-31,1122600.0,39163809.0,34.16814159292036,34.41150442477876,33.73008849557522,33.73008849557522,-0.14601769911504422,659.0,
2017-09-01,1315200.0,45359650.0,34.07079646017699,34.07079646017699,33.38938053097345,33.48672566371681,-0.24336283185840707,736.0,
2017-09-04,1619747.0,54993371.0,33.19469026548673,33.19469026548673,32.902654867256636,32.902654867256636,-0.5840707964601769,909.0,
2017-09-05,1081500.0,36970450.0,33.38938053097345,33.48672566371681,33.097345132743364,33.38938053097345,0.48672566371681414,521.0,
2017-09-06,1330600.0,45311397.0,33.243362831858406,33.73008849557522,32.80530973451327,32.902654867256636,-0.48672566371681414,740.0,
2017-09-07,10132600.0,362719527.0,33.38938053097345,35.92035398230088,33.38938053097345,34.3141592920354,1.411504424778761,5314.0,
2017-09-08,3775100.0,134247775.0,34.94690265486725,35.482300884955755,33.97345132743362,33.97345132743362,-0.3407079646017699,1941.0,
2017-09-11,4650000.0,166718448.0,34.703539823008846,35.43362831858407,34.16814159292036,35.14159292035398,1.1681415929203538,2523.0,
2017-09-12,3262363.0,117501117.0,35.6283185840708,35.72566371681416,34.557522123893804,34.557522123893804,-0.5840707964601769,1581.0,
2017-09-13,2543353.0,91059131.0,34.94690265486725,35.28761061946903,34.46017699115044,34.60619469026548,0.048672566371681415,1260.0,
2017-09-14,1416000.0,50439250.0,34.80088495575221,34.99557522123894,34.36283185840708,34.75221238938053,0.14601769911504422,789.0,
2017-09-15,21118819.0,805693646.0,35.044247787610615,38.110619469026545,34.89823008849557,36.69911504424779,1.9469026548672566,9878.0,
2017-09-18,19926534.0,784062142.0,37.477876106194685,39.71681415929203,36.991150442477874,36.991150442477874,0.29203539823008845,9808.0,
2017-09-19,5643177.0,211448012.0,37.08849557522124,37.769911504424776,35.77433628318584,35.82300884955752,-1.1681415929203538,3020.0,
2017-09-20,5806700.0,213551550.0,36.26106194690265,36.991150442477874,34.60619469026548,34.99557522123894,-0.827433628318584,3045.0,
2017-09-21,2967932.0,106565510.0,35.14159292035398,35.38495575221239,34.60619469026548,34.94690265486725,-0.048672566371681415,1510.0,
2017-09-22,4598325.0,163007557.0,35.23893805309735,35.6283185840708,33.87610619469026,33.924778761061944,-1.0221238938053097,2240.0,
2017-09-25,2183139.0,74909467.0,33.924778761061944,34.07079646017699,33.097345132743364,33.243362831858406,-0.6814159292035398,1108.0,
2017-09-26,2117100.0,72484410.0,33.29203539823009,33.87610619469026,32.902654867256636,33.0,-0.24336283185840707,1130.0,
2017-09-27,1868965.0,63587710.0,33.243362831858406,33.584070796460175,32.75663716814159,33.14601769911504,0.14601769911504422,1078.0,
2017-09-28,2084381.0,71154555.0,33.48672566371681,33.48672566371681,33.0,33.48672566371681,0.3407079646017699,1079.0,
2017-09-29,1897313.0,65283435.0,33.68141592920354,34.02212389380531,33.097345132743364,33.097345132743364,-0.3893805309734513,1055.0,
2017-09-30,904300.0,31173225.0,33.5353982300885,33.87610619469026,33.29203539823009,33.87610619469026,0.7787610619469026,541.0,
2017-10-02,941290.0,32757842.0,33.87610619469026,34.02212389380531,33.584070796460175,33.87610619469026,0.0,589.0,
2017-10-03,1034222.0,35839992.0,33.97345132743362,34.07079646017699,33.584070796460175,33.63274336283185,-0.24336283185840707,628.0,
2017-10-05,3569200.0,125689479.0,33.924778761061944,34.84955752212389,33.7787610619469,33.7787610619469,0.14601769911504422,1620.0,
2017-10-06,1323519.0,45563948.0,34.07079646017699,34.07079646017699,33.19469026548673,33.243362831858406,-0.5353982300884956,663.0,
2017-10-11,1413100.0,47866040.0,33.5353982300885,33.63274336283185,32.70796460176991,32.85398230088495,-0.3893805309734513,747.0,
2017-10-12,3748500.0,130558999.0,33.0,34.557522123893804,32.659292035398224,33.584070796460175,0.7300884955752212,2146.0,
2017-10-13,1290350.0,44837550.0,33.63274336283185,34.07079646017699,33.29203539823009,34.07079646017699,0.48672566371681414,706.0,
2017-10-16,2903000.0,103040100.0,34.216814159292035,34.94690265486725,34.07079646017699,34.26548672566372,0.19469026548672566,1532.0,
2017-10-17,963100.0,33594610.0,34.557522123893804,34.60619469026548,33.584070796460175,33.584070796460175,-0.6814159292035398,555.0,
2017-10-18,955000.0,32696400.0,33.87610619469026,33.87610619469026,33.097345132743364,33.29203539823009,-0.29203539823008845,530.0,
2017-10-19,2966858.0,104159071.0,33.584070796460175,34.65486725663717,33.5353982300885,33.82743362831858,0.5353982300884956,1516.0,
2017-10-20,996100.0,34340940.0,33.48672566371681,33.97345132743362,33.34070796460177,33.48672566371681,-0.3407079646017699,531.0,
2017-10-23,957050.0,33342245.0,33.73008849557522,34.16814159292036,33.584070796460175,33.97345132743362,0.48672566371681414,539.0,
2017-10-24,865000.0,29954400.0,34.07079646017699,34.26548672566372,33.5353982300885,33.584070796460175,-0.3893805309734513,525.0,
2017-10-25,7772356.0,278728386.0,33.924778761061944,35.530973451327434,33.924778761061944,34.60619469026548,1.0221238938053097,3879.0,
2017-10-26,6238982.0,225778932.0,34.36283185840708,35.82300884955752,34.36283185840708,35.82300884955752,1.2168141592920354,2674.0,
2017-10-27,6620643.0,238022460.0,35.82300884955752,36.21238938053097,33.29203539823009,33.97345132743362,-1.8495575221238936,2819.0,
2017-10-30,2789000.0,98150400.0,34.216814159292035,35.044247787610615,33.48672566371681,33.924778761061944,-0.048672566371681415,1350.0,
2017-10-31,3601410.0,127060931.0,34.46017699115044,34.65486725663717,33.924778761061944,34.26548672566372,0.3407079646017699,1556.0,
2017-11-01,14281994.0,524427070.0,34.99557522123894,36.50442477876106,34.41150442477876,36.4070796460177,2.1415929203539825,6293.0,
2017-11-02,20401390.0,791004145.0,36.69911504424779,38.93805309734513,36.4070796460177,36.69911504424779,0.29203539823008845,10050.0,
2017-11-03,7333436.0,277753835.0,36.79646017699115,37.915929203539825,36.017699115044245,36.455752212389385,-0.24336283185840707,3809.0,
2017-11-06,4181370.0,153848892.0,36.79646017699115,36.942477876106196,35.14159292035398,35.530973451327434,-0.9247787610619468,2249.0,
2017-11-07,15039932.0,578224402.0,35.43362831858407,38.20796460176991,35.43362831858407,37.81858407079646,2.2876106194690267,7327.0,
2017-11-08,4389596.0,167739238.0,37.81858407079646,37.81858407079646,36.84513274336283,36.89380530973451,-0.9247787610619468,2298.0,
2017-11-09,6638100.0,245050040.0,36.991150442477874,37.575221238938056,34.26548672566372,34.89823008849557,-1.9955752212389377,3268.0,
2017-11-10,3145945.0,114205198.0,34.75221238938053,35.82300884955752,34.36283185840708,35.43362831858407,0.5353982300884956,1676.0,
2017-11-13,2154782.0,77298565.0,35.23893805309735,35.530973451327434,34.65486725663717,34.94690265486725,-0.48672566371681414,985.0,
2017-11-14,2281200.0,82261630.0,35.6283185840708,35.72566371681416,34.46017699115044,35.23893805309735,0.29203539823008845,1046.0,
2017-11-15,5340000.0,197851650.0,35.82300884955752,36.650442477876105,35.57964601769911,35.72566371681416,0.48672566371681414,2741.0,
2017-11-16,5422710.0,204066362.0,35.6283185840708,37.33185840707964,35.482300884955755,36.26106194690265,0.5353982300884956,2706.0,
2017-11-17,8402400.0,321134777.0,36.942477876106196,37.7212389380531,36.50442477876106,37.52654867256637,1.2654867256637168,3639.0,
2017-11-20,4586800.0,176705266.0,37.81858407079646,38.15929203539823,36.991150442477874,37.03982300884955,-0.48672566371681414,2121.0,
2017-11-21,17195309.0,694022178.0,37.33185840707964,40.73893805309734,37.33185840707964,40.73893805309734,3.699115044247787,6972.0,
2017-11-22,19296835.0,871624010.0,42.83185840707964,44.7787610619469,42.83185840707964,44.7787610619469,4.039823008849558,6977.0,
2017-11-23,44620101.0,2133639694.0,46.62831858407079,48.67256637168141,45.02212389380531,47.358407079646014,2.579646017699115,21033.0,
2017-11-24,13869666.0,674016959.0,47.358407079646014,48.42920353982301,46.43362831858407,47.11504424778761,-0.24336283185840707,7551.0,
2017-11-27,9443000.0,445518893.0,45.89823008849557,47.017699115044245,44.876106194690266,45.75221238938053,-1.3628318584070795,4802.0,
2017-11-28,14416817.0,695162034.0,46.62831858407079,48.13716814159292,45.5575221238938,46.28761061946902,0.5353982300884956,7763.0,
2017-11-29,11452080.0,549947074.0,46.53097345132743,48.03982300884956,45.36283185840708,46.57964601769911,0.29203539823008845,5891.0,
2017-11-30,7789834.0,367381910.0,45.36283185840708,47.163716814159294,44.97345132743363,45.070796460176986,-1.508849557522124,4168.0,
2017-12-01,13514971.0,597546160.0,45.46017699115044,45.94690265486726,41.27433628318584,41.27433628318584,-3.7964601769911503,6277.0,
2017-12-04,8118103.0,355177152.0,41.56637168141593,43.56194690265487,40.884955752212385,42.58849557522124,1.3141592920353982,4489.0,
2017-12-05,6548240.0,275378870.0,42.004424778761056,42.491150442477874,39.47345132743362,39.76548672566371,-2.823008849557522,3468.0,
2017-12-06,5803200.0,238211238.0,40.008849557522126,41.176991150442475,38.84070796460177,39.13274336283186,-0.6327433628318584,3181.0,
2017-12-07,4391979.0,174261230.0,39.71681415929203,39.91150442477876,37.623893805309734,37.623893805309734,-1.508849557522124,2370.0,
2017-12-08,4726077.0,182102257.0,38.30530973451327,38.402654867256636,36.60176991150443,38.06194690265487,0.43805309734513276,2527.0,
2017-12-11,3910075.0,157290110.0,38.64601769911504,39.76548672566371,37.9646017699115,39.424778761061944,1.3628318584070795,2332.0,
2017-12-12,2413806.0,95821674.0,39.084070796460175,39.376106194690266,37.9646017699115,37.9646017699115,-1.4601769911504423,1294.0,
2017-12-13,1486236.0,57921264.0,38.110619469026545,38.451327433628315,37.623893805309734,37.915929203539825,-0.048672566371681415,853.0,
2017-12-14,2614000.0,103496750.0,38.35398230088495,39.13274336283186,37.7212389380531,38.06194690265487,0.14601769911504422,1466.0,
2017-12-15,2143500.0,82336500.0,38.06194690265487,38.30530973451327,37.03982300884955,37.03982300884955,-1.0221238938053097,1092.0,
2017-12-18,2003765.0,77135693.0,37.28318584070796,37.9646017699115,37.08849557522124,37.08849557522124,0.048672566371681415,1078.0,
2017-12-19,1203269.0,45882912.0,37.38053097345132,37.623893805309734,36.74778761061947,36.89380530973451,-0.19469026548672566,658.0,
2017-12-20,1488496.0,56622821.0,36.89380530973451,37.38053097345132,36.55309734513274,37.33185840707964,0.43805309734513276,795.0,
2017-12-21,2236470.0,84301223.0,37.38053097345132,37.477876106194685,36.11504424778761,36.30973451327433,-1.0221238938053097,1208.0,
2017-12-22,968500.0,36382849.0,36.50442477876106,36.942477876106196,36.30973451327433,36.50442477876106,0.19469026548672566,602.0,
2017-12-25,1412100.0,52495590.0,36.4070796460177,36.50442477876106,36.017699115044245,36.06637168141592,-0.43805309734513276,648.0,
2017-12-26,2463112.0,89113475.0,36.11504424778761,36.4070796460177,34.46017699115044,34.703539823008846,-1.3628318584070795,1165.0,
2017-12-27,1045922.0,37658042.0,34.75221238938053,35.530973451327434,34.703539823008846,34.80088495575221,0.09734513274336283,629.0,
2017-12-28,1313005.0,48175985.0,35.092920353982294,35.969026548672566,35.092920353982294,35.82300884955752,1.0221238938053097,850.0,
2017-12-29,1213630.0,45172260.0,36.30973451327433,36.650442477876105,35.92035398230088,36.017699115044245,0.19469026548672566,737.0,
2018-01-02,792300.0,29183599.0,36.017699115044245,36.30973451327433,35.336283185840706,36.017699115044245,0.0,408.0,
2018-01-03,1278685.0,47924331.0,36.50442477876106,36.89380530973451,36.11504424778761,36.21238938053097,0.19469026548672566,713.0,
2018-01-04,5200360.0,201369651.0,36.30973451327433,39.18141592920354,36.017699115044245,38.54867256637168,2.3362831858407076,2878.0,
2018-01-05,3527555.0,138517045.0,38.54867256637168,39.0353982300885,37.575221238938056,37.67256637168142,-0.8761061946902655,1949.0,
2018-01-08,1934401.0,73590175.0,37.7212389380531,38.06194690265487,36.30973451327433,36.35840707964602,-1.3141592920353982,1051.0,
2018-01-09,1132500.0,42293500.0,36.991150442477874,37.137168141592916,35.8716814159292,36.017699115044245,-0.3407079646017699,681.0,
2018-01-10,1496562.0,54517048.0,36.017699115044245,36.06637168141592,35.092920353982294,35.14159292035398,-0.8761061946902655,849.0,
2018-01-11,958250.0,35134300.0,35.530973451327434,36.16371681415929,35.14159292035398,35.530973451327434,0.3893805309734513,569.0,
2018-01-12,5173855.0,199394523.0,36.50442477876106,38.25663716814159,36.4070796460177,37.08849557522124,1.5575221238938053,2958.0,
2018-01-15,3619005.0,140790840.0,37.28318584070796,38.30530973451327,37.28318584070796,37.81858407079646,0.7300884955752212,2096.0,
2018-01-16,1321319.0,50795929.0,37.477876106194685,37.7212389380531,37.137168141592916,37.38053097345132,-0.43805309734513276,751.0,
2018-01-17,2552500.0,99334149.0,37.03982300884955,38.402654867256636,37.03982300884955,37.33185840707964,-0.048672566371681415,1525.0,
2018-01-18,1135100.0,43778165.0,37.9646017699115,38.15929203539823,36.991150442477874,36.991150442477874,-0.3407079646017699,663.0,
2018-01-19,825970.0,31383116.0,37.38053097345132,37.38053097345132,36.79646017699115,36.84513274336283,-0.14601769911504422,547.0,
2018-01-22,1279050.0,48930459.0,36.650442477876105,37.7212389380531,36.650442477876105,37.03982300884955,0.19469026548672566,662.0,
2018-01-23,2372306.0,91161757.0,37.33185840707964,37.915929203539825,36.89380530973451,36.89380530973451,-0.14601769911504422,1181.0,
2018-01-24,677376.0,25579799.0,37.1858407079646,37.1858407079646,36.60176991150443,36.74778761061947,-0.14601769911504422,426.0,
2018-01-25,824212.0,31117431.0,37.38053097345132,37.38053097345132,36.30973451327433,36.35840707964602,-0.3893805309734513,486.0,
2018-01-26,771500.0,28818924.0,36.455752212389385,36.69911504424779,36.11504424778761,36.26106194690265,-0.09734513274336283,479.0,
2018-01-29,621145.0,23208237.0,36.35840707964602,36.69911504424779,36.21238938053097,36.26106194690265,0.0,351.0,
2018-01-30,903100.0,33711119.0,36.50442477876106,36.89380530973451,35.8716814159292,35.92035398230088,-0.3407079646017699,546.0,
2018-01-31,977301.0,35853087.0,35.92035398230088,36.06637168141592,35.530973451327434,35.57964601769911,-0.3407079646017699,510.0,
2018-02-01,896211.0,33149246.0,35.77433628318584,36.30973451327433,35.77433628318584,35.77433628318584,0.19469026548672566,453.0,
2018-02-02,478100.0,17535700.0,35.77433628318584,35.969026548672566,35.530973451327434,35.530973451327434,-0.24336283185840707,259.0,
2018-02-05,1006076.0,35395498.0,34.557522123893804,34.60619469026548,33.68141592920354,34.557522123893804,-0.9734513274336283,675.0,
2018-02-06,3210852.0,104929614.0,33.14601769911504,33.584070796460175,31.101769911504423,31.199115044247783,-3.358407079646018,1474.0,
2018-02-07,1536649.0,51052220.0,32.41592920353982,33.097345132743364,31.734513274336283,31.734513274336283,0.5353982300884956,891.0,
2018-02-08,1321462.0,41834962.0,31.831858407079647,32.123893805309734,30.32300884955752,30.371681415929203,-1.3628318584070795,847.0,
2018-02-09,2226559.0,64668875.0,27.597345132743364,29.592920353982297,27.353982300884955,29.057522123893804,-1.3141592920353982,1030.0,
2018-02-12,709149.0,21366227.0,29.398230088495573,29.69026548672566,29.057522123893804,29.300884955752213,0.24336283185840707,369.0,
2018-02-21,793950.0,24916422.0,30.128318584070794,30.9070796460177,29.836283185840706,30.761061946902654,1.4601769911504423,477.0,
2018-02-22,575000.0,18345150.0,30.761061946902654,31.345132743362832,30.761061946902654,31.004424778761063,0.24336283185840707,382.0,
2018-02-23,1431900.0,47022555.0,31.58849557522124,32.4646017699115,31.442477876106192,31.63716814159292,0.6327433628318584,719.0,
2018-02-26,494250.0,16034275.0,31.929203539823003,32.02654867256637,31.345132743362832,31.491150442477878,-0.14601769911504422,274.0,
2018-02-27,455800.0,14843519.0,31.734513274336283,32.123893805309734,31.345132743362832,31.345132743362832,-0.14601769911504422,272.0,
2018-03-01,277500.0,8897450.0,31.24778761061947,31.442477876106192,30.95575221238938,31.24778761061947,-0.09734513274336283,163.0,
2018-03-02,233100.0,7408999.0,30.9070796460177,31.150442477876105,30.66371681415929,31.05309734513274,-0.19469026548672566,166.0,
2018-03-05,427100.0,13586760.0,31.63716814159292,31.63716814159292,30.371681415929203,30.371681415929203,-0.6814159292035398,248.0,
2018-03-06,280035.0,8853299.0,30.761061946902654,31.004424778761063,30.61504424778761,30.61504424778761,0.24336283185840707,181.0,
2018-03-07,476927.0,15170846.0,30.32300884955752,31.442477876106192,30.32300884955752,30.761061946902654,0.14601769911504422,320.0,
2018-03-08,446604.0,14361267.0,31.150442477876105,31.58849557522124,31.004424778761063,31.296460176991147,0.5353982300884956,282.0,
2018-03-09,288877.0,9305118.0,31.734513274336283,31.734513274336283,30.858407079646014,31.150442477876105,-0.14601769911504422,216.0,
2018-03-12,372500.0,12045374.0,31.63716814159292,31.63716814159292,31.296460176991147,31.442477876106192,0.29203539823008845,260.0,
2018-03-13,1434200.0,47697450.0,31.63716814159292,32.80530973451327,31.442477876106192,32.17256637168141,0.7300884955752212,813.0,
2018-03-14,628301.0,20741046.0,32.269911504424776,32.31858407079646,31.929203539823003,31.929203539823003,-0.24336283185840707,389.0,
2018-03-15,270100.0,8827605.0,31.63716814159292,32.123893805309734,31.63716814159292,31.685840707964598,-0.24336283185840707,187.0,
2018-03-16,342450.0,11071145.0,31.929203539823003,32.02654867256637,31.199115044247783,31.296460176991147,-0.3893805309734513,242.0,
2018-03-19,227500.0,7319700.0,31.39380530973451,31.491150442477878,31.150442477876105,31.296460176991147,0.0,142.0,
2018-03-20,2011563.0,70565001.0,33.34070796460177,34.41150442477876,33.34070796460177,34.41150442477876,3.1150442477876106,780.0,
2018-03-21,14132489.0,537822626.0,37.38053097345132,37.623893805309734,36.21238938053097,36.69911504424779,2.2876106194690267,7189.0,
2018-03-22,4540210.0,165872499.0,36.60176991150443,36.60176991150443,34.84955752212389,34.84955752212389,-1.8495575221238936,2688.0,
2018-03-23,1866125.0,64703137.0,33.68141592920354,34.16814159292036,33.29203539823009,33.68141592920354,-1.1681415929203538,1069.0,
2018-03-26,1512344.0,52741583.0,33.5353982300885,34.60619469026548,33.5353982300885,33.73008849557522,0.048672566371681415,855.0,
2018-03-27,1047100.0,36673050.0,34.36283185840708,34.508849557522126,33.7787610619469,34.11946902654867,0.3893805309734513,604.0,
2018-03-28,892500.0,30668948.0,33.87610619469026,33.924778761061944,33.097345132743364,33.19469026548673,-0.9247787610619468,555.0,
2018-03-29,578035.0,19754596.0,33.87610619469026,33.87610619469026,33.097345132743364,33.097345132743364,-0.09734513274336283,333.0,
2018-03-30,1248550.0,43358885.0,33.097345132743364,34.26548672566372,33.097345132743364,33.38938053097345,0.29203539823008845,760.0,
2018-03-31,1044418.0,36530219.0,33.48672566371681,34.3141592920354,33.48672566371681,33.73008849557522,0.3407079646017699,674.0,
2018-04-02,536112.0,18414473.0,33.87610619469026,34.07079646017699,33.19469026548673,33.243362831858406,-0.48672566371681414,387.0,
2018-04-03,857200.0,28566419.0,32.75663716814159,32.85398230088495,32.17256637168141,32.2212389380531,-1.0221238938053097,534.0,
2018-04-09,855600.0,27682764.0,32.02654867256637,32.02654867256637,31.150442477876105,31.39380530973451,-0.827433628318584,546.0,
2018-04-10,804084.0,25766741.0,31.39380530973451,31.58849557522124,30.858407079646014,30.858407079646014,-0.5353982300884956,463.0,
2018-04-11,479500.0,15400025.0,31.05309734513274,31.58849557522124,31.05309734513274,31.150442477876105,0.29203539823008845,296.0,
2018-04-12,394666.0,12773944.0,31.345132743362832,31.685840707964598,31.24778761061947,31.539823008849556,0.3893805309734513,247.0,
2018-04-13,593688.0,19490377.0,31.831858407079647,32.2212389380531,31.685840707964598,31.929203539823003,0.3893805309734513,415.0,
2018-04-16,442494.0,14327181.0,31.929203539823003,31.929203539823003,31.24778761061947,31.24778761061947,-0.6814159292035398,268.0,
2018-04-17,514900.0,16328621.0,31.734513274336283,31.734513274336283,30.469026548672566,30.469026548672566,-0.7787610619469026,344.0,
2018-04-18,470009.0,14991638.0,30.566371681415927,31.63716814159292,30.566371681415927,30.761061946902654,0.29203539823008845,343.0,
2018-04-19,338012.0,10765696.0,31.101769911504423,31.199115044247783,30.858407079646014,30.858407079646014,0.09734513274336283,222.0,
2018-04-20,300300.0,9454778.0,30.858407079646014,30.858407079646014,30.51769911504425,30.51769911504425,-0.3407079646017699,205.0,
2018-04-23,1253501.0,37862277.0,30.566371681415927,30.66371681415929,28.716814159292035,28.91150442477876,-1.6061946902654867,777.0,
2018-04-24,1141111.0,32777885.0,28.61946902654867,28.716814159292035,27.353982300884955,27.743362831858406,-1.1681415929203538,670.0,
2018-04-25,466200.0,13417350.0,27.25663716814159,28.376106194690262,27.25663716814159,28.08407079646018,0.3407079646017699,314.0,
2018-04-26,466200.0,13436950.0,28.765486725663717,28.765486725663717,27.451327433628318,27.5,-0.5840707964601769,338.0,
2018-04-27,824200.0,23085790.0,27.986725663716815,27.986725663716815,27.11061946902655,27.11061946902655,-0.3893805309734513,552.0,
2018-04-30,421100.0,11868580.0,27.597345132743364,27.889380530973447,26.47787610619469,27.84070796460177,0.7300884955752212,297.0,
2018-05-02,218112.0,6218986.0,27.93805309734513,27.93805309734513,27.548672566371682,27.597345132743364,-0.24336283185840707,158.0,
2018-05-03,247832.0,6974828.0,27.597345132743364,27.646017699115042,27.20796460176991,27.305309734513273,-0.29203539823008845,167.0,
2018-05-04,326000.0,9188650.0,27.305309734513273,27.743362831858406,27.159292035398227,27.353982300884955,0.048672566371681415,194.0,
2018-05-07,227500.0,6411750.0,27.743362831858406,27.743362831858406,27.353982300884955,27.353982300884955,0.0,142.0,
2018-05-08,330265.0,9427302.0,27.646017699115042,27.93805309734513,27.548672566371682,27.743362831858406,0.3893805309734513,237.0,
2018-05-09,336000.0,9624600.0,27.93805309734513,28.08407079646018,27.451327433628318,27.646017699115042,-0.09734513274336283,213.0,
2018-05-10,324000.0,9339400.0,28.23008849557522,28.23008849557522,27.84070796460177,27.93805309734513,0.29203539823008845,222.0,
2018-05-11,425150.0,12319975.0,28.23008849557522,28.61946902654867,27.792035398230087,27.792035398230087,-0.14601769911504422,297.0,
2018-05-14,528010.0,15162583.0,28.132743362831857,28.23008849557522,27.743362831858406,27.792035398230087,0.0,398.0,
2018-05-15,4060600.0,105855339.0,25.017699115044245,26.47787610619469,25.017699115044245,25.163716814159294,-2.6283185840707963,2038.0,
2018-05-16,930400.0,24697800.0,25.066371681415927,26.283185840707965,25.066371681415927,25.845132743362832,0.6814159292035398,606.0,
2018-05-17,441150.0,11832080.0,26.185840707964598,26.283185840707965,25.893805309734514,26.13716814159292,0.29203539823008845,287.0,
2018-05-18,364500.0,9793373.0,26.38053097345133,26.38053097345133,25.893805309734514,26.185840707964598,0.048672566371681415,210.0,
2018-05-21,849300.0,23581640.0,25.845132743362832,28.23008849557522,25.845132743362832,27.548672566371682,1.3628318584070795,556.0,
2018-05-22,583200.0,16115928.0,27.743362831858406,27.889380530973447,26.331858407079647,26.721238938053094,-0.827433628318584,394.0,
2018-05-23,419200.0,11417280.0,26.721238938053094,26.818584070796458,26.331858407079647,26.47787610619469,-0.24336283185840707,229.0,
2018-05-24,767200.0,21454300.0,26.623893805309734,27.597345132743364,26.575221238938052,27.061946902654867,0.5840707964601769,491.0,
2018-05-25,473088.0,13363544.0,27.159292035398227,27.743362831858406,27.061946902654867,27.402654867256636,0.3407079646017699,284.0,
2018-05-28,364300.0,10320158.0,27.889380530973447,27.889380530973447,27.305309734513273,27.548672566371682,0.14601769911504422,225.0,
2018-05-29,400600.0,11318730.0,27.792035398230087,27.792035398230087,27.25663716814159,27.305309734513273,-0.24336283185840707,246.0,
2018-05-30,325001.0,9116427.0,26.91592920353982,27.548672566371682,26.91592920353982,27.159292035398227,-0.14601769911504422,193.0,
2018-05-31,698130.0,19971131.0,27.5,28.376106194690262,27.402654867256636,28.035398230088497,0.8761061946902655,417.0,
2018-06-01,2982710.0,90884847.0,28.035398230088497,30.761061946902654,28.035398230088497,29.592920353982297,1.5575221238938053,1727.0,
2018-06-04,1300160.0,39585600.0,29.787610619469028,30.469026548672566,28.8141592920354,29.20353982300885,-0.3893805309734513,722.0,
2018-06-05,3504100.0,110946934.0,29.787610619469028,31.734513274336283,29.495575221238937,30.51769911504425,1.3141592920353982,2079.0,
2018-06-06,978160.0,30384529.0,30.27433628318584,30.66371681415929,29.884955752212388,30.66371681415929,0.14601769911504422,611.0,
2018-06-07,1323350.0,42024307.0,31.296460176991147,31.345132743362832,30.27433628318584,30.66371681415929,0.0,764.0,
2018-06-08,699255.0,22072420.0,31.004424778761063,31.442477876106192,30.371681415929203,30.858407079646014,0.19469026548672566,398.0,
2018-06-11,1109370.0,35188981.0,31.63716814159292,31.78318584070796,30.176991150442475,30.176991150442475,-0.6814159292035398,582.0,
2018-06-12,1198000.0,36259550.0,30.469026548672566,30.51769911504425,28.96017699115044,29.057522123893804,-1.1194690265486724,754.0,
2018-06-13,649011.0,19480827.0,29.20353982300885,29.54424778761062,29.106194690265482,29.106194690265482,0.048672566371681415,351.0,
2018-06-14,569212.0,16731693.0,29.106194690265482,29.106194690265482,28.327433628318584,28.473451327433626,-0.6327433628318584,367.0,
2018-06-15,477200.0,14118420.0,28.91150442477876,29.057522123893804,28.522123893805308,28.765486725663717,0.29203539823008845,305.0,
2018-06-19,660100.0,19349565.0,28.91150442477876,29.008849557522122,28.23008849557522,28.327433628318584,-0.43805309734513276,399.0,
2018-06-20,659000.0,18896950.0,28.522123893805308,28.8141592920354,27.451327433628318,27.548672566371682,-0.7787610619469026,376.0,
2018-06-21,506000.0,14630350.0,27.93805309734513,28.424778761061944,27.889380530973447,27.93805309734513,0.3893805309734513,337.0,
2018-06-22,1889100.0,54800820.0,27.93805309734513,29.25221238938053,26.964601769911503,27.743362831858406,-0.19469026548672566,1060.0,
2018-06-25,560136.0,16037655.0,27.84070796460177,28.522123893805308,27.353982300884955,27.402654867256636,-0.3407079646017699,397.0,
2018-06-26,376300.0,10435410.0,27.061946902654867,27.25663716814159,26.721238938053094,26.818584070796458,-0.5840707964601769,278.0,
2018-06-27,376392.0,10333002.0,26.623893805309734,27.451327433628318,26.38053097345133,26.38053097345133,-0.43805309734513276,261.0,
2018-06-28,505500.0,13651149.0,26.429203539823007,26.672566371681413,25.991150442477874,25.991150442477874,-0.3893805309734513,323.0,
2018-06-29,315500.0,8536100.0,26.52654867256637,26.575221238938052,26.23451327433628,26.283185840707965,0.29203539823008845,211.0,
2018-07-02,445001.0,11934579.0,26.52654867256637,26.623893805309734,25.79646017699115,25.942477876106192,-0.3407079646017699,234.0,
2018-07-03,828139.0,21620212.0,25.942477876106192,26.23451327433628,24.920353982300885,25.212389380530972,-0.7300884955752212,561.0,
2018-07-04,309200.0,7907239.0,25.017699115044245,25.163716814159294,24.628318584070797,24.67699115044248,-0.5353982300884956,205.0,
2018-07-05,409100.0,10328960.0,24.871681415929203,25.309734513274336,24.141592920353983,24.141592920353983,-0.5353982300884956,291.0,
2018-07-06,680608.0,16577146.0,24.336283185840706,24.628318584070797,23.216814159292035,23.654867256637168,-0.48672566371681414,357.0,
2018-07-09,250500.0,6136400.0,24.141592920353983,24.141592920353983,23.460176991150444,23.84955752212389,0.19469026548672566,204.0,
2018-07-10,286200.0,7124379.0,24.141592920353983,24.530973451327434,23.94690265486726,24.0929203539823,0.24336283185840707,228.0,
2018-07-11,364000.0,9083950.0,23.94690265486726,24.579646017699115,23.84955752212389,24.238938053097343,0.14601769911504422,250.0,
2018-07-12,278000.0,6974650.0,24.287610619469024,24.67699115044248,24.141592920353983,24.579646017699115,0.3407079646017699,224.0,
2018-07-13,785705.0,21784813.0,26.964601769911503,27.013274336283185,26.769911504424776,27.013274336283185,2.433628318584071,374.0,
2018-07-16,3061915.0,87430235.0,28.035398230088497,28.473451327433626,27.305309734513273,27.548672566371682,0.5353982300884956,1625.0,
2018-07-17,780409.0,21592870.0,27.25663716814159,27.402654867256636,26.575221238938052,26.575221238938052,-0.9734513274336283,484.0,
2018-07-18,825101.0,22781228.0,26.818584070796458,27.548672566371682,26.429203539823007,26.575221238938052,0.0,518.0,
2018-07-19,371150.0,10172905.0,26.867256637168143,27.013274336283185,26.47787610619469,26.47787610619469,-0.09734513274336283,205.0,
2018-07-20,373000.0,10130450.0,26.575221238938052,26.867256637168143,25.845132743362832,25.991150442477874,-0.48672566371681414,222.0,
2018-07-23,416350.0,10859064.0,25.893805309734514,25.942477876106192,25.115044247787612,25.261061946902654,-0.7300884955752212,307.0,
2018-07-24,444200.0,11723630.0,25.309734513274336,26.283185840707965,25.017699115044245,25.991150442477874,0.7300884955752212,268.0,
2018-07-25,295000.0,7836850.0,26.185840707964598,26.185840707964598,25.601769911504423,25.74778761061947,-0.24336283185840707,158.0,
2018-07-26,197005.0,5253043.0,25.991150442477874,26.185840707964598,25.79646017699115,25.991150442477874,0.24336283185840707,129.0,
2018-07-27,335000.0,9051900.0,26.13716814159292,26.575221238938052,26.088495575221238,26.52654867256637,0.5353982300884956,201.0,
2018-07-30,310515.0,8310995.0,26.575221238938052,26.575221238938052,25.79646017699115,25.79646017699115,-0.7300884955752212,187.0,
2018-07-31,186000.0,4975150.0,25.79646017699115,26.38053097345133,25.79646017699115,25.79646017699115,0.0,146.0,
2018-08-01,187000.0,4997850.0,26.088495575221238,26.185840707964598,25.893805309734514,25.942477876106192,0.14601769911504422,118.0,
2018-08-02,942000.0,25544650.0,26.23451327433628,26.867256637168143,25.79646017699115,25.942477876106192,0.0,597.0,
2018-08-03,355000.0,9484850.0,26.283185840707965,26.283185840707965,25.74778761061947,25.942477876106192,0.0,161.0,
2018-08-06,203000.0,5407550.0,26.088495575221238,26.185840707964598,25.79646017699115,25.991150442477874,0.048672566371681415,138.0,
2018-08-07,244000.0,6519200.0,26.185840707964598,26.185840707964598,25.845132743362832,25.942477876106192,-0.048672566371681415,128.0,
2018-08-08,197000.0,5260850.0,26.23451327433628,26.23451327433628,25.893805309734514,25.893805309734514,-0.048672566371681415,107.0,
2018-08-09,240000.0,6377800.0,26.088495575221238,26.088495575221238,25.74778761061947,25.79646017699115,-0.09734513274336283,116.0,
2018-08-10,270500.0,7194822.0,26.283185840707965,26.283185840707965,25.601769911504423,25.601769911504423,-0.19469026548672566,161.0,
2018-08-13,622508.0,15557547.0,25.4070796460177,25.4070796460177,23.508849557522122,23.898230088495573,-1.7035398230088494,406.0,
2018-08-14,482119.0,11698263.0,23.654867256637168,24.0929203539823,23.11946902654867,24.0929203539823,0.19469026548672566,290.0,
2018-08-15,401500.0,9697950.0,23.84955752212389,24.04424778761062,23.265486725663713,23.314159292035395,-0.7787610619469026,270.0,
2018-08-16,591020.0,13791120.0,22.876106194690266,23.216814159292035,22.38938053097345,22.73008849557522,-0.5840707964601769,346.0,
2018-08-17,325200.0,7716170.0,23.362831858407077,23.362831858407077,22.7787610619469,22.7787610619469,0.048672566371681415,226.0,
2018-08-20,1099404.0,24797729.0,22.827433628318584,22.827433628318584,20.63716814159292,21.65929203539823,-1.1194690265486724,586.0,
2018-08-21,337000.0,7696050.0,21.805309734513273,22.535398230088493,21.805309734513273,22.535398230088493,0.8761061946902655,209.0,
2018-08-22,143555.0,3317376.0,22.584070796460175,22.632743362831857,22.38938053097345,22.486725663716815,-0.048672566371681415,102.0,
2018-08-23,188092.0,4355386.0,22.68141592920354,22.73008849557522,22.292035398230087,22.292035398230087,-0.19469026548672566,114.0,
2018-08-24,260280.0,5866790.0,22.194690265486724,22.24336283185841,21.805309734513273,21.951327433628318,-0.3407079646017699,160.0,
2018-08-27,473300.0,10777060.0,22.38938053097345,22.486725663716815,22.0,22.0,0.048672566371681415,223.0,
2018-08-28,2223402.0,52595626.0,22.65,24.2,22.6,24.0,0.0,1264.0,
2018-08-29,3427848.0,86271124.0,24.5,25.95,24.25,25.15,1.15,1926.0,
2018-08-30,1391200.0,34487650.0,25.2,25.55,24.35,24.5,-0.65,760.0,
2018-08-31,425100.0,10306550.0,24.5,24.5,24.05,24.25,-0.25,267.0,
2018-09-03,492100.0,11706370.0,24.2,24.35,23.5,23.5,-0.75,300.0,
2018-09-04,693100.0,16825500.0,23.65,24.8,23.65,24.35,0.85,454.0,
2018-09-05,334198.0,8051721.0,24.4,24.4,23.85,23.85,-0.5,200.0,
2018-09-06,134500.0,3202823.0,23.85,24.0,23.6,23.75,-0.1,87.0,
2018-09-07,417100.0,9702100.0,23.95,24.1,22.8,22.9,-0.85,307.0,
2018-09-10,679100.0,14853690.0,23.0,23.25,21.4,21.75,-1.15,460.0,
2018-09-11,467400.0,10219020.0,21.5,22.25,21.5,22.05,0.3,249.0,
2018-09-12,410286.0,8888749.0,22.0,22.0,21.5,21.7,-0.35,245.0,
2018-09-13,269200.0,5855840.0,21.9,21.95,21.5,21.6,-0.1,191.0,
2018-09-14,319200.0,7055909.0,21.95,22.4,21.8,22.3,0.7,199.0,
2018-09-17,152100.0,3370850.0,22.45,22.45,22.0,22.25,-0.05,88.0,
2018-09-18,170853.0,3749843.0,21.95,22.1,21.8,21.9,-0.35,126.0,
2018-09-19,616180.0,13500046.0,22.0,22.1,21.8,21.85,-0.05,325.0,
2018-09-20,306200.0,6675920.0,22.05,22.15,21.6,21.7,-0.15,210.0,
2018-09-21,1109510.0,23452460.0,21.9,21.9,20.6,20.7,-1.0,553.0,
2018-09-25,1171007.0,24275108.0,20.55,20.95,20.0,20.7,0.0,477.0,
2018-09-26,741100.0,15397600.0,20.75,20.95,20.55,20.65,-0.05,327.0,
2018-09-27,706651.0,14709872.0,20.85,21.3,20.65,20.65,0.0,381.0,
2018-09-28,412890.0,8532166.0,20.75,20.85,20.55,20.6,-0.05,236.0,
2018-10-01,525467.0,10869332.0,20.75,20.85,20.5,20.7,0.1,239.0,
2018-10-02,261300.0,5388960.0,20.8,20.8,20.55,20.55,-0.15,157.0,
2018-10-03,488001.0,9868520.0,20.4,20.65,20.0,20.1,-0.45,309.0,
2018-10-04,333100.0,6645160.0,20.0,20.25,19.85,19.85,-0.25,204.0,
2018-10-05,1774100.0,32685735.0,19.75,19.75,17.95,18.25,-1.6,806.0,
2018-10-08,340250.0,6216225.0,18.35,18.65,18.1,18.15,-0.1,212.0,
2018-10-09,838070.0,14777374.0,18.1,18.1,17.25,17.3,-0.85,461.0,
2018-10-11,1184450.0,18500755.0,15.6,15.9,15.6,15.6,-1.7,541.0,
2018-10-12,862100.0,13509185.0,15.15,16.2,14.95,16.0,0.4,494.0,
2018-10-15,728500.0,11587448.0,16.25,16.25,15.6,15.85,-0.15,343.0,
2018-10-16,2678559.0,45658820.0,15.8,17.4,15.8,16.8,0.95,1189.0,
2018-10-17,1007653.0,16868156.0,17.0,17.2,16.3,16.3,-0.5,577.0,
2018-10-18,454681.0,7448252.0,16.3,16.6,16.3,16.35,0.05,211.0,
2018-10-19,668100.0,10695875.0,16.35,16.35,15.7,16.05,-0.3,286.0,
2018-10-22,339318.0,5517193.0,15.9,16.5,15.9,16.5,0.45,192.0,
2018-10-23,310712.0,5036919.0,16.3,16.4,16.05,16.15,-0.35,169.0,
2018-10-24,426444.0,6921687.0,16.25,16.4,15.95,16.3,0.15,223.0,
2018-10-25,578050.0,9150290.0,15.75,16.1,15.65,15.7,-0.6,330.0,
2018-10-26,539420.0,8338656.0,16.0,16.0,15.05,15.15,-0.55,307.0,
2018-10-29,423000.0,6414650.0,15.2,15.5,15.0,15.1,-0.05,232.0,
2018-10-30,261700.0,3946919.0,15.0,15.25,15.0,15.15,0.05,166.0,
2018-10-31,341000.0,5343250.0,15.3,15.8,15.3,15.75,0.6,210.0,
2018-11-01,369825.0,5987573.0,15.85,16.4,15.8,16.3,0.55,296.0,
2018-11-02,1245028.0,21352415.0,16.6,17.75,16.6,16.8,0.5,657.0,
2018-11-05,839117.0,14282167.0,16.7,17.35,16.6,16.75,-0.05,332.0,
2018-11-06,523100.0,8616530.0,16.65,16.75,16.1,16.1,-0.65,282.0,
2018-11-07,2200030.0,36283510.0,16.3,16.7,16.2,16.2,0.1,482.0,
2018-11-08,460100.0,7517180.0,16.55,16.6,16.05,16.05,-0.15,241.0,
2018-11-09,273000.0,4383150.0,16.15,16.2,15.95,16.05,0.0,168.0,
2018-11-12,426230.0,6691961.0,15.9,15.95,15.5,15.6,-0.45,234.0,
2018-11-13,352100.0,5377250.0,15.2,15.4,15.0,15.35,-0.25,165.0,
2018-11-14,447100.0,7112575.0,15.55,16.1,15.55,16.1,0.75,303.0,
2018-11-15,899850.0,14801552.0,16.25,16.7,16.05,16.65,0.55,598.0,
2018-11-16,5523406.0,99194365.0,17.45,18.3,17.05,17.8,1.15,2399.0,
2018-11-19,2244062.0,39249752.0,17.6,17.9,17.15,17.25,-0.55,1075.0,
2018-11-20,674000.0,11547300.0,17.1,17.45,16.95,17.45,0.2,415.0,
2018-11-21,463159.0,8057139.0,17.45,17.55,17.1,17.35,-0.1,278.0,
2018-11-22,474000.0,8205250.0,17.55,17.6,17.0,17.0,-0.35,249.0,
2018-11-23,498000.0,8351050.0,17.05,17.15,16.6,16.7,-0.3,262.0,
2018-11-26,354010.0,5942932.0,16.85,17.0,16.65,16.75,0.05,190.0,
2018-11-27,658960.0,11389750.0,16.85,17.6,16.8,17.45,0.7,389.0,
2018-11-28,1406200.0,24837430.0,17.75,18.0,17.35,17.9,0.45,685.0,
2018-11-29,971000.0,17279950.0,18.0,18.15,17.6,17.65,-0.25,454.0,
2018-11-30,5286500.0,94362074.0,17.8,18.4,17.35,17.35,-0.3,1968.0,
2018-12-03,2525700.0,44987630.0,17.7,18.1,17.65,17.8,0.45,947.0,
2018-12-04,10462106.0,198316672.0,17.9,19.55,17.9,19.1,1.3,3501.0,
2018-12-05,2141567.0,39492695.0,18.5,18.7,18.2,18.35,-0.75,1121.0,
2018-12-06,2085850.0,37573397.0,18.95,18.95,17.3,17.4,-0.95,1051.0,
2018-12-07,939200.0,16680260.0,17.75,18.15,17.6,17.6,0.2,451.0,
2018-12-10,2615165.0,42728554.0,17.1,17.2,15.95,16.1,-1.5,1243.0,
2018-12-11,774100.0,12660350.0,16.3,16.5,16.25,16.3,0.2,432.0,
2018-12-12,1579000.0,26690350.0,16.7,17.3,16.55,17.3,1.0,799.0,
2018-12-13,1086100.0,18761090.0,17.25,17.55,17.0,17.2,-0.1,539.0,
2018-12-14,606221.0,10309429.0,17.3,17.3,16.8,16.85,-0.35,309.0,
2018-12-17,212284.0,3591428.0,16.85,17.1,16.8,16.85,0.0,128.0,
2018-12-18,404602.0,6689722.0,16.85,16.85,16.35,16.5,-0.35,215.0,
2018-12-19,518500.0,8697674.0,16.8,17.1,16.6,16.6,0.1,276.0,
2018-12-20,534001.0,8741918.0,16.5,16.65,16.15,16.2,-0.4,204.0,
2018-12-21,540501.0,8761441.0,16.35,16.4,16.0,16.2,0.0,263.0,
2018-12-22,182000.0,2956850.0,16.1,16.35,16.1,16.25,0.05,99.0,
2018-12-24,372508.0,6057679.0,16.2,16.5,16.15,16.35,0.1,195.0,
2018-12-25,376013.0,6026313.0,16.15,16.15,15.95,16.05,-0.3,203.0,
2018-12-26,2073500.0,35023474.0,16.4,17.3,16.35,16.4,0.35,1238.0,
2018-12-27,1755777.0,29730025.0,16.9,17.2,16.7,16.75,0.35,942.0,
2018-12-28,336500.0,5630273.0,16.8,16.85,16.6,16.8,0.05,196.0,
2019-01-02,447116.0,7534998.0,17.05,17.05,16.7,16.7,-0.1,212.0,
2019-01-03,858116.0,14061545.0,16.8,16.8,16.2,16.2,-0.5,406.0,
2019-01-04,853100.0,13399260.0,16.1,16.1,15.45,15.8,-0.4,450.0,
2019-01-07,504052.0,8138278.0,16.2,16.25,16.05,16.1,0.3,270.0,
2019-01-08,338508.0,5408951.0,16.1,16.1,15.9,15.95,-0.15,190.0,
2019-01-09,578683.0,9325595.0,15.95,16.2,15.95,16.1,0.15,296.0,
2019-01-10,476400.0,7625000.0,16.15,16.2,15.9,15.9,-0.2,237.0,
2019-01-11,439372.0,6990444.0,16.1,16.15,15.75,15.75,-0.15,245.0,
2019-01-14,276200.0,4319739.0,15.7,15.8,15.6,15.6,-0.15,184.0,
2019-01-15,209700.0,3299930.0,15.7,15.85,15.65,15.8,0.2,147.0,
2019-01-16,2560301.0,42426455.0,15.9,16.85,15.85,16.55,0.75,1429.0,
2019-01-17,726200.0,11822460.0,16.55,16.65,16.0,16.1,-0.45,470.0,
2019-01-18,529100.0,8540870.0,16.2,16.25,16.05,16.1,0.0,270.0,
2019-01-21,584600.0,9462970.0,16.3,16.35,16.0,16.25,0.15,379.0,
2019-01-22,2102500.0,34660424.0,16.4,16.7,16.25,16.25,0.0,1039.0,
2019-01-23,294100.0,4773714.0,16.2,16.4,16.15,16.25,0.0,174.0,
2019-01-24,634388.0,10297408.0,16.4,16.5,16.05,16.05,-0.2,359.0,
2019-01-25,421000.0,6813650.0,16.15,16.25,16.1,16.15,0.1,249.0,
2019-01-28,345500.0,5631525.0,16.25,16.4,16.2,16.3,0.15,211.0,
2019-01-29,511900.0,8234850.0,16.35,16.35,16.0,16.05,-0.25,284.0,
2019-01-30,345533.0,5563878.0,16.2,16.2,16.0,16.0,-0.05,187.0,
2019-02-11,492900.0,7836800.0,16.15,16.15,15.75,15.85,-0.15,274.0,
2019-02-12,581000.0,9388400.0,15.9,16.3,15.8,16.25,0.4,357.0,
2019-02-13,577500.0,9476849.0,16.45,16.55,16.3,16.45,0.2,329.0,
2019-02-14,1780454.0,29989429.0,16.65,17.0,16.55,16.7,0.25,932.0,
2019-02-15,577641.0,9626621.0,16.75,16.9,16.55,16.6,-0.1,282.0,
2019-02-18,2117612.0,36374607.0,17.0,17.4,16.8,17.1,0.5,1126.0,
2019-02-19,792125.0,13556424.0,17.15,17.2,16.95,17.1,0.0,431.0,
2019-02-20,917500.0,15860850.0,17.35,17.6,17.1,17.2,0.1,488.0,
2019-02-21,897120.0,15308410.0,17.2,17.3,16.9,17.15,-0.05,397.0,
2019-02-22,1128189.0,19467588.0,17.25,17.55,17.05,17.05,-0.1,518.0,
2019-02-25,766141.0,13066400.0,17.1,17.15,16.95,17.1,0.05,359.0,
2019-02-26,1590550.0,27650975.0,17.25,17.55,17.15,17.4,0.3,741.0,
2019-02-27,957400.0,16483980.0,17.6,17.6,17.05,17.05,-0.35,478.0,
2019-03-04,636220.0,10871512.0,17.3,17.3,17.0,17.0,-0.05,285.0,
2019-03-05,636700.0,10871584.0,17.0,17.2,17.0,17.05,0.05,262.0,
2019-03-06,1997294.0,34602299.0,17.05,17.45,17.05,17.25,0.2,905.0,
2019-03-07,20464667.0,384253587.0,17.4,18.95,17.4,18.25,1.0,6261.0,
2019-03-08,9234888.0,171650556.0,18.4,19.2,17.95,19.1,0.85,4173.0,
2019-03-11,3564220.0,66919250.0,18.85,19.05,18.6,18.85,-0.25,1486.0,
2019-03-12,2432699.0,45420256.0,19.0,19.05,18.45,18.75,-0.1,1080.0,
2019-03-13,7109200.0,135650430.0,19.0,19.7,18.4,18.4,-0.35,3283.0,
2019-03-14,2064815.0,37584809.0,18.4,18.65,18.0,18.05,-0.35,1070.0,
2019-03-15,1243651.0,22627161.0,18.1,18.35,18.0,18.2,0.15,598.0,
2019-03-18,1750050.0,31280594.0,18.25,18.3,17.7,17.8,-0.4,888.0,
2019-03-19,1273106.0,22820034.0,17.8,18.25,17.65,18.25,0.45,663.0,
2019-03-20,986550.0,17746126.0,18.25,18.25,17.85,17.95,-0.3,518.0,
2019-03-21,976500.0,17647600.0,17.9,18.25,17.9,18.05,0.1,494.0,
2019-03-22,1088430.0,19488190.0,18.15,18.25,17.7,17.75,-0.3,524.0,
2019-03-25,1285800.0,22094460.0,17.3,17.35,17.05,17.1,-0.65,600.0,
2019-03-26,771731.0,13356323.0,17.25,17.45,17.2,17.25,0.15,436.0,
2019-03-27,643200.0,11111589.0,17.3,17.4,17.15,17.2,-0.05,319.0,
2019-03-28,568371.0,9745310.0,17.25,17.25,17.05,17.15,-0.05,287.0,
2019-03-29,536925.0,9201454.0,17.25,17.25,17.1,17.1,-0.05,318.0,
2019-04-01,2266428.0,38889826.0,17.2,17.4,16.85,16.9,-0.2,965.0,
2019-04-02,2143563.0,36883375.0,16.95,17.7,16.9,17.45,0.55,1084.0,
2019-04-03,765206.0,13329672.0,17.5,17.55,17.3,17.4,-0.05,420.0,
2019-04-08,4657112.0,83669706.0,17.4,18.4,17.4,17.75,0.35,2991.0,
2019-04-09,1569955.0,27812473.0,17.9,17.95,17.55,17.55,-0.2,880.0,
2019-04-10,1074500.0,18579149.0,17.5,17.5,17.2,17.35,-0.2,590.0,
2019-04-11,1959637.0,33251029.0,17.35,17.45,16.8,16.85,-0.5,1018.0,
2019-04-12,724560.0,12237712.0,17.0,17.0,16.8,16.8,-0.05,403.0,
2019-04-15,782045.0,13290860.0,16.95,17.15,16.9,17.05,0.25,481.0,
2019-04-16,8910388.0,160720952.0,17.05,18.5,17.05,18.05,1.0,4141.0,
2019-04-17,3083403.0,55258354.0,18.2,18.25,17.7,17.9,-0.15,1357.0,
2019-04-18,2614449.0,46493870.0,17.95,18.2,17.25,17.35,-0.55,1304.0,
2019-04-19,1407006.0,24938864.0,17.6,18.0,17.5,17.75,0.4,762.0,
2019-04-22,1382276.0,24833098.0,18.15,18.2,17.75,17.75,0.0,840.0,
2019-04-23,783535.0,13734081.0,17.85,17.85,17.4,17.5,-0.25,447.0,
2019-04-24,721613.0,12620359.0,17.55,17.75,17.3,17.3,-0.2,417.0,
2019-04-25,452300.0,7839470.0,17.3,17.45,17.25,17.3,0.0,262.0,
2019-04-26,867203.0,14878170.0,17.3,17.3,17.0,17.3,0.0,412.0,
2019-04-29,8651452.0,156551044.0,17.9,18.55,17.4,17.4,0.1,4059.0,
2019-04-30,1374440.0,24147332.0,17.4,17.75,17.4,17.75,0.35,717.0,
2019-05-02,1382397.0,24874945.0,17.7,18.35,17.6,18.2,0.45,807.0,
2019-05-03,1212116.0,21772654.0,18.25,18.3,17.75,17.75,-0.45,677.0,
2019-05-06,1243521.0,21633612.0,17.6,17.65,17.3,17.3,-0.45,630.0,
2019-05-07,628500.0,10897294.0,17.5,17.5,17.25,17.25,-0.05,320.0,
2019-05-08,1004990.0,17193175.0,17.25,17.3,17.0,17.0,-0.25,507.0,
2019-05-09,2110515.0,34845793.0,17.0,17.1,16.2,16.25,-0.75,1166.0,
2019-05-10,1391222.0,22201402.0,16.45,16.55,15.6,15.7,-0.55,727.0,
2019-05-13,1042500.0,15942198.0,15.75,15.85,15.05,15.25,-0.45,565.0,
2019-05-14,1722208.0,25500939.0,14.95,15.2,14.5,15.1,-0.15,797.0,
2019-05-15,715302.0,11023695.0,15.35,15.6,15.3,15.35,0.25,374.0,
2019-05-16,705494.0,10699158.0,15.6,15.6,14.8,14.85,-0.5,392.0,
2019-05-17,3387600.0,48509560.0,15.0,15.05,13.9,14.0,-0.85,1473.0,
2019-05-20,1087305.0,15103245.0,14.0,14.2,13.7,13.8,-0.2,548.0,
2019-05-21,647250.0,8985386.0,13.75,14.05,13.7,14.05,0.25,317.0,
2019-05-22,416999.0,5883734.0,14.1,14.25,14.0,14.0,-0.05,294.0,
2019-05-23,905999.0,12359485.0,13.9,13.9,13.45,13.55,-0.45,458.0,
2019-05-24,388203.0,5323342.0,13.55,13.85,13.55,13.65,0.1,239.0,
2019-05-27,521174.0,7084160.0,13.65,13.75,13.45,13.55,-0.1,328.0,
2019-05-28,396368.0,5381252.0,13.7,13.7,13.5,13.55,0.0,279.0,
2019-05-29,405305.0,5493020.0,13.5,13.65,13.4,13.65,0.1,229.0,
2019-05-30,519578.0,7147870.0,13.65,13.85,13.65,13.8,0.15,275.0,
2019-05-31,821711.0,11615916.0,13.9,14.3,13.85,14.1,0.3,444.0,
2019-06-03,319741.0,4445355.0,14.05,14.05,13.8,13.85,-0.25,176.0,
2019-06-04,355984.0,4962676.0,13.9,14.1,13.85,13.85,0.0,205.0,
2019-06-05,399024.0,5640291.0,14.3,14.3,14.0,14.0,0.15,227.0,
2019-06-06,344359.0,4763876.0,14.1,14.1,13.75,13.8,-0.2,176.0,
2019-06-10,257410.0,3587931.0,14.0,14.05,13.85,14.0,0.2,150.0,
2019-06-11,654217.0,9321188.0,14.05,14.35,14.05,14.25,0.25,343.0,
2019-06-12,850519.0,12291374.0,14.25,14.7,14.2,14.6,0.35,426.0,
2019-06-13,1398695.0,20578811.0,14.65,14.85,14.55,14.7,0.1,696.0,
2019-06-14,334400.0,4898900.0,14.75,14.75,14.55,14.55,-0.15,213.0,
2019-06-17,404005.0,5887675.0,14.55,14.7,14.5,14.5,-0.05,184.0,
2019-06-18,373837.0,5350145.0,14.55,14.55,14.2,14.2,-0.3,211.0,
2019-06-19,439305.0,6357775.0,14.5,14.55,14.4,14.5,0.3,271.0,
2019-06-20,1605018.0,24096335.0,14.6,15.4,14.55,14.95,0.45,848.0,
2019-06-21,609231.0,9136347.0,15.05,15.3,14.8,15.05,0.1,371.0,
2019-06-24,312802.0,4673156.0,15.0,15.1,14.75,15.0,-0.05,183.0,
2019-06-25,242154.0,3581160.0,15.0,15.0,14.7,14.7,-0.3,153.0,
2019-06-26,388134.0,5660396.0,14.7,14.7,14.5,14.65,-0.05,183.0,
2019-06-27,300207.0,4433205.0,14.7,14.85,14.7,14.8,0.15,162.0,
2019-06-28,178103.0,2625876.0,14.85,14.9,14.7,14.75,-0.05,100.0,
2019-07-01,462350.0,6923485.0,14.95,15.1,14.85,14.95,0.2,262.0,
2019-07-02,904003.0,13659495.0,14.95,15.3,14.95,15.15,0.2,492.0,
2019-07-03,3323840.0,52176073.0,15.45,16.05,15.35,15.4,0.25,1596.0,
2019-07-04,781006.0,12067796.0,15.6,15.6,15.35,15.5,0.1,402.0,
2019-07-05,322051.0,4962966.0,15.5,15.55,15.35,15.35,-0.15,197.0,
2019-07-08,1614200.0,25435760.0,15.55,16.0,15.55,15.6,0.25,777.0,
2019-07-09,413160.0,6405128.0,15.7,15.75,15.4,15.4,-0.2,211.0,
2019-07-10,404100.0,6219354.0,15.5,15.5,15.3,15.4,0.0,231.0,
2019-07-11,416430.0,6430408.0,15.5,15.5,15.35,15.45,0.05,224.0,
2019-07-12,2936750.0,46899970.0,15.65,16.3,15.65,15.7,0.25,1398.0,
2019-07-15,711502.0,11064778.0,15.8,15.85,15.45,15.5,-0.2,328.0,
2019-07-16,478377.0,7456868.0,15.6,15.7,15.5,15.5,0.0,241.0,
2019-07-17,407158.0,6338063.0,15.65,15.65,15.5,15.6,0.1,211.0,
2019-07-18,429264.0,6656716.0,15.7,15.7,15.4,15.4,-0.2,216.0,
2019-07-19,595400.0,9335630.0,15.65,15.8,15.55,15.6,0.2,329.0,
2019-07-22,3046052.0,49573802.0,16.2,16.6,15.95,16.1,0.5,1475.0,
2019-07-23,765495.0,12288817.0,16.25,16.3,15.9,16.0,-0.1,393.0,
2019-07-24,554500.0,8885525.0,16.05,16.15,15.95,15.95,-0.05,269.0,
2019-07-25,543230.0,8733460.0,16.05,16.2,15.95,16.1,0.15,249.0,
2019-07-26,523755.0,8366380.0,16.2,16.2,15.9,15.95,-0.15,255.0,
2019-07-29,360688.0,5781608.0,16.15,16.15,16.0,16.05,0.1,184.0,
2019-07-30,686680.0,10914612.0,16.1,16.2,15.7,15.8,-0.25,350.0,
2019-07-31,409207.0,6423962.0,15.8,15.85,15.6,15.75,-0.05,205.0,
2019-08-01,378011.0,5911337.0,15.6,15.8,15.5,15.55,-0.2,218.0,
2019-08-02,714100.0,10756438.0,15.5,15.5,14.9,15.0,-0.55,375.0,
2019-08-05,486103.0,7120525.0,15.0,15.05,14.4,14.45,-0.55,259.0,
2019-08-06,365429.0,5209693.0,14.25,14.5,13.95,14.5,0.05,208.0,
2019-08-07,251509.0,3652826.0,14.7,14.7,14.45,14.45,-0.05,139.0,
2019-08-08,264000.0,3844850.0,14.6,14.65,14.45,14.6,0.15,128.0,
2019-08-12,228005.0,3342620.0,14.65,14.8,14.55,14.7,0.1,126.0,
2019-08-13,254150.0,3692970.0,14.7,14.7,14.4,14.55,-0.15,141.0,
2019-08-14,206100.0,3030180.0,14.75,14.85,14.55,14.55,0.0,122.0,
2019-08-15,158186.0,2269334.0,14.35,14.5,14.1,14.45,-0.1,97.0,
2019-08-16,289125.0,4239884.0,14.75,14.75,14.55,14.7,0.25,147.0,
2019-08-19,593004.0,8986512.0,14.85,15.35,14.8,15.25,0.55,351.0,
2019-08-20,978600.0,15218839.0,15.4,15.7,15.35,15.4,0.15,442.0,
2019-08-21,453218.0,7065992.0,15.4,15.75,15.4,15.55,0.15,225.0,
2019-08-22,568240.0,8817792.0,15.8,15.8,15.35,15.4,-0.15,272.0,
2019-08-23,184680.0,2854561.0,15.5,15.6,15.4,15.4,0.0,124.0,
2019-08-26,495941.0,7394005.0,15.0,15.05,14.75,14.9,-0.5,284.0,
2019-08-27,271049.0,4096246.0,15.0,15.25,15.0,15.1,0.2,173.0,
2019-08-28,282133.0,4280864.0,15.2,15.35,15.1,15.15,0.05,149.0,
2019-08-29,383000.0,5884400.0,15.2,15.55,15.15,15.5,0.35,214.0,
2019-08-30,375221.0,5846481.0,15.7,15.7,15.5,15.6,0.1,243.0,
2019-09-02,2269402.0,36479239.0,15.7,16.25,15.6,16.2,0.6,1148.0,
2019-09-03,501950.0,8036942.0,16.15,16.2,15.9,15.95,-0.25,267.0,
2019-09-04,504059.0,8072194.0,16.0,16.15,15.95,16.0,0.05,221.0,
2019-09-05,534555.0,8548430.0,16.1,16.1,15.95,16.0,0.0,230.0,
2019-09-06,436000.0,6923850.0,16.1,16.1,15.8,15.8,-0.2,252.0,
2019-09-09,244446.0,3855143.0,16.0,16.0,15.65,15.65,-0.15,155.0,
2019-09-10,327008.0,5085919.0,15.7,15.75,15.45,15.5,-0.15,185.0,
2019-09-11,299817.0,4691230.0,15.55,15.8,15.55,15.7,0.2,169.0,
2019-09-12,793102.0,12670082.0,15.9,16.15,15.8,15.85,0.15,390.0,
2019-09-16,196359.0,3096086.0,15.8,15.85,15.7,15.75,-0.1,117.0,
2019-09-17,228430.0,3588136.0,15.7,15.8,15.65,15.65,-0.1,142.0,
2019-09-18,209800.0,3282567.0,15.65,15.75,15.55,15.6,-0.05,125.0,
2019-09-19,311198.0,4874672.0,15.7,15.75,15.55,15.55,-0.05,168.0,
2019-09-20,446303.0,7045648.0,15.7,15.9,15.6,15.85,0.3,226.0,
2019-09-23,789704.0,12635354.0,16.0,16.1,15.85,15.85,0.0,349.0,
2019-09-24,258000.0,4093849.0,15.95,16.0,15.8,15.8,-0.05,176.0,
2019-09-25,376202.0,5876590.0,15.85,15.9,15.5,15.5,-0.3,210.0,
2019-09-26,602999.0,9293834.0,15.6,15.6,15.25,15.25,-0.25,346.0,
2019-09-27,588520.0,8725610.0,15.25,15.25,14.6,14.85,-0.4,349.0,
2019-10-01,1915850.0,29740393.0,15.05,15.8,15.05,15.45,0.6,992.0,
2019-10-02,327664.0,4992924.0,15.4,15.4,15.15,15.3,-0.15,180.0,
2019-10-03,192302.0,2904927.0,15.05,15.25,14.95,15.2,-0.1,122.0,
2019-10-04,242446.0,3694163.0,15.25,15.5,15.15,15.15,-0.05,144.0,
2019-10-07,272104.0,4100285.0,15.2,15.4,14.95,14.95,-0.2,182.0,
2019-10-08,244115.0,3649084.0,14.85,15.15,14.85,14.9,-0.05,127.0,
2019-10-09,243871.0,3601326.0,14.75,14.95,14.7,14.75,-0.15,148.0,
2019-10-14,156773.0,2327188.0,15.0,15.0,14.75,14.75,0.0,110.0,
2019-10-15,317004.0,4634564.0,14.8,14.8,14.5,14.5,-0.25,202.0,
2019-10-16,495504.0,7319160.0,14.6,14.85,14.6,14.7,0.2,383.0,
2019-10-17,236571.0,3451443.0,14.8,14.8,14.5,14.7,0.0,151.0,
2019-10-18,256001.0,3776609.0,14.75,14.85,14.65,14.65,-0.05,158.0,
2019-10-21,181594.0,2665769.0,14.7,14.75,14.6,14.7,0.05,90.0,
2019-10-22,211200.0,3116930.0,14.8,14.85,14.65,14.75,0.05,110.0,
2019-10-23,9552128.0,153904770.0,15.1,16.2,15.1,16.2,1.45,3013.0,
2019-10-24,6328866.0,103206818.0,16.5,16.7,16.0,16.1,-0.1,2675.0,
2019-10-25,1266216.0,20123141.0,16.1,16.2,15.75,15.8,-0.3,611.0,
2019-10-28,1065187.0,16823142.0,15.8,16.0,15.65,15.75,-0.05,510.0,
2019-10-29,1256646.0,19771473.0,15.9,15.95,15.45,15.45,-0.3,548.0,
2019-10-30,1659252.0,26320930.0,15.6,16.1,15.6,15.7,0.25,766.0,
2019-10-31,548500.0,8510447.0,15.65,15.75,15.4,15.55,-0.15,339.0,
2019-11-01,423106.0,6607152.0,15.55,15.8,15.4,15.5,-0.05,236.0,
2019-11-04,648405.0,10177134.0,15.75,15.95,15.55,15.55,0.05,290.0,
2019-11-05,536500.0,8355399.0,15.75,15.75,15.5,15.5,-0.05,271.0,
2019-11-06,371201.0,5711515.0,15.6,15.6,15.3,15.3,-0.2,199.0,
2019-11-07,516167.0,7789521.0,15.35,15.35,15.0,15.0,-0.3,251.0,
2019-11-08,383071.0,5759610.0,14.95,15.15,14.95,15.05,0.05,195.0,
2019-11-11,569108.0,8511436.0,15.15,15.15,14.75,14.75,-0.3,286.0,
2019-11-12,447100.0,6781340.0,14.9,15.4,14.9,15.15,0.4,266.0,
2019-11-13,235185.0,3570349.0,15.15,15.35,15.05,15.2,0.05,148.0,
2019-11-14,4467777.0,71167191.0,15.4,16.4,15.4,15.95,0.75,2227.0,
2019-11-15,1336010.0,21131560.0,15.9,16.0,15.65,15.75,-0.2,614.0,
2019-11-18,2754200.0,44679707.0,15.95,16.4,15.8,16.25,0.5,1047.0,
2019-11-19,1449559.0,23566531.0,16.3,16.45,16.05,16.05,-0.2,725.0,
2019-11-20,1388202.0,22425961.0,16.05,16.35,16.0,16.25,0.2,602.0,
2019-11-21,4912585.0,82275039.0,16.1,17.25,15.9,17.15,0.9,2033.0,
2019-11-22,8551763.0,149104933.0,17.25,17.85,16.85,17.6,0.45,3725.0,
2019-11-25,2838586.0,49277003.0,17.65,17.8,17.1,17.35,-0.25,1416.0,
2019-11-26,1674390.0,28640938.0,17.35,17.55,16.9,17.0,-0.35,753.0,
2019-11-27,2639052.0,45372256.0,17.1,17.5,16.85,17.5,0.5,1142.0,
2019-11-28,4757670.0,83207605.0,17.65,17.75,17.2,17.2,-0.3,1803.0,
2019-11-29,2062282.0,35267919.0,17.1,17.35,16.95,16.95,-0.25,926.0,
2019-12-02,1656856.0,27783637.0,17.0,17.15,16.5,16.65,-0.3,736.0,
2019-12-03,1341700.0,22785440.0,16.6,17.2,16.55,17.1,0.45,640.0,
2019-12-04,4123199.0,72083472.0,17.0,17.8,16.95,17.4,0.3,1871.0,
2019-12-05,2738200.0,48203418.0,17.5,17.8,17.4,17.65,0.25,1215.0,
2019-12-06,9605270.0,175427362.0,18.0,18.7,17.75,18.2,0.55,4209.0,
2019-12-09,2970526.0,54063522.0,18.3,18.4,18.05,18.2,0.0,1116.0,
2019-12-10,2236550.0,40696346.0,18.25,18.4,18.0,18.4,0.2,933.0,
2019-12-11,3681108.0,68100005.0,18.45,18.85,18.2,18.6,0.2,1525.0,
2019-12-12,7607708.0,141183711.0,18.85,19.6,18.0,18.3,-0.3,3187.0,
2019-12-13,2658202.0,47786812.0,18.3,18.6,17.7,17.9,-0.4,1246.0,
2019-12-16,1801356.0,33020582.0,18.0,18.5,18.0,18.45,0.55,976.0,
2019-12-17,1864705.0,34432369.0,18.5,18.6,18.3,18.4,-0.05,728.0,
2019-12-18,959703.0,17491406.0,18.45,18.45,18.1,18.1,-0.3,539.0,
2019-12-19,1041835.0,18790719.0,18.2,18.2,17.95,18.05,-0.05,486.0,
2019-12-20,838920.0,15169156.0,18.4,18.4,17.95,18.0,-0.05,409.0,
2019-12-23,631300.0,11283027.0,18.0,18.2,17.75,17.9,-0.1,351.0,
2019-12-24,571699.0,10217875.0,18.0,18.0,17.75,17.9,0.0,280.0,
2019-12-25,2481551.0,45686829.0,18.05,18.6,18.0,18.5,0.6,1119.0,
2019-12-26,16760213.0,322328586.0,19.0,19.85,18.5,18.5,0.0,7113.0,
2019-12-27,2515056.0,46369533.0,18.4,18.6,18.3,18.4,-0.1,1162.0,
2019-12-30,1682646.0,30687042.0,18.5,18.6,18.1,18.1,-0.3,773.0,
2019-12-31,972001.0,17525068.0,18.05,18.15,17.95,18.0,-0.1,417.0,
2020-01-02,749072.0,13529800.0,18.15,18.2,17.95,18.05,0.05,356.0,
2020-01-03,1857671.0,32937189.0,18.1,18.15,17.45,17.65,-0.4,879.0,
2020-01-06,1025092.0,17702062.0,17.5,17.55,17.15,17.2,-0.45,467.0,
2020-01-07,587327.0,10054054.0,17.2,17.35,16.9,17.15,-0.05,378.0,
2020-01-08,772255.0,13248529.0,17.0,17.35,16.9,17.05,-0.1,373.0,
2020-01-09,1305236.0,22922586.0,17.25,17.75,17.25,17.55,0.5,628.0,
2020-01-10,907293.0,15679409.0,17.6,17.7,17.15,17.2,-0.35,466.0,
2020-01-13,2125308.0,38084149.0,17.5,18.2,17.35,18.2,1.0,1163.0,
2020-01-14,1452444.0,26426023.0,18.2,18.35,18.05,18.2,0.0,615.0,
2020-01-15,971142.0,17779827.0,18.3,18.55,18.15,18.2,0.0,518.0,
2020-01-16,1114095.0,20383930.0,18.3,18.45,18.15,18.35,0.15,493.0,
2020-01-17,1032300.0,19030051.0,18.6,18.7,18.25,18.4,0.05,492.0,
2020-01-20,2105097.0,39287432.0,18.5,18.85,18.35,18.7,0.3,994.0,
2020-01-30,2505275.0,42758923.0,17.0,17.55,16.85,16.9,-1.8,1024.0,
2020-01-31,966775.0,16443550.0,16.85,17.25,16.7,17.05,0.15,454.0,
2020-02-03,1376242.0,21989174.0,15.8,16.6,15.45,16.55,-0.5,633.0,
2020-02-04,782079.0,13235930.0,16.55,17.05,16.55,17.0,0.45,366.0,
2020-02-05,2203317.0,38511036.0,17.5,17.8,17.15,17.2,0.2,1006.0,
2020-02-06,1034468.0,18035198.0,17.4,17.6,17.25,17.5,0.3,453.0,
2020-02-07,762171.0,13088577.0,17.4,17.5,17.0,17.0,-0.5,346.0,
2020-02-10,534506.0,9011502.0,17.1,17.1,16.65,16.8,-0.2,294.0,
2020-02-11,480599.0,8144410.0,17.0,17.1,16.85,16.9,0.1,219.0,
2020-02-12,548354.0,9432717.0,17.2,17.3,17.05,17.25,0.35,288.0,
2020-02-13,610514.0,10452182.0,17.3,17.4,16.9,17.0,-0.25,326.0,
2020-02-14,649332.0,10997137.0,16.95,17.05,16.8,17.0,0.0,349.0,
2020-02-17,632290.0,10634636.0,17.0,17.05,16.65,16.85,-0.15,376.0,
2020-02-18,386530.0,6462019.0,16.85,16.9,16.65,16.65,-0.2,253.0,
2020-02-19,424658.0,7131057.0,16.85,16.9,16.55,16.8,0.15,228.0,
2020-02-20,617598.0,10258919.0,16.95,16.95,16.5,16.5,-0.3,388.0,
2020-02-21,608163.0,10042919.0,16.55,16.65,16.4,16.5,0.0,370.0,
2020-02-24,1791550.0,29758885.0,16.65,16.95,16.3,16.4,-0.1,902.0,
2020-02-25,662217.0,10703696.0,16.05,16.4,16.0,16.25,-0.15,382.0,
2020-02-26,384124.0,6166594.0,16.05,16.15,15.9,16.05,-0.2,253.0,
2020-02-27,1343153.0,20951207.0,16.05,16.05,15.15,15.4,-0.65,738.0,
2020-03-02,548359.0,8338379.0,15.0,15.5,14.8,15.35,-0.05,351.0,
2020-03-03,442103.0,6905886.0,15.85,15.85,15.5,15.5,0.15,246.0,
2020-03-04,525475.0,8179582.0,15.55,15.85,15.2,15.75,0.25,338.0,
2020-03-05,803584.0,12968669.0,16.0,16.3,15.9,16.1,0.35,490.0,
2020-03-06,769532.0,12347760.0,15.95,16.2,15.9,16.1,0.0,377.0,
2020-03-09,867225.0,13469745.0,16.0,16.1,15.1,15.3,-0.8,483.0,
2020-03-10,1085571.0,16639850.0,14.9,15.7,14.9,15.65,0.35,554.0,
2020-03-11,672620.0,10507873.0,15.65,15.95,15.25,15.25,-0.4,349.0,
2020-03-12,2096103.0,29766333.0,15.25,15.25,13.75,13.9,-1.35,842.0,
2020-03-13,3275300.0,41497461.0,12.65,13.0,12.55,13.0,-0.9,902.0,
2020-03-16,1323255.0,16545036.0,13.1,13.25,11.95,12.1,-0.9,629.0,
2020-03-17,1569524.0,17911358.0,11.1,11.95,11.1,11.15,-0.95,690.0,
2020-03-18,991200.0,11050400.0,11.3,11.35,10.85,10.9,-0.25,451.0,
2020-03-19,2035062.0,20191932.0,10.5,10.65,9.81,9.81,-1.09,752.0,
2020-03-20,1347476.0,14279466.0,10.0,10.75,10.0,10.75,0.94,475.0,
2020-03-23,809030.0,8434080.0,10.45,10.75,10.15,10.4,-0.35,329.0,
2020-03-24,478000.0,5223550.0,10.85,11.15,10.75,10.9,0.5,227.0,
2020-03-25,619000.0,7064750.0,11.4,11.65,11.2,11.3,0.4,313.0,
2020-03-26,688500.0,7743502.0,11.4,11.5,10.95,11.5,0.2,411.0,
2020-03-27,762066.0,8767851.0,11.85,11.9,11.25,11.3,-0.2,350.0,
2020-03-30,395000.0,4393916.0,11.05,11.3,10.95,11.3,0.0,261.0,
2020-03-31,470097.0,5317131.0,11.4,11.5,11.2,11.2,-0.1,175.0,
2020-04-01,376068.0,4229016.0,11.2,11.4,11.15,11.35,0.15,208.0,
2020-04-06,556498.0,6413145.0,11.4,11.75,11.3,11.7,0.35,377.0,
2020-04-07,790015.0,9464831.0,11.95,12.15,11.75,11.9,0.2,329.0,
2020-04-08,952750.0,11771999.0,11.9,12.7,11.8,12.7,0.8,405.0,
2020-04-09,1562060.0,19970284.0,12.7,13.05,12.5,12.7,0.0,628.0,
2020-04-10,1963000.0,25813550.0,13.1,13.45,12.85,13.0,0.3,706.0,
2020-04-13,994073.0,13063959.0,13.1,13.35,12.7,13.15,0.15,466.0,
2020-04-14,781269.0,10520067.0,13.5,13.6,13.3,13.5,0.35,372.0,
2020-04-15,885146.0,12083294.0,13.6,13.85,13.4,13.7,0.2,440.0,
2020-04-16,1224109.0,17300429.0,13.45,14.65,13.4,14.4,0.7,596.0,
2020-04-17,2519262.0,37349083.0,14.6,15.35,14.4,14.55,0.15,920.0,
2020-04-20,1843619.0,27553254.0,14.9,15.25,14.4,15.2,0.65,627.0,
2020-04-21,2088120.0,30771140.0,15.25,15.3,14.35,14.55,-0.65,785.0,
2020-04-22,6174625.0,95206278.0,14.4,16.0,14.1,15.45,0.9,2611.0,
2020-04-23,4916819.0,78374364.0,15.35,16.3,15.35,16.0,0.55,2180.0,
2020-04-24,3091040.0,49305129.0,16.1,16.25,15.75,15.95,-0.05,1291.0,
2020-04-27,3763020.0,61458420.0,16.25,16.65,16.05,16.15,0.2,1641.0,
2020-04-28,1772360.0,28801597.0,16.25,16.5,16.05,16.4,0.25,699.0,
2020-04-29,2562670.0,42788367.0,16.7,17.1,16.4,16.55,0.15,962.0,
2020-04-30,3332701.0,56872146.0,16.65,17.45,16.65,17.1,0.55,1436.0,
2020-05-04,1648745.0,28200196.0,16.8,17.4,16.6,17.3,0.2,753.0,
2020-05-05,1436150.0,24885681.0,17.5,17.7,17.0,17.3,0.0,583.0,
2020-05-06,1474000.0,25152800.0,17.4,17.45,16.75,16.85,-0.45,650.0,
2020-05-07,5054616.0,90338259.0,17.0,18.35,16.9,18.1,1.25,2019.0,
2020-05-08,7032837.0,132132256.0,18.2,19.5,17.7,18.9,0.8,3197.0,
2020-05-11,4476637.0,84119081.0,18.2,19.2,18.2,18.9,0.0,1877.0,
2020-05-12,3953700.0,74791302.0,18.9,19.25,18.4,19.2,0.3,1750.0,
2020-05-13,3202600.0,61199950.0,19.15,19.3,18.8,19.15,-0.05,1272.0,
2020-05-14,3376399.0,63031982.0,19.1,19.3,17.75,17.95,-1.2,1531.0,
2020-05-15,3192428.0,57839404.0,18.45,18.7,17.35,18.15,0.2,1464.0,
2020-05-18,3171200.0,59240220.0,18.2,19.45,18.15,18.6,0.45,1429.0,
2020-05-19,1791340.0,33573374.0,18.65,18.95,18.55,18.65,0.05,925.0,
2020-05-20,11049015.0,215412830.0,18.75,20.15,18.75,19.15,0.5,5049.0,
2020-05-21,5339999.0,102846876.0,19.05,19.55,18.9,19.05,-0.1,2229.0,
2020-05-22,3356000.0,63215950.0,19.05,19.4,18.4,18.4,-0.65,1305.0,
2020-05-25,2057498.0,37590461.0,18.3,18.6,17.7,18.4,0.0,954.0,
2020-05-26,1575839.0,28700368.0,18.6,18.6,17.95,17.95,-0.45,797.0,
2020-05-27,1534200.0,27819709.0,18.1,18.35,17.9,18.05,0.1,704.0,
2020-05-28,1326300.0,23803464.0,18.25,18.45,17.6,17.8,-0.25,557.0,
2020-05-29,553686.0,9859142.0,17.8,18.0,17.6,17.7,-0.1,304.0,
2020-06-01,1672445.0,30614490.0,18.2,18.6,17.9,18.6,0.9,734.0,
2020-06-02,2794200.0,51739200.0,18.5,18.95,18.15,18.75,0.15,1072.0,
2020-06-03,3650500.0,68394047.0,19.0,19.1,18.35,18.5,-0.25,1569.0,
2020-06-04,1222506.0,22716958.0,18.7,18.8,18.45,18.45,-0.05,602.0,
2020-06-05,1702100.0,31809093.0,18.55,19.0,18.45,18.55,0.1,771.0,
2020-06-08,1885596.0,34673595.0,18.7,18.7,18.2,18.2,-0.35,789.0,
2020-06-09,874919.0,15931767.0,18.2,18.35,18.05,18.2,0.0,412.0,
2020-06-10,1751358.0,31851592.0,18.55,18.6,18.0,18.0,-0.2,792.0,
2020-06-11,3245950.0,57238426.0,18.0,18.2,17.1,17.1,-0.9,1235.0,
2020-06-12,1748900.0,29390600.0,16.45,17.25,16.25,17.2,0.1,783.0,
2020-06-15,1312050.0,22844301.0,17.25,17.7,17.1,17.15,-0.05,573.0,
2020-06-16,1367100.0,24110550.0,17.45,17.9,17.3,17.6,0.45,526.0,
2020-06-17,1250539.0,22402776.0,17.85,18.2,17.65,17.7,0.1,589.0,
2020-06-18,7504426.0,140714513.0,18.3,19.15,18.1,19.1,1.4,3052.0,
2020-06-19,6073520.0,112709491.0,19.35,19.45,18.0,18.0,-1.1,2728.0,
2020-06-22,1074155.0,19430945.0,18.0,18.35,17.9,18.05,0.05,535.0,
2020-06-23,1198993.0,21357171.0,18.2,18.25,17.65,17.7,-0.35,585.0,
2020-06-24,709008.0,12617852.0,17.75,18.0,17.65,17.7,0.0,336.0,
2020-06-29,842041.0,14824038.0,17.5,17.75,17.3,17.75,0.05,442.0,
2020-06-30,521004.0,9316276.0,17.9,18.0,17.8,17.9,0.15,235.0,
2020-07-01,1460000.0,26697391.0,17.95,18.5,17.95,18.05,0.15,707.0,
2020-07-02,798940.0,14510252.0,18.3,18.3,18.05,18.2,0.15,356.0,
2020-07-03,920500.0,16835749.0,18.3,18.55,18.15,18.2,0.0,444.0,
2020-07-06,2519060.0,46632107.0,18.3,18.7,18.25,18.45,0.25,959.0,
2020-07-07,2936097.0,55008701.0,19.0,19.2,18.4,18.55,0.1,1216.0,
2020-07-08,11140156.0,220904282.0,18.55,20.4,18.55,20.4,1.85,3972.0,
2020-07-09,16345467.0,362899059.0,22.4,22.4,21.4,22.4,2.0,6301.0,
2020-07-10,18401029.0,408945949.0,22.25,23.9,20.45,22.65,0.25,8605.0,
2020-07-13,11678785.0,281088942.0,22.65,24.9,22.15,24.9,2.25,4777.0,
2020-07-14,17963159.0,451827834.0,24.9,26.3,24.4,25.1,0.2,8487.0,
2020-07-15,9980244.0,244400302.0,25.2,26.0,23.5,23.7,-1.4,5119.0,
2020-07-16,6890821.0,160542388.0,24.2,24.5,22.45,22.65,-1.05,3561.0,
2020-07-17,11503200.0,269140238.0,22.8,24.4,22.05,23.3,0.65,5663.0,
2020-07-20,5130014.0,115625063.0,23.0,23.2,22.1,22.5,-0.8,2695.0,
2020-07-21,3156463.0,71863841.0,22.75,23.15,22.5,23.15,0.65,1641.0,
2020-07-22,4234300.0,97973519.0,23.5,23.8,22.75,22.8,-0.35,2237.0,
2020-07-23,2417466.0,55493568.0,22.8,23.35,22.65,22.85,0.05,1233.0,
2020-07-24,4229713.0,95235755.0,22.9,23.5,21.8,22.0,-0.85,2168.0,
2020-07-27,3004538.0,65275186.0,22.3,22.5,21.1,21.2,-0.8,1534.0,
2020-07-28,9679322.0,216786084.0,21.55,23.1,21.35,22.0,0.8,4786.0,
2020-07-29,5047108.0,112371012.0,21.85,22.85,21.5,22.85,0.85,2500.0,
2020-07-30,5446173.0,126532812.0,22.9,23.85,22.85,22.9,0.05,2736.0,
2020-07-31,7464099.0,176492650.0,23.0,24.1,23.0,23.55,0.65,3755.0,
2020-08-03,3365200.0,79684426.0,23.8,24.2,23.35,23.55,0.0,1624.0,
2020-08-04,1936011.0,45516534.0,23.8,23.95,23.3,23.3,-0.25,995.0,
2020-08-05,6237372.0,150894255.0,23.4,24.75,23.4,24.3,1.0,3038.0,
2020-08-06,4193111.0,100894678.0,24.65,24.9,23.45,23.5,-0.8,2358.0,
2020-08-07,2009001.0,46970019.0,23.75,23.85,23.15,23.15,-0.35,1182.0,
2020-08-10,2883098.0,66162753.0,23.25,23.5,22.55,22.55,-0.6,1422.0,
2020-08-11,2457563.0,54536536.0,22.6,23.0,21.65,22.0,-0.55,1366.0,
2020-08-12,1676450.0,37221515.0,22.0,22.7,21.7,22.65,0.65,921.0,
2020-08-13,6058300.0,133318737.0,22.65,23.0,21.35,21.7,-0.95,2807.0,
2020-08-14,1678600.0,37020558.0,21.7,22.35,21.6,22.35,0.65,874.0,
2020-08-17,2633870.0,59047874.0,22.5,22.85,22.1,22.1,-0.25,1150.0,
2020-08-18,1244206.0,27242190.0,22.35,22.35,21.75,21.75,-0.35,698.0,
2020-08-19,2623487.0,56854712.0,21.95,22.05,21.2,21.9,0.15,1223.0,
2020-08-20,5202436.0,107011913.0,21.7,22.05,19.75,20.2,-1.7,2340.0,
2020-08-21,2059100.0,42950750.0,20.45,21.35,20.4,21.1,0.9,1116.0,
2020-08-24,4059217.0,89012180.0,21.1,22.55,21.0,22.45,1.35,1777.0,
2020-08-25,10406762.0,244838094.0,22.8,24.1,22.75,23.85,1.4,4655.0,
2020-08-26,6018325.0,143526518.0,23.5,24.4,23.45,23.5,-0.35,2674.0,
2020-08-27,2886450.0,68050738.0,24.0,24.05,23.1,23.15,-0.35,1333.0,
2020-08-28,9244508.0,223954915.0,23.3,24.9,22.75,24.25,1.1,4105.0,
2020-08-31,4149316.0,101717784.0,24.9,25.35,24.0,24.0,-0.25,2128.0,
2020-09-01,11520550.0,288377715.0,24.1,25.55,23.7,25.4,1.4,4764.0,
2020-09-02,5758550.0,143535650.0,25.4,25.55,24.45,24.85,-0.55,2904.0,
2020-09-03,4973464.0,121763678.0,25.1,25.25,23.9,23.9,-0.95,2406.0,
2020-09-04,3930188.0,94625377.0,22.9,24.6,22.9,24.15,0.25,1873.0,
2020-09-07,2291720.0,54707641.0,24.45,24.7,23.25,23.35,-0.8,1229.0,
2020-09-08,2083900.0,49221459.0,23.65,24.05,23.15,23.95,0.6,981.0,
2020-09-09,3771200.0,89419148.0,24.05,24.1,23.35,23.65,-0.3,1778.0,
2020-09-10,2504593.0,59640252.0,23.8,24.3,23.35,23.35,-0.3,1201.0,
2020-09-11,1881800.0,43594300.0,23.6,23.6,22.8,22.9,-0.45,857.0,
2020-09-14,1650650.0,38549469.0,23.1,23.7,22.9,23.65,0.75,876.0,
2020-09-15,4941766.0,120603892.0,23.65,24.85,23.65,24.55,0.9,2478.0,
2020-09-16,6144171.0,152676175.0,24.6,25.5,24.3,24.3,-0.25,2935.0,
2020-09-17,18135114.0,472234289.0,24.1,26.7,24.1,26.7,2.4,7242.0,
2020-09-18,32735713.0,870355526.0,27.2,28.1,25.45,25.45,-1.25,14615.0,
2020-09-21,8245664.0,202408646.0,25.2,25.4,24.2,24.25,-1.2,3934.0,
2020-09-22,7383500.0,172934072.0,24.1,24.1,23.0,23.35,-0.9,3223.0,
2020-09-23,2757846.0,64412832.0,23.75,23.75,23.1,23.1,-0.25,1388.0,
2020-09-24,5912987.0,131438460.0,22.75,22.8,21.8,21.8,-1.3,2734.0,
2020-09-25,5070658.0,108236261.0,22.25,22.3,20.2,21.25,-0.55,2088.0,
2020-09-28,1580100.0,34130529.0,21.8,21.9,21.05,21.65,0.4,788.0,
2020-09-29,1287668.0,28154175.0,21.75,22.1,21.65,21.85,0.2,611.0,
2020-09-30,757001.0,16602422.0,22.0,22.1,21.5,21.95,0.1,393.0,
2020-10-05,932030.0,20432575.0,21.5,22.3,21.5,22.2,0.25,479.0,
2020-10-06,1421100.0,32016960.0,22.4,22.8,22.25,22.6,0.4,713.0,
2020-10-07,659040.0,14821182.0,22.4,22.75,22.25,22.45,-0.15,387.0,
2020-10-08,1035902.0,23194483.0,22.75,22.75,22.2,22.2,-0.25,524.0,
2020-10-12,1439103.0,31530681.0,22.4,22.4,21.7,21.7,-0.5,674.0,
2020-10-13,1452050.0,32216067.0,21.8,22.7,21.6,22.35,0.65,772.0,
2020-10-14,936671.0,21051104.0,22.4,22.65,22.35,22.4,0.05,494.0,
2020-10-15,6985151.0,160715143.0,22.4,23.45,22.4,23.4,1.0,2120.0,
2020-10-16,2978201.0,68272882.0,23.4,23.4,22.55,22.6,-0.8,1629.0,
2020-10-19,1238051.0,27724853.0,22.6,22.75,22.2,22.35,-0.25,689.0,
2020-10-20,660400.0,14767908.0,22.25,22.55,22.2,22.3,-0.05,372.0,
2020-10-21,2996153.0,68873397.0,22.5,23.5,22.45,22.55,0.25,1512.0,
2020-10-22,1398301.0,31183881.0,22.75,22.85,22.0,22.2,-0.35,795.0,
2020-10-23,784400.0,17431990.0,22.25,22.5,22.05,22.25,0.05,405.0,
2020-10-26,641771.0,14251354.0,22.4,22.45,22.1,22.1,-0.15,367.0,
2020-10-27,1101646.0,23982864.0,21.8,22.1,21.6,21.6,-0.5,587.0,
2020-10-28,1064957.0,23070608.0,21.65,22.0,21.4,21.4,-0.2,471.0,
2020-10-29,1113278.0,23217344.0,20.9,21.2,20.4,21.05,-0.35,584.0,
2020-10-30,1090050.0,22745387.0,21.1,21.4,20.55,20.55,-0.5,536.0,
2020-11-02,976332.0,19857853.0,20.6,20.8,20.1,20.35,-0.2,420.0,
2020-11-03,1083751.0,22848535.0,20.65,21.35,20.6,21.0,0.65,574.0,
2020-11-04,1361541.0,29234666.0,21.2,21.9,21.05,21.1,0.1,701.0,
2020-11-05,602280.0,12784980.0,21.2,21.5,21.05,21.3,0.2,312.0,
2020-11-06,916722.0,19463703.0,21.45,21.7,20.9,21.05,-0.25,452.0,
2020-11-09,1115304.0,23705193.0,21.2,21.45,21.0,21.2,0.15,425.0,
2020-11-10,900100.0,19091559.0,21.5,21.5,20.85,21.1,-0.1,474.0,
2020-11-11,1251183.0,26206219.0,21.2,21.3,20.7,20.95,-0.15,718.0,
2020-11-12,1623098.0,34771818.0,21.6,21.7,21.15,21.2,0.25,770.0,
2020-11-13,948250.0,20084473.0,21.2,21.4,20.85,21.25,0.05,470.0,
2020-11-16,1789223.0,38580443.0,21.4,21.85,21.1,21.8,0.55,859.0,
2020-11-17,7585415.0,172846000.0,22.3,23.15,22.3,22.65,0.85,3568.0,
2020-11-18,3129217.0,71184689.0,22.45,23.0,22.45,22.65,0.0,1100.0,
2020-11-19,5324224.0,122999910.0,22.65,23.4,22.5,23.15,0.5,2393.0,
2020-11-20,2145507.0,49046873.0,22.9,23.2,22.65,22.85,-0.3,1049.0,
2020-11-23,2370174.0,53858773.0,22.8,23.0,22.5,22.75,-0.1,1015.0,
2020-11-24,1763722.0,40059953.0,22.9,23.2,22.3,22.3,-0.45,872.0,
2020-11-25,2082515.0,47400710.0,22.5,23.15,22.45,22.65,0.35,956.0,
2020-11-26,1490101.0,34164943.0,22.8,23.2,22.7,22.85,0.2,713.0,
2020-11-27,3842836.0,89968377.0,23.1,23.9,23.0,23.2,0.35,1963.0,
2020-11-30,1444115.0,33332882.0,23.2,23.35,22.9,23.0,-0.2,705.0,
2020-12-01,3310717.0,77519306.0,23.2,23.8,22.6,23.7,0.7,1582.0,
2020-12-02,6749247.0,174115577.0,25.3,26.05,25.1,26.05,2.35,2333.0,
2020-12-03,19277159.0,486921656.0,26.5,26.7,23.7,24.2,-1.85,8069.0,
2020-12-04,7350682.0,181250521.0,24.2,25.3,23.9,25.1,0.9,3308.0,
2020-12-07,20587174.0,544232764.0,25.1,27.6,24.5,26.75,1.65,9297.0,
2020-12-08,8630216.0,226576416.0,26.2,26.7,25.8,26.2,-0.55,4217.0,
2020-12-09,10130126.0,272274166.0,26.6,27.45,26.35,26.8,0.6,4931.0,
2020-12-10,4892808.0,128284964.0,26.2,27.05,25.4,26.0,-0.8,2390.0,
2020-12-11,6021083.0,151483942.0,26.7,26.7,24.0,25.0,-1.0,3030.0,
2020-12-14,3093569.0,78940747.0,25.2,26.25,24.6,25.2,0.2,1567.0,
2020-12-15,2675389.0,66433495.0,25.85,25.85,24.1,24.8,-0.4,1347.0,
2020-12-16,1693148.0,42653264.0,25.2,25.5,24.85,25.0,0.2,895.0,
2020-12-17,1717477.0,43417362.0,25.1,25.8,24.95,25.1,0.1,832.0,
2020-12-18,2094679.0,51858402.0,25.45,25.45,24.45,24.45,-0.65,1094.0,
2020-12-21,2471009.0,59363543.0,24.5,24.5,23.6,24.0,-0.45,1180.0,
2020-12-22,1988658.0,48390572.0,24.15,25.0,23.65,23.75,-0.25,1042.0,
2020-12-23,16359432.0,419192397.0,24.0,26.1,23.7,25.1,1.35,4392.0,
2020-12-24,2939223.0,73722967.0,24.95,25.35,24.8,25.25,0.15,1391.0,
2020-12-25,4007382.0,102939999.0,25.6,26.1,25.2,25.5,0.25,1638.0,
2020-12-28,6579201.0,170946440.0,25.8,26.35,25.5,26.05,0.55,2929.0,
2020-12-29,3944614.0,102080294.0,26.0,26.3,25.45,25.7,-0.35,1671.0,
2020-12-30,14510822.0,392190070.0,25.95,27.9,25.7,27.55,1.85,6429.0,
2020-12-31,24857530.0,726132086.0,27.6,30.3,26.95,30.3,2.75,9632.0,
2021-01-04,20919446.0,681537843.0,32.15,33.3,31.8,33.3,3.0,6986.0,
2021-01-05,42297268.0,1532073862.0,35.4,36.6,35.0,36.6,3.3,15673.0,
2021-01-06,58937180.0,2155018362.0,38.75,38.95,34.5,35.15,-1.45,27176.0,
2021-01-07,18387469.0,653826650.0,35.3,36.5,34.45,35.75,0.6,9158.0,
2021-01-08,14321273.0,485559849.0,35.75,35.75,32.65,34.1,-1.65,7777.0,
2021-01-11,11332661.0,394497134.0,34.8,35.8,33.45,34.4,0.3,5531.0,
2021-01-12,6575685.0,222989926.0,34.15,35.05,33.1,34.15,-0.25,3328.0,
2021-01-13,6009572.0,204510452.0,34.3,34.8,33.5,33.95,-0.2,2928.0,
2021-01-14,11552629.0,401901903.0,33.7,35.95,33.0,34.6,0.65,6109.0,
2021-01-15,8860085.0,296693954.0,34.15,34.5,32.9,33.3,-1.3,4463.0,
2021-01-18,6795342.0,226144119.0,33.3,34.25,31.5,34.0,0.7,3304.0,
2021-01-19,7332927.0,249882924.0,33.75,35.1,33.3,33.5,-0.5,3902.0,
2021-01-20,54735767.0,1960186346.0,33.9,36.85,33.75,34.9,1.4,21250.0,
2021-01-21,21294258.0,746675190.0,34.65,36.2,34.15,34.5,-0.4,10264.0,
2021-01-22,7464809.0,253558920.0,34.25,34.8,33.4,34.2,-0.3,3925.0,
2021-01-25,4966299.0,165656595.0,33.85,34.0,32.85,33.75,-0.45,2643.0,
2021-01-26,5411951.0,178156529.0,33.8,34.2,32.15,32.25,-1.5,2960.0,
2021-01-27,5512398.0,176217811.0,32.25,32.75,31.6,31.75,-0.5,2738.0,
2021-01-28,4489854.0,138905362.0,31.15,31.5,30.55,30.65,-1.1,2177.0,
2021-01-29,4847076.0,148725057.0,31.15,31.8,29.85,30.05,-0.6,2216.0,
2021-02-01,4900411.0,145623461.0,29.55,30.5,28.6,29.8,-0.25,2331.0,
2021-02-02,2739148.0,82311992.0,30.3,30.6,29.8,30.0,0.2,1395.0,
2021-02-03,2299106.0,69421248.0,30.3,30.75,29.7,29.7,-0.3,1266.0,
2021-02-04,1559942.0,46151799.0,29.35,30.05,29.3,29.65,-0.05,933.0,
2021-02-05,3356608.0,97750533.0,29.65,29.95,28.8,28.9,-0.75,1748.0,
2021-02-17,6190167.0,192056313.0,29.6,31.75,29.4,31.75,2.85,3129.0,
2021-02-18,5517060.0,174902622.0,31.5,32.5,30.85,31.65,-0.1,2961.0,
2021-02-19,5963231.0,194083167.0,31.5,33.65,31.2,32.9,1.25,3251.0,
2021-02-22,5227276.0,173475763.0,32.9,33.7,32.45,33.35,0.45,2729.0,
2021-02-23,2845983.0,94237218.0,33.35,33.55,32.5,33.15,-0.2,1551.0,
2021-02-24,4862563.0,160461784.0,33.6,34.05,32.2,32.3,-0.85,2696.0,
2021-02-25,2358610.0,76313930.0,32.8,32.95,31.9,32.35,0.05,1304.0,
2021-02-26,1957753.0,62993791.0,31.5,32.65,31.35,32.15,-0.2,1142.0,
2021-03-02,5691127.0,187709634.0,32.8,33.4,32.15,33.2,1.05,2960.0,
2021-03-03,37647940.0,1327086973.0,33.75,36.5,33.2,33.8,0.6,16342.0,
2021-03-04,7322818.0,247345450.0,33.6,34.5,33.2,33.25,-0.55,3922.0,
2021-03-05,3835571.0,127428063.0,32.8,34.0,32.6,33.05,-0.2,2304.0,
2021-03-08,4747391.0,155502396.0,33.15,33.75,31.7,32.15,-0.9,2821.0,
2021-03-09,2619899.0,83202593.0,32.0,32.45,31.2,31.9,-0.25,1532.0,
2021-03-10,2710886.0,87476045.0,32.35,33.0,31.7,31.9,0.0,1638.0,
2021-03-11,4624372.0,152795168.0,32.2,33.6,32.1,33.35,1.45,2466.0,
2021-03-12,4462866.0,149879823.0,33.65,34.0,32.9,34.0,0.65,2447.0,
2021-03-15,6065533.0,208367368.0,34.0,34.95,33.65,34.3,0.3,3440.0,
2021-03-16,3642824.0,124452630.0,34.8,34.85,33.6,33.95,-0.35,2153.0,
2021-03-17,11155856.0,388880682.0,34.25,35.8,33.8,35.05,1.1,5870.0,
2021-03-18,6497856.0,227522185.0,35.1,35.65,34.35,35.35,0.3,3513.0,
2021-03-19,12057995.0,431975663.0,35.3,36.65,34.8,35.5,0.15,6240.0,
2021-03-22,20761390.0,778951372.0,36.95,38.5,36.6,38.0,2.5,10896.0,
2021-03-23,25690117.0,984762079.0,38.25,40.4,36.7,37.4,-0.6,13592.0,
2021-03-24,14762447.0,564140252.0,37.25,39.05,36.65,38.4,1.0,8003.0,
2021-03-25,9778993.0,371866624.0,38.4,39.15,37.1,37.5,-0.9,5363.0,
2021-03-26,5305927.0,197598988.0,37.3,37.95,36.7,37.3,-0.2,2950.0,
2021-03-29,5967605.0,226477499.0,37.7,38.6,37.15,37.95,0.65,3376.0,
2021-03-30,8508154.0,328108698.0,38.05,39.7,37.65,39.7,1.75,4241.0,
2021-03-31,11065353.0,429840366.0,39.5,39.5,38.45,38.5,-1.2,5991.0,
2021-04-01,6481470.0,246696820.0,38.45,38.75,37.55,38.1,-0.4,3596.0,
2021-04-06,7271991.0,282343888.0,38.8,39.5,38.25,38.85,0.75,3841.0,
2021-04-07,7545911.0,296880698.0,39.3,39.9,38.6,39.25,0.4,4275.0,
2021-04-08,17244150.0,702580212.0,39.7,42.65,39.1,40.7,1.45,9088.0,
2021-04-09,8025887.0,320912318.0,40.65,41.15,39.35,39.55,-1.15,4667.0,
2021-04-12,17054936.0,701135605.0,39.55,42.4,39.4,40.75,1.2,8625.0,
2021-04-13,10858518.0,425900240.0,40.35,40.95,37.2,38.25,-2.5,6058.0,
2021-04-14,10125378.0,371075355.0,38.45,38.8,34.8,36.0,-2.25,5301.0,
2021-04-15,3104904.0,113612468.0,36.7,37.0,35.6,36.45,0.45,1608.0,
2021-04-16,3852340.0,140642145.0,36.7,37.3,36.1,36.5,0.05,2194.0,
2021-04-19,5338429.0,197412328.0,36.8,38.0,35.8,37.5,1.0,2988.0,
2021-04-20,6235856.0,239396848.0,37.5,39.25,37.05,39.0,1.5,3213.0,
2021-04-21,5912295.0,227632572.0,39.0,39.3,37.85,37.95,-1.05,3404.0,
2021-04-22,6078728.0,227268879.0,38.9,38.9,36.1,36.25,-1.7,3414.0,
2021-04-23,2689940.0,98866144.0,36.4,37.45,35.85,36.7,0.45,1675.0,
2021-04-26,2872350.0,105470220.0,37.2,37.35,36.2,36.7,0.0,1708.0,
2021-04-27,2317217.0,84922121.0,36.95,37.35,36.2,36.3,-0.4,1439.0,
2021-04-28,3018244.0,109028306.0,36.0,36.7,35.5,36.0,-0.3,1588.0,
2021-04-29,2283466.0,81323377.0,36.4,36.5,35.15,35.15,-0.85,1499.0,
2021-05-03,5745678.0,189404374.0,35.15,35.15,31.85,32.2,-2.95,3203.0,
2021-05-04,4795190.0,145004992.0,32.4,32.7,29.0,30.3,-1.9,2694.0,
2021-05-05,2341780.0,71428921.0,30.1,31.35,29.6,29.8,-0.5,1256.0,
2021-05-06,2701578.0,80694810.0,29.85,30.55,29.1,29.25,-0.55,1227.0,
2021-05-07,5055686.0,160239804.0,30.5,32.15,30.15,32.15,2.9,2489.0,
2021-05-10,4557274.0,138239875.0,31.0,31.15,29.95,30.05,-2.1,2689.0,
2021-05-11,4061626.0,114404680.0,29.0,29.3,27.25,27.5,-2.55,2093.0,
2021-05-12,5345541.0,139219988.0,27.5,28.0,24.75,25.35,-2.15,2519.0,
2021-05-13,4531611.0,119745108.0,24.3,27.8,24.15,26.8,1.45,2689.0,
2021-05-14,2694141.0,72926573.0,27.5,28.1,26.2,26.5,-0.3,1456.0,
2021-05-17,6201825.0,161943403.0,23.85,27.9,23.85,25.3,-1.2,3146.0,
2021-05-18,3427661.0,92236881.0,25.8,27.8,25.65,27.8,2.5,1859.0,
2021-05-19,2228055.0,62031810.0,27.5,28.5,27.2,28.0,0.2,1280.0,
2021-05-20,1682503.0,46927879.0,28.15,28.6,27.2,27.35,-0.65,966.0,
2021-05-21,3720298.0,105768724.0,28.45,29.9,27.7,28.35,1.0,1873.0,
2021-05-24,1465871.0,41806635.0,27.85,29.05,27.55,28.85,0.5,873.0,
2021-05-25,3600873.0,106224702.0,29.55,29.95,29.0,29.35,0.5,1419.0,
2021-05-26,8532042.0,258992491.0,29.9,31.4,29.35,30.65,1.3,4284.0,
2021-05-27,4951988.0,147426669.0,29.8,30.5,29.4,29.55,-1.1,2764.0,
2021-05-28,2399114.0,72052871.0,29.8,30.45,29.75,30.0,0.45,1334.0,
2021-05-31,3149676.0,94694678.0,30.4,31.05,29.55,29.8,-0.2,1745.0,
2021-06-01,3450914.0,105410533.0,30.25,31.1,29.9,30.35,0.55,1764.0,
2021-06-02,2126346.0,63502945.0,30.7,30.75,29.4,29.6,-0.75,1195.0,
2021-06-03,1298001.0,38900494.0,29.8,30.35,29.6,29.95,0.35,712.0,
2021-06-04,1355688.0,39851217.0,29.55,29.75,29.05,29.2,-0.75,704.0,
2021-06-07,1189405.0,34413776.0,29.7,29.7,28.2,28.7,-0.5,695.0,
2021-06-08,845188.0,24729960.0,28.8,29.7,28.8,29.15,0.45,600.0,
2021-06-09,1589065.0,45464330.0,29.15,29.15,28.15,28.25,-0.9,859.0,
2021-06-10,1288339.0,36751822.0,28.65,29.1,28.1,28.25,0.0,769.0,
2021-06-11,1403136.0,40038362.0,28.75,29.1,28.15,28.25,0.0,780.0,
2021-06-15,1216787.0,34469134.0,28.5,28.65,28.0,28.45,0.2,534.0,
2021-06-16,1235870.0,34749159.0,28.6,28.6,27.7,27.85,-0.6,709.0,
2021-06-17,2379052.0,68425885.0,27.85,29.4,27.6,29.2,1.35,1257.0,
2021-06-18,2196915.0,63968211.0,29.3,29.8,28.7,28.8,-0.4,1251.0,
2021-06-21,1591883.0,44538695.0,28.4,28.5,27.7,27.85,-0.95,885.0,
2021-06-22,1253629.0,34768519.0,28.5,28.5,27.3,27.45,-0.4,734.0,
2021-06-23,1907903.0,54355490.0,27.5,28.95,27.5,28.65,1.2,1088.0,
2021-06-24,1525453.0,44354467.0,28.8,29.4,28.5,29.15,0.5,842.0,
2021-06-25,1078274.0,31282458.0,29.5,29.5,28.7,28.7,-0.45,691.0,
2021-06-28,971506.0,28007570.0,28.95,29.1,28.35,29.0,0.3,579.0,
2021-06-29,1317607.0,37719635.0,29.3,29.5,28.2,28.2,-0.8,678.0,
2021-06-30,1231911.0,34870356.0,28.25,28.55,28.1,28.15,-0.05,521.0,
2021-07-01,1690439.0,47061561.0,28.25,28.55,27.4,27.7,-0.45,908.0,
2021-07-02,1355363.0,38454753.0,28.15,28.85,27.7,28.25,0.55,720.0,
2021-07-05,1701175.0,49252559.0,28.65,29.35,28.25,29.1,0.85,871.0,
2021-07-06,3992771.0,116868789.0,29.6,30.05,28.4,28.45,-0.65,2080.0,
2021-07-07,1360382.0,39106899.0,28.65,29.15,28.3,28.65,0.2,704.0,
2021-07-08,2038890.0,59569563.0,28.9,29.55,28.8,29.15,0.5,942.0,
2021-07-09,1329892.0,38599403.0,28.6,29.4,28.55,28.9,-0.25,839.0,
2021-07-12,3377656.0,98641440.0,28.8,29.6,28.65,29.45,0.55,1562.0,
2021-07-13,3557603.0,103925461.0,29.8,29.8,28.55,28.6,-0.85,2030.0,
2021-07-14,1792478.0,50184634.0,29.1,29.1,27.65,27.7,-0.9,1098.0,
2021-07-15,920585.0,25757824.0,27.8,28.4,27.65,28.05,0.35,549.0,
2021-07-16,2323850.0,67112526.0,27.8,29.3,27.8,28.95,0.9,1216.0,
2021-07-19,897643.0,25812921.0,28.6,29.0,28.5,28.65,-0.3,535.0,
2021-07-20,1899282.0,52676407.0,28.5,28.5,27.3,27.45,-1.2,1088.0,
2021-07-21,2742490.0,73053830.0,27.85,28.15,25.8,26.05,-1.4,1602.0,
2021-07-22,3634897.0,100943292.0,26.35,28.4,26.35,27.6,1.55,2019.0,
2021-07-23,12774940.0,382897852.0,28.55,30.35,28.4,30.35,2.75,4969.0,
2021-07-26,27666249.0,897449282.0,31.0,33.35,31.0,33.35,3.0,13523.0,
2021-07-27,15078328.0,480234450.0,33.3,33.3,30.3,30.8,-2.55,8145.0,
2021-07-28,6011551.0,177582276.0,31.5,31.7,28.2,29.15,-1.65,3377.0,
2021-07-29,4904369.0,147072956.0,29.5,30.65,29.25,29.65,0.5,2788.0,
2021-07-30,9638269.0,300928580.0,29.25,32.25,29.25,30.55,0.9,5200.0,
2021-08-02,2957926.0,91360149.0,30.65,31.3,30.35,31.2,0.65,1706.0,
2021-08-03,4881235.0,154657233.0,31.3,32.2,30.9,31.45,0.25,2675.0,
2021-08-04,3650782.0,113782696.0,31.6,31.85,30.8,31.0,-0.45,2018.0,
2021-08-05,2890135.0,89068270.0,31.1,31.6,30.2,30.4,-0.6,1666.0,
2021-08-06,1750417.0,52138665.0,30.4,30.75,29.4,29.55,-0.85,1120.0,
2021-08-09,1903362.0,55119350.0,29.05,29.55,28.7,28.75,-0.8,1185.0,
2021-08-10,2571766.0,71633030.0,28.75,28.8,27.5,27.6,-1.15,1561.0,
2021-08-11,2032002.0,55534696.0,27.7,28.1,26.85,27.0,-0.6,1077.0,
2021-08-12,896233.0,24550294.0,27.3,27.85,27.1,27.35,0.35,460.0,
2021-08-13,4992897.0,142155181.0,28.15,29.3,27.6,28.3,0.95,3011.0,
2021-08-16,1761906.0,48685396.0,27.85,28.25,27.15,27.85,-0.45,953.0,
2021-08-17,1643593.0,44483138.0,28.05,28.05,26.05,26.05,-1.8,890.0,
2021-08-18,3043053.0,78340406.0,25.95,26.5,24.95,26.45,0.4,1447.0,
2021-08-19,1550052.0,39720883.0,26.45,26.45,25.15,25.2,-1.25,923.0,
2021-08-20,924678.0,23310258.0,25.2,25.8,25.0,25.0,-0.2,560.0,
2021-08-23,1022009.0,26497340.0,25.6,26.35,25.35,26.1,1.1,598.0,
2021-08-24,775699.0,20096642.0,26.55,26.55,25.35,25.8,-0.3,503.0,
2021-08-25,1739203.0,46566635.0,25.85,27.25,25.85,26.6,0.8,977.0,
2021-08-26,857438.0,22673835.0,26.85,26.9,26.2,26.35,-0.25,495.0,
2021-08-27,715888.0,19025270.0,26.55,26.9,26.3,26.45,0.1,458.0,
2021-08-30,410031.0,10949518.0,26.6,26.95,26.5,26.5,0.05,273.0,
2021-08-31,716532.0,19182608.0,26.7,27.1,26.6,26.65,0.15,429.0,
2021-09-01,1022926.0,27883083.0,27.2,27.5,26.9,27.35,0.7,590.0,
2021-09-02,710876.0,19084535.0,27.5,27.5,26.55,26.55,-0.8,446.0,
2021-09-03,560606.0,14964782.0,26.85,27.15,26.4,26.5,-0.05,371.0,
2021-09-06,1321039.0,33890018.0,26.5,26.5,25.15,25.2,-1.3,790.0,
2021-09-07,1078154.0,26843738.0,25.2,25.5,24.5,24.85,-0.35,584.0,
2021-09-08,1068703.0,26361132.0,24.85,25.2,24.3,24.4,-0.45,568.0,
2021-09-09,624960.0,15481793.0,24.3,25.1,24.3,24.95,0.55,388.0,
2021-09-10,497290.0,12467287.0,24.95,25.3,24.7,25.0,0.05,303.0,
2021-09-13,489189.0,12137180.0,25.0,25.2,24.65,24.7,-0.3,321.0,
2021-09-14,453564.0,11191469.0,24.75,25.0,24.5,24.6,-0.1,269.0,
2021-09-15,477465.0,11769574.0,24.6,24.9,24.45,24.55,-0.05,284.0,
2021-09-16,526443.0,12801396.0,24.65,24.75,24.0,24.15,-0.4,325.0,
2021-09-17,783805.0,19221698.0,24.15,24.95,24.1,24.9,0.75,345.0,
2021-09-22,640550.0,15435701.0,24.05,24.3,24.0,24.2,-0.7,340.0,
2021-09-23,539087.0,12955766.0,24.4,24.5,23.9,24.0,-0.2,310.0,
2021-09-24,646651.0,15863316.0,24.3,24.9,24.2,24.55,0.55,347.0,
2021-09-27,634235.0,15926788.0,24.55,25.4,24.55,25.25,0.7,374.0,
2021-09-28,532796.0,13133978.0,25.0,25.25,24.4,24.75,-0.5,298.0,
2021-09-29,877022.0,21043906.0,24.5,24.5,23.85,23.95,-0.8,468.0,
2021-09-30,1021865.0,24382818.0,24.2,24.3,23.5,24.15,0.2,539.0,
2021-10-01,972906.0,22709530.0,24.0,24.05,23.0,23.1,-1.05,573.0,
2021-10-04,1107320.0,24625674.0,23.15,23.5,21.6,21.6,-1.5,710.0,
2021-10-05,1022528.0,22231783.0,21.2,22.5,20.5,22.4,0.8,570.0,
2021-10-06,545611.0,11978993.0,22.15,22.6,21.6,21.75,-0.65,393.0,
2021-10-07,876582.0,20011935.0,22.0,23.2,22.0,23.05,1.3,517.0,
2021-10-08,364303.0,8408678.0,23.05,23.35,22.8,23.0,-0.05,277.0,
2021-10-12,401458.0,9039778.0,22.8,23.3,22.15,22.6,-0.4,301.0,
2021-10-13,405309.0,8937092.0,22.75,22.9,21.8,21.85,-0.75,300.0,
2021-10-14,406788.0,9020371.0,22.05,22.5,21.7,22.25,0.4,307.0,
2021-10-15,595842.0,13785212.0,22.5,23.5,22.5,23.4,1.15,521.0,
2021-10-18,331346.0,7774508.0,23.55,23.75,23.15,23.3,-0.1,231.0,
2021-10-19,727817.0,17464202.0,23.7,24.2,23.65,24.0,0.7,488.0,
2021-10-20,338667.0,8148331.0,24.4,24.4,23.8,24.15,0.15,210.0,
2021-10-21,548299.0,13315379.0,24.35,24.7,23.8,23.8,-0.35,424.0,
2021-10-22,399542.0,9642183.0,24.0,24.45,23.65,24.3,0.5,290.0,
2021-10-25,397455.0,9706197.0,24.4,24.65,24.05,24.35,0.05,265.0,
2021-10-26,482502.0,11840313.0,24.7,24.75,24.25,24.3,-0.05,330.0,
2021-10-27,521956.0,12906537.0,24.5,25.0,24.2,24.9,0.6,349.0,
2021-10-28,488706.0,12237864.0,24.95,25.35,24.75,24.75,-0.15,342.0,
2021-10-29,594212.0,14605801.0,25.1,25.1,24.4,24.4,-0.35,376.0,
2021-11-01,2000881.0,51118865.0,24.6,26.15,24.6,26.0,1.6,1269.0,
2021-11-02,1749947.0,44342957.0,26.0,26.15,24.6,24.7,-1.3,1167.0,
2021-11-03,567859.0,14150513.0,24.8,25.25,24.5,24.8,0.1,571.0,
2021-11-04,452060.0,11414199.0,25.3,25.6,25.05,25.15,0.35,307.0,
2021-11-05,437110.0,10944560.0,25.45,25.45,24.85,24.95,-0.2,269.0,
2021-11-08,544523.0,13391135.0,24.95,24.95,24.4,24.45,-0.5,380.0,
2021-11-09,597692.0,14983109.0,24.5,25.4,24.5,25.0,0.55,430.0,
2021-11-10,730928.0,18531247.0,24.9,25.6,24.85,25.4,0.4,426.0,
2021-11-11,340332.0,8565187.0,25.4,25.4,25.0,25.0,-0.4,242.0,
2021-11-12,493361.0,12311665.0,25.4,25.55,24.55,24.65,-0.35,366.0,
2021-11-15,600690.0,15134785.0,24.65,25.45,24.65,25.1,0.45,406.0,
2021-11-16,1025601.0,26109141.0,25.3,25.75,25.15,25.15,0.05,583.0,
2021-11-17,757977.0,19091415.0,25.15,25.5,24.8,25.25,0.1,410.0,
2021-11-18,904213.0,23016750.0,25.65,25.9,25.15,25.35,0.1,505.0,
2021-11-19,918843.0,23461185.0,25.5,25.85,25.25,25.3,-0.05,505.0,
2021-11-22,1151035.0,29640772.0,25.55,26.0,25.4,25.65,0.35,595.0,
2021-11-23,6648586.0,180849375.0,25.65,28.1,25.4,26.15,0.5,3704.0,
2021-11-24,2226675.0,57395841.0,26.0,26.2,25.35,25.65,-0.5,1370.0,
2021-11-25,1677697.0,42231845.0,25.9,25.95,24.8,24.85,-0.8,1045.0,
